read_id	call	best_target	identity
PX207096.1	AMF	MT832157_Paraglomus_occultum	97.8
PX207097.1	AMF	MT832157_Paraglomus_occultum	98.1
PX207098.1	AMF	MT832157_Paraglomus_occultum	97.8
PX207099.1	AMF	MT832157_Paraglomus_occultum	98.0
PX207100.1	AMF	MT832157_Paraglomus_occultum	98.1
PX207101.1	AMF	MT832166_Ambispora_leptoticha	98.7
PX207102.1	AMF	MT832166_Ambispora_leptoticha	98.9
PX207103.1	AMF	MT832166_Ambispora_leptoticha	98.7
PX207104.1	AMF	MT832166_Ambispora_leptoticha	98.7
PX207105.1	AMF	MT832166_Ambispora_leptoticha	98.4
PX207106.1	AMF	MT832166_Ambispora_leptoticha	98.4
PX207107.1	AMF	FN547665_Diversispora_arenaria	95.3
PX207108.1	AMF	FN547665_Diversispora_arenaria	95.3
PX207109.1	AMF	FN547665_Diversispora_arenaria	95.3
PX207110.1	AMF	FN547665_Diversispora_arenaria	95.3
PX207111.1	AMF	FN547665_Diversispora_arenaria	95.3
PX207112.1	AMF	FN547665_Diversispora_arenaria	95.5
PX207113.1	AMF	FN547665_Diversispora_arenaria	95.4
PX207114.1	AMF	FN547665_Diversispora_arenaria	95.5
PX207115.1	AMF	FN547665_Diversispora_arenaria	95.3
PX207116.1	AMF	FN547665_Diversispora_arenaria	95.3
PX207117.1	AMF	FN547665_Diversispora_arenaria	95.3
PX207118.1	AMF	MT832222_Cetraspora_pellucida	96.3
PX207119.1	AMF	MT832222_Cetraspora_pellucida	96.3
PX207120.1	AMF	MT832222_Cetraspora_pellucida	96.3
PX207121.1	AMF	MT832222_Cetraspora_pellucida	96.3
PX207122.1	AMF	MT832222_Cetraspora_pellucida	96.3
PX207123.1	AMF	MT832222_Cetraspora_pellucida	96.2
PX207124.1	AMF	MT832222_Cetraspora_pellucida	96.3
PX207125.1	AMF	MT832222_Cetraspora_pellucida	96.3
PX207126.1	AMF	MT832222_Cetraspora_pellucida	96.3
PX207127.1	AMF	MT832222_Cetraspora_pellucida	96.5
PX207128.1	AMF	FN547573_Gigaspora_rosea	96.6
PX207129.1	AMF	FN547573_Gigaspora_rosea	96.6
PX207130.1	AMF	FN547573_Gigaspora_rosea	96.6
PX207131.1	AMF	FN547573_Gigaspora_rosea	96.6
PX207132.1	AMF	FN547573_Gigaspora_rosea	96.6
PX207133.1	AMF	FN547573_Gigaspora_rosea	96.6
PX207134.1	AMF	FN547573_Gigaspora_rosea	96.6
PX207135.1	AMF	MT832234_Gigaspora_albida	99.2
PX207136.1	AMF	MT832234_Gigaspora_albida	98.1
PX207137.1	AMF	MT832234_Gigaspora_albida	98.1
PX207138.1	AMF	MT832234_Gigaspora_albida	97.4
PX207139.1	AMF	MT832237_Gigaspora_gigantea	98.1
PX207140.1	AMF	MT832237_Gigaspora_gigantea	98.1
PX207141.1	AMF	MT832237_Gigaspora_gigantea	97.6
PX207142.1	AMF	FN547573_Gigaspora_rosea	96.3
PX207143.1	AMF	MT832234_Gigaspora_albida	97.8
PX207144.1	AMF	MT832185_Sclerocystis_sinuosa	99.4
PX207145.1	AMF	MT832185_Sclerocystis_sinuosa	99.4
PX207146.1	AMF	MT832185_Sclerocystis_sinuosa	99.4
PX207147.1	AMF	MT832185_Sclerocystis_sinuosa	99.4
PX207148.1	AMF	MT832185_Sclerocystis_sinuosa	99.4
PX207149.1	AMF	MT832185_Sclerocystis_sinuosa	99.4
PX207150.1	AMF	MT832185_Sclerocystis_sinuosa	100.0
PX207151.1	AMF	MT832185_Sclerocystis_sinuosa	99.6
PX207152.1	AMF	MT832185_Sclerocystis_sinuosa	99.6
PX207153.1	AMF	MT832185_Sclerocystis_sinuosa	99.6
PX207154.1	AMF	MT832185_Sclerocystis_sinuosa	99.6
PX207155.1	AMF	MT832185_Sclerocystis_sinuosa	99.4
PX207156.1	AMF	MT832185_Sclerocystis_sinuosa	99.1
PX207157.1	AMF	MT832185_Sclerocystis_sinuosa	99.1
PX207158.1	AMF	MT832185_Sclerocystis_sinuosa	99.3
PX207159.1	AMF	MT832185_Sclerocystis_sinuosa	99.3
PX207160.1	AMF	MT832185_Sclerocystis_sinuosa	99.1
PX207161.1	AMF	MT832185_Sclerocystis_sinuosa	99.1
PX207162.1	AMF	MT832195_Rhizophagus_irregularis	95.5
PX207163.1	AMF	MT832195_Rhizophagus_irregularis	95.5
PX207164.1	AMF	MT832195_Rhizophagus_irregularis	95.5
PX207165.1	AMF	MT832195_Rhizophagus_irregularis	95.5
PX207166.1	AMF	MT832194_Rhizophagus_irregularis	97.7
PX207167.1	AMF	MT832194_Rhizophagus_irregularis	97.7
PX207168.1	AMF	MT832194_Rhizophagus_irregularis	97.4
PX207169.1	AMF	MT832194_Rhizophagus_irregularis	97.4
PX207170.1	AMF	MT832194_Rhizophagus_irregularis	97.4
PX207171.1	AMF	MT832194_Rhizophagus_irregularis	97.0
PX207172.1	AMF	MT832194_Rhizophagus_irregularis	97.0
PX207173.1	AMF	MT832194_Rhizophagus_irregularis	97.2
PX207174.1	AMF	MT832195_Rhizophagus_irregularis	97.1
PX207175.1	AMF	MT832195_Rhizophagus_irregularis	97.1
PX207176.1	AMF	MT832195_Rhizophagus_irregularis	97.1
PX207177.1	AMF	MT832195_Rhizophagus_irregularis	97.1
PX207178.1	AMF	MT832195_Rhizophagus_irregularis	97.0
PX207179.1	AMF	MT832195_Rhizophagus_irregularis	97.0
PX207180.1	AMF	MT832195_Rhizophagus_irregularis	97.0
PX207181.1	AMF	MT832195_Rhizophagus_irregularis	97.0
PX207182.1	AMF	MT832195_Rhizophagus_irregularis	97.0
PX207183.1	AMF	MT832195_Rhizophagus_irregularis	97.0
PX207184.1	AMF	MT832195_Rhizophagus_irregularis	97.5
PX207185.1	AMF	MT832195_Rhizophagus_irregularis	97.5
PX207186.1	AMF	MT832195_Rhizophagus_irregularis	97.5
PX207187.1	AMF	MT832195_Rhizophagus_irregularis	97.5
PX207188.1	AMF	MT832195_Rhizophagus_irregularis	97.5
PX207189.1	AMF	MT832195_Rhizophagus_irregularis	97.5
PX207190.1	AMF	MT832187_Rhizophagus_intraradices	92.1
PX207191.1	AMF	MT832187_Rhizophagus_intraradices	92.1
PX207192.1	AMF	MT832187_Rhizophagus_intraradices	92.1
PX207193.1	AMF	MT832187_Rhizophagus_intraradices	92.1
PX207194.1	AMF	MT832189_Rhizophagus_intraradices	99.1
PX207195.1	AMF	MT832187_Rhizophagus_intraradices	94.0
PX207196.1	AMF	MT832187_Rhizophagus_intraradices	94.0
PX207197.1	AMF	MT832187_Rhizophagus_intraradices	94.2
PX207198.1	AMF	MT832188_Rhizophagus_intraradices	99.7
PX207199.1	AMF	MT832188_Rhizophagus_intraradices	99.7
PX207200.1	AMF	MT832188_Rhizophagus_intraradices	99.7
PX207201.1	AMF	MT832188_Rhizophagus_intraradices	99.9
PX207202.1	AMF	MT832188_Rhizophagus_intraradices	99.9
PX207203.1	AMF	MT832188_Rhizophagus_intraradices	99.9
PX207204.1	AMF	MT832188_Rhizophagus_intraradices	98.8
PX207205.1	AMF	MT832188_Rhizophagus_intraradices	99.0
PX207206.1	AMF	FM992391_Rhizophagus_proliferus	99.9
PX207207.1	AMF	FM992391_Rhizophagus_proliferus	99.9
PX207208.1	AMF	FM992391_Rhizophagus_proliferus	99.9
PX207209.1	AMF	FM992400_Rhizophagus_proliferus	98.5
PX207210.1	AMF	FM992400_Rhizophagus_proliferus	99.9
PX207211.1	AMF	FM992400_Rhizophagus_proliferus	99.9
PX207212.1	AMF	FR750203_Glomus_spe	99.3
PX207213.1	AMF	FR750203_Glomus_spe	99.7
PX207214.1	AMF	FR750203_Glomus_spe	98.4
PX207215.1	AMF	FR750203_Glomus_spe	99.5
PX207216.1	AMF	FR750203_Glomus_spe	99.3
PX207217.1	AMF	FR750203_Glomus_spe	99.7
PX207218.1	AMF	FR750203_Glomus_spe	99.7
PX207219.1	AMF	MT832181_Funneliformis_mosseae	98.8
PX207220.1	AMF	MT832181_Funneliformis_mosseae	98.8
PX207221.1	AMF	MT832182_Funneliformis_mosseae	98.7
PX207222.1	AMF	MT832182_Funneliformis_mosseae	98.8
PX207223.1	AMF	MT832182_Funneliformis_mosseae	98.8
PX207224.1	AMF	MT832181_Funneliformis_mosseae	99.0
PX207225.1	AMF	MT832181_Funneliformis_mosseae	99.0
PX207226.1	AMF	MT832182_Funneliformis_mosseae	99.0
PX207227.1	AMF	MT832182_Funneliformis_mosseae	99.0
PX207228.1	AMF	MT832182_Funneliformis_mosseae	99.4
PX207229.1	AMF	MT832182_Funneliformis_mosseae	99.4
PX207230.1	AMF	MT832182_Funneliformis_mosseae	99.4
PX207231.1	AMF	MT832182_Funneliformis_mosseae	99.4
PX207232.1	AMF	MT832182_Funneliformis_mosseae	99.4
PX207233.1	AMF	MT832182_Funneliformis_mosseae	99.4
PX207234.1	AMF	MT832181_Funneliformis_mosseae	99.0
PX207235.1	AMF	MT832181_Funneliformis_mosseae	99.0
PX207236.1	AMF	MT832181_Funneliformis_mosseae	98.7
PX207237.1	AMF	MT832181_Funneliformis_mosseae	98.7
PX207238.1	AMF	MT832182_Funneliformis_mosseae	99.1
PX207239.1	AMF	MT832182_Funneliformis_mosseae	99.1
PX207240.1	AMF	MT832181_Funneliformis_mosseae	98.8
PX207241.1	AMF	MT832181_Funneliformis_mosseae	98.8
PX207242.1	AMF	MT832181_Funneliformis_mosseae	98.8
PX207243.1	AMF	MT832181_Funneliformis_mosseae	98.8
PX207244.1	AMF	MT832182_Funneliformis_mosseae	99.3
PX207245.1	AMF	MT832182_Funneliformis_mosseae	99.3
PX207246.1	AMF	MT832181_Funneliformis_mosseae	99.0
PX207247.1	AMF	MT832181_Funneliformis_mosseae	98.8
PX207248.1	AMF	MT832181_Funneliformis_mosseae	98.8
PX207249.1	AMF	MT832181_Funneliformis_mosseae	99.0
PX207250.1	AMF	MT832181_Funneliformis_mosseae	99.0
PX207251.1	AMF	MT832181_Funneliformis_mosseae	99.0
PX207252.1	AMF	MT832181_Funneliformis_mosseae	99.0
PX207253.1	AMF	MT832181_Funneliformis_mosseae	99.0
PX207254.1	AMF	MT832182_Funneliformis_mosseae	99.3
PX207255.1	AMF	MT832182_Funneliformis_mosseae	99.3
PX207256.1	AMF	MT832182_Funneliformis_mosseae	99.4
PX207257.1	AMF	MT832182_Funneliformis_mosseae	99.4
PX207258.1	AMF	MT832175_Septoglomus_constrictum	95.7
PX207259.1	AMF	MT832175_Septoglomus_constrictum	94.4
PX207260.1	AMF	MT832175_Septoglomus_constrictum	94.8
PX207261.1	AMF	MT832175_Septoglomus_constrictum	94.5
PX207262.1	AMF	MT832175_Septoglomus_constrictum	94.5
PX207263.1	AMF	FJ461853.1_Septoglomus_viscosum	97.0
PX207264.1	AMF	FJ461853.1_Septoglomus_viscosum	97.0
PX207265.1	AMF	FJ461853.1_Septoglomus_viscosum	97.1
PX207266.1	AMF	FJ461853.1_Septoglomus_viscosum	97.1
PX207267.1	AMF	FJ461853.1_Septoglomus_viscosum	97.1
PX207268.1	AMF	FJ461853.1_Septoglomus_viscosum	97.4
PX207269.1	AMF	FJ461853.1_Septoglomus_viscosum	97.4
PX207270.1	AMF	FJ461853.1_Septoglomus_viscosum	97.4
PX207271.1	AMF	FJ461853.1_Septoglomus_viscosum	97.4
PX207272.1	AMF	FJ461853.1_Septoglomus_viscosum	97.4
PX207273.1	AMF	FJ461853.1_Septoglomus_viscosum	97.4
PX207274.1	AMF	FJ461853.1_Septoglomus_viscosum	97.4
PX214440.1	AMF	FN547496_Funneliformis_caledonius	100.0
PX214441.1	AMF	FN547496_Funneliformis_caledonius	99.7
PX214442.1	AMF	FN547496_Funneliformis_caledonius	99.3
PX214443.1	AMF	FN547496_Funneliformis_caledonius	99.3
PX214444.1	AMF	FN547496_Funneliformis_caledonius	99.3
PX214445.1	AMF	FN547496_Funneliformis_caledonius	99.3
PX214446.1	AMF	FN547496_Funneliformis_caledonius	99.6
PX214447.1	AMF	FN547496_Funneliformis_caledonius	99.2
PX214448.1	AMF	FN547496_Funneliformis_caledonius	99.3
PX214449.1	AMF	MT832180_Funneliformis_spe	98.6
PX214450.1	AMF	MT832180_Funneliformis_spe	98.4
PX214451.1	AMF	MT832180_Funneliformis_spe	98.7
PX214452.1	AMF	MT832180_Funneliformis_spe	98.7
PX214453.1	AMF	MT832180_Funneliformis_spe	98.7
PX214454.1	AMF	MT832180_Funneliformis_spe	98.0
PX214455.1	AMF	MT832180_Funneliformis_spe	98.4
PX214456.1	AMF	MT832180_Funneliformis_spe	98.1
PX214457.1	AMF	FM876794_Funneliformis_coronatus	98.3
PX214458.1	AMF	FM876794_Funneliformis_coronatus	98.1
PX214459.1	AMF	FM876794_Funneliformis_coronatus	98.3
PX214460.1	AMF	FM876794_Funneliformis_coronatus	98.1
PX214461.1	AMF	FM876794_Funneliformis_coronatus	98.0
PX214462.1	AMF	FM876794_Funneliformis_coronatus	98.5
PX214463.1	AMF	FM876794_Funneliformis_coronatus	98.5
PX214464.1	AMF	FM876794_Funneliformis_coronatus	98.7
PX214465.1	AMF	FM876794_Funneliformis_coronatus	98.7
PX214466.1	AMF	FM876794_Funneliformis_coronatus	98.7
PX214467.1	AMF	FM876794_Funneliformis_coronatus	98.7
PX214468.1	AMF	FM876794_Funneliformis_coronatus	98.5
PX214469.1	AMF	FM876794_Funneliformis_coronatus	98.9
PX214470.1	AMF	FM876794_Funneliformis_coronatus	98.8
PX214471.1	AMF	FM876794_Funneliformis_coronatus	98.8
PX214472.1	AMF	FM876794_Funneliformis_coronatus	98.7
PX214473.1	AMF	FM876794_Funneliformis_coronatus	99.2
PX214474.1	AMF	FM876794_Funneliformis_coronatus	99.1
PX214475.1	AMF	FM876794_Funneliformis_coronatus	98.9
PX214476.1	AMF	FM876794_Funneliformis_coronatus	98.9
PX214477.1	AMF	FM876794_Funneliformis_coronatus	99.2
PX214478.1	AMF	FM876794_Funneliformis_coronatus	99.3
PX214479.1	AMF	FM876794_Funneliformis_coronatus	99.1
PX214480.1	AMF	FM876794_Funneliformis_coronatus	99.3
PX214481.1	AMF	MT832181_Funneliformis_mosseae	98.8
PX214482.1	AMF	MT832181_Funneliformis_mosseae	98.8
PX214483.1	AMF	MT832181_Funneliformis_mosseae	98.8
PX214484.1	AMF	MT832181_Funneliformis_mosseae	99.0
PX214485.1	AMF	MT832181_Funneliformis_mosseae	98.8
PX214486.1	AMF	MT832181_Funneliformis_mosseae	98.6
PX214487.1	AMF	MT832182_Funneliformis_mosseae	98.6
PX214488.1	AMF	MT832181_Funneliformis_mosseae	98.8
PX214489.1	AMF	MT832181_Funneliformis_mosseae	99.0
PX214490.1	AMF	MT832181_Funneliformis_mosseae	98.8
PX214491.1	AMF	MT832181_Funneliformis_mosseae	99.3
PX214492.1	AMF	MT832181_Funneliformis_mosseae	99.0
PX214493.1	AMF	MT832181_Funneliformis_mosseae	98.8
PX214494.1	AMF	MT832182_Funneliformis_mosseae	99.4
PX214495.1	AMF	MT832181_Funneliformis_mosseae	98.7
PX214496.1	AMF	MT832181_Funneliformis_mosseae	98.7
PX214497.1	AMF	MT832181_Funneliformis_mosseae	98.8
PX214498.1	AMF	MT832181_Funneliformis_mosseae	99.0
PX214499.1	AMF	MT832181_Funneliformis_mosseae	99.4
PX214500.1	AMF	MT832181_Funneliformis_mosseae	99.4
PX214501.1	AMF	MT832181_Funneliformis_mosseae	99.3
PX214502.1	AMF	MT832181_Funneliformis_mosseae	99.4
PX214503.1	AMF	MT832181_Funneliformis_mosseae	99.7
PX214504.1	AMF	MT832181_Funneliformis_mosseae	99.0
PX214505.1	AMF	MT832181_Funneliformis_mosseae	99.1
PX214506.1	AMF	MT832181_Funneliformis_mosseae	99.1
PX214507.1	AMF	MT832181_Funneliformis_mosseae	99.1
PX214508.1	AMF	MT832181_Funneliformis_mosseae	99.3
PX214509.1	AMF	MT832181_Funneliformis_mosseae	99.1
PX214510.1	AMF	MT832181_Funneliformis_mosseae	99.3
PX214511.1	AMF	MT832181_Funneliformis_mosseae	99.1
PX214512.1	AMF	MT832181_Funneliformis_mosseae	99.3
PX214513.1	AMF	MT832181_Funneliformis_mosseae	99.1
PX214514.1	AMF	MT832181_Funneliformis_mosseae	99.1
PX214515.1	AMF	MT832181_Funneliformis_mosseae	99.0
PX214516.1	AMF	MT832181_Funneliformis_mosseae	99.0
PX214517.1	AMF	MT832181_Funneliformis_mosseae	99.0
PX214518.1	AMF	MT832181_Funneliformis_mosseae	98.8
PX214519.1	AMF	MT832181_Funneliformis_mosseae	98.8
PX214520.1	AMF	MT832181_Funneliformis_mosseae	98.8
PX214521.1	AMF	MT832181_Funneliformis_mosseae	99.0
PX214522.1	AMF	MT832181_Funneliformis_mosseae	98.6
PX214523.1	AMF	MT832181_Funneliformis_mosseae	98.6
PX214524.1	AMF	MT832181_Funneliformis_mosseae	98.8
PX214525.1	AMF	MT832181_Funneliformis_mosseae	98.6
PX214526.1	AMF	MT832181_Funneliformis_mosseae	98.8
PX214527.1	AMF	MT832181_Funneliformis_mosseae	99.0
PX214528.1	AMF	MT832181_Funneliformis_mosseae	98.7
PX214529.1	AMF	MT832182_Funneliformis_mosseae	98.8
PX214530.1	AMF	MT832181_Funneliformis_mosseae	98.7
PX214531.1	AMF	MT832181_Funneliformis_mosseae	98.7
PX214532.1	AMF	MT832181_Funneliformis_mosseae	99.0
PX214533.1	AMF	MT832182_Funneliformis_mosseae	98.6
PX214534.1	AMF	MT832182_Funneliformis_mosseae	98.6
PX214535.1	AMF	MT832181_Funneliformis_mosseae	99.3
PX214536.1	AMF	MT832181_Funneliformis_mosseae	99.0
PX214537.1	AMF	MT832181_Funneliformis_mosseae	98.7
PX214538.1	AMF	MT832181_Funneliformis_mosseae	98.7
PX214539.1	AMF	MT832181_Funneliformis_mosseae	98.7
PX214540.1	AMF	MT832181_Funneliformis_mosseae	99.0
PX214541.1	AMF	MT832182_Funneliformis_mosseae	99.1
PX214542.1	AMF	MT832181_Funneliformis_mosseae	99.1
PX214543.1	AMF	MT832181_Funneliformis_mosseae	99.1
PX214544.1	AMF	MT832181_Funneliformis_mosseae	98.1
PX214545.1	AMF	MT832181_Funneliformis_mosseae	98.3
PX214546.1	AMF	MT832181_Funneliformis_mosseae	98.6
PX214547.1	AMF	MT832181_Funneliformis_mosseae	98.6
PX214548.1	AMF	MT832181_Funneliformis_mosseae	98.4
PX214549.1	AMF	MT832181_Funneliformis_mosseae	98.8
PX214550.1	AMF	MT832181_Funneliformis_mosseae	98.8
PX214551.1	AMF	MT832181_Funneliformis_mosseae	98.7
PX214552.1	AMF	MT832181_Funneliformis_mosseae	98.7
PX214553.1	AMF	MT832181_Funneliformis_mosseae	98.6
PX214554.1	AMF	MT832181_Funneliformis_mosseae	98.6
PX214555.1	AMF	MT832181_Funneliformis_mosseae	98.6
PX214556.1	AMF	MT832181_Funneliformis_mosseae	98.7
PX214557.1	AMF	MT832181_Funneliformis_mosseae	98.7
PX214558.1	AMF	MT832181_Funneliformis_mosseae	98.7
PX214559.1	AMF	MT832181_Funneliformis_mosseae	99.0
PX214560.1	AMF	MT832181_Funneliformis_mosseae	99.0
PX214561.1	AMF	MT832181_Funneliformis_mosseae	99.0
PX214562.1	AMF	MT832181_Funneliformis_mosseae	98.6
PX214563.1	AMF	MT832181_Funneliformis_mosseae	98.6
PX214564.1	AMF	MT832181_Funneliformis_mosseae	98.4
PX214565.1	AMF	MT832181_Funneliformis_mosseae	98.6
PX214566.1	AMF	MT832181_Funneliformis_mosseae	98.8
PX214567.1	AMF	MT832181_Funneliformis_mosseae	98.7
PX214568.1	AMF	MT832181_Funneliformis_mosseae	98.7
PX214569.1	AMF	MT832181_Funneliformis_mosseae	98.7
PX214570.1	AMF	MT832181_Funneliformis_mosseae	97.7
PX214571.1	AMF	MT832181_Funneliformis_mosseae	98.4
PX214572.1	AMF	FJ461853.1_Septoglomus_viscosum	97.4
PX214573.1	AMF	FJ461853.1_Septoglomus_viscosum	97.5
PX214574.1	AMF	FJ461853.1_Septoglomus_viscosum	97.5
PX214575.1	AMF	FJ461853.1_Septoglomus_viscosum	97.4
PX214576.1	AMF	FJ461853.1_Septoglomus_viscosum	97.0
PX214577.1	AMF	FJ461853.1_Septoglomus_viscosum	97.7
PX214578.1	AMF	FJ461853.1_Septoglomus_viscosum	97.1
PX214579.1	AMF	FJ461853.1_Septoglomus_viscosum	97.7
PX214580.1	AMF	MT832179_Septoglomus_viscosum	97.1
PX214581.1	AMF	MT832179_Septoglomus_viscosum	97.1
PX214582.1	AMF	MT832179_Septoglomus_viscosum	97.1
PX214583.1	AMF	FJ461853.1_Septoglomus_viscosum	98.3
PX214584.1	AMF	MT832179_Septoglomus_viscosum	92.1
PX214585.1	AMF	MT832179_Septoglomus_viscosum	92.1
PX214586.1	AMF	MT832179_Septoglomus_viscosum	91.7
PX214587.1	AMF	MT832179_Septoglomus_viscosum	91.7
PX214588.1	AMF	MT832179_Septoglomus_viscosum	91.7
PX214589.1	AMF	MT832179_Septoglomus_viscosum	91.7
PX214590.1	AMF	MT832179_Septoglomus_viscosum	91.7
PX214591.1	AMF	MT832179_Septoglomus_viscosum	91.6
PX214592.1	AMF	MT832179_Septoglomus_viscosum	91.0
PX214593.1	AMF	MT832179_Septoglomus_viscosum	91.0
PX214594.1	AMF	MT832179_Septoglomus_viscosum	91.0
PX214595.1	AMF	MT832175_Septoglomus_constrictum	98.6
PX214596.1	AMF	MT832175_Septoglomus_constrictum	97.7
PX214597.1	AMF	MT832175_Septoglomus_constrictum	97.7
PX214598.1	AMF	MT832175_Septoglomus_constrictum	97.7
PX214599.1	AMF	MT832176_Septoglomus_constrictum	97.6
PX214600.1	AMF	MT832176_Septoglomus_constrictum	97.6
PX214601.1	AMF	MT832176_Septoglomus_constrictum	97.8
PX214602.1	AMF	MT832176_Septoglomus_constrictum	97.8
PX214603.1	AMF	MT832176_Septoglomus_constrictum	96.8
PX214604.1	AMF	MT832176_Septoglomus_constrictum	96.5
PX214605.1	AMF	MT832176_Septoglomus_constrictum	96.8
PX214606.1	AMF	MT832176_Septoglomus_constrictum	97.1
PX214607.1	AMF	MT832176_Septoglomus_constrictum	96.8
PX214608.1	AMF	MT832176_Septoglomus_constrictum	96.8
PX214609.1	AMF	MT832176_Septoglomus_constrictum	97.4
PX214610.1	AMF	MT832176_Septoglomus_constrictum	97.3
PX214611.1	AMF	MT832176_Septoglomus_constrictum	97.6
PX214612.1	AMF	MT832176_Septoglomus_constrictum	97.4
PX214613.1	AMF	MT832176_Septoglomus_constrictum	97.4
PX214614.1	AMF	MT832176_Septoglomus_constrictum	97.6
PX214615.1	AMF	FR750203_Glomus_spe	99.5
PX214616.1	AMF	FR750203_Glomus_spe	99.6
PX214617.1	AMF	FR750203_Glomus_spe	99.7
PX214618.1	AMF	FR750203_Glomus_spe	99.6
PX214619.1	AMF	FR750203_Glomus_spe	99.3
PX214620.1	AMF	FR750203_Glomus_spe	98.9
PX214621.1	AMF	FR750203_Glomus_spe	99.3
PX214622.1	AMF	FR750203_Glomus_spe	99.3
PX214623.1	AMF	FR750203_Glomus_spe	99.3
PX214624.1	AMF	FR750203_Glomus_spe	99.3
PX214625.1	AMF	FR750203_Glomus_spe	99.6
PX214626.1	AMF	FR750203_Glomus_spe	98.4
PX214627.1	AMF	FR750203_Glomus_spe	98.4
PX214628.1	AMF	FR750203_Glomus_spe	98.6
PX214629.1	AMF	FR750526_Glomus_macrocarpum	96.7
PX214630.1	AMF	FR750526_Glomus_macrocarpum	96.7
PX214631.1	AMF	FR750526_Glomus_macrocarpum	96.7
PX214632.1	AMF	FR750526_Glomus_macrocarpum	96.7
PX214633.1	AMF	FR750526_Glomus_macrocarpum	96.6
PX214634.1	AMF	FR750526_Glomus_macrocarpum	96.9
PX214635.1	AMF	FR750526_Glomus_macrocarpum	96.7
PX214636.1	AMF	FR750526_Glomus_macrocarpum	97.0
PX214637.1	AMF	FR750526_Glomus_macrocarpum	96.7
PX214638.1	AMF	FR750526_Glomus_macrocarpum	96.7
PX214639.1	AMF	FR750526_Glomus_macrocarpum	97.0
PX214640.1	AMF	FR750526_Glomus_macrocarpum	97.0
PX214641.1	AMF	FR750526_Glomus_macrocarpum	97.0
PX214642.1	AMF	FR750526_Glomus_macrocarpum	97.0
PX214643.1	AMF	FR750526_Glomus_macrocarpum	97.1
PX214644.1	AMF	FR750526_Glomus_macrocarpum	97.1
PX214645.1	AMF	FR750526_Glomus_macrocarpum	96.7
PX214646.1	AMF	FR750526_Glomus_macrocarpum	96.7
PX214647.1	AMF	FR750526_Glomus_macrocarpum	96.7
PX214648.1	AMF	FR750526_Glomus_macrocarpum	97.1
PX214649.1	AMF	FR750526_Glomus_macrocarpum	97.0
PX214650.1	AMF	FR750526_Glomus_macrocarpum	97.0
PX214651.1	AMF	FR750526_Glomus_macrocarpum	97.3
PX214652.1	AMF	FR750526_Glomus_macrocarpum	97.8
PX214653.1	AMF	FR750526_Glomus_macrocarpum	97.5
PX214654.1	AMF	FR750526_Glomus_macrocarpum	97.5
PX214655.1	AMF	FR750526_Glomus_macrocarpum	97.1
PX214656.1	AMF	FR750526_Glomus_macrocarpum	97.4
PX214657.1	AMF	FR750526_Glomus_macrocarpum	98.0
PX214658.1	AMF	FR750526_Glomus_macrocarpum	97.5
PX214659.1	AMF	FR750526_Glomus_macrocarpum	97.0
PX214660.1	AMF	FR750526_Glomus_macrocarpum	97.4
PX214661.1	AMF	FR750526_Glomus_macrocarpum	97.5
PX214662.1	AMF	FR750526_Glomus_macrocarpum	97.0
PX214663.1	AMF	FR750526_Glomus_macrocarpum	96.9
PX214664.1	AMF	FR750539_Glomus_macrocarpum	99.0
PX214665.1	AMF	FR750526_Glomus_macrocarpum	99.9
PX214666.1	AMF	FR750526_Glomus_macrocarpum	98.9
PX214667.1	AMF	FR750539_Glomus_macrocarpum	99.3
PX214668.1	AMF	FR750539_Glomus_macrocarpum	99.3
PX214669.1	AMF	FR750539_Glomus_macrocarpum	99.0
PX214670.1	AMF	FR750526_Glomus_macrocarpum	98.8
PX214671.1	AMF	FR750526_Glomus_macrocarpum	97.8
PX214672.1	AMF	FR750526_Glomus_macrocarpum	97.8
PX214673.1	AMF	FR750526_Glomus_macrocarpum	97.8
PX214674.1	AMF	FR750526_Glomus_macrocarpum	97.8
PX214675.1	AMF	FR750526_Glomus_macrocarpum	98.1
PX214676.1	AMF	FR750526_Glomus_macrocarpum	98.1
PX214677.1	AMF	FR750526_Glomus_macrocarpum	98.1
PX214678.1	AMF	FR750526_Glomus_macrocarpum	98.0
PX214679.1	AMF	FR750526_Glomus_macrocarpum	98.0
PX214680.1	AMF	FR750526_Glomus_macrocarpum	98.1
PX214681.1	AMF	FR750526_Glomus_macrocarpum	98.1
PX214682.1	AMF	FR750526_Glomus_macrocarpum	98.1
PX214683.1	AMF	FR750526_Glomus_macrocarpum	98.2
PX214684.1	AMF	FR750526_Glomus_macrocarpum	98.8
PX214685.1	AMF	FR750526_Glomus_macrocarpum	98.8
PX214686.1	AMF	FR750526_Glomus_macrocarpum	98.8
PX214687.1	AMF	FR750526_Glomus_macrocarpum	98.8
PX214688.1	AMF	FR750526_Glomus_macrocarpum	98.5
PX214689.1	AMF	FR750526_Glomus_macrocarpum	98.2
PX214690.1	AMF	FR750526_Glomus_macrocarpum	98.5
PX214691.1	AMF	FR750526_Glomus_macrocarpum	98.2
PX214692.1	AMF	FR750526_Glomus_macrocarpum	98.6
PX214693.1	AMF	FR750526_Glomus_macrocarpum	98.5
PX214694.1	AMF	FR750526_Glomus_macrocarpum	98.8
PX214695.1	AMF	FR750526_Glomus_macrocarpum	98.8
PX214696.1	AMF	FR750526_Glomus_macrocarpum	98.8
PX214697.1	AMF	FR750526_Glomus_macrocarpum	98.8
PX214698.1	AMF	FR750526_Glomus_macrocarpum	98.8
PX214699.1	AMF	FR750526_Glomus_macrocarpum	98.8
PX214700.1	AMF	FR750526_Glomus_macrocarpum	98.8
PX214701.1	AMF	FR750526_Glomus_macrocarpum	98.5
PX214702.1	AMF	FR750526_Glomus_macrocarpum	98.5
PX214703.1	AMF	FR750526_Glomus_macrocarpum	98.5
PX214704.1	AMF	FR750526_Glomus_macrocarpum	98.5
PX214705.1	AMF	FR750526_Glomus_macrocarpum	98.5
PX214706.1	AMF	FR750526_Glomus_macrocarpum	98.5
PX214707.1	AMF	FR750526_Glomus_macrocarpum	98.5
PX214708.1	AMF	FR750526_Glomus_macrocarpum	97.8
PX214709.1	AMF	FR750526_Glomus_macrocarpum	98.8
PX214710.1	AMF	FR750526_Glomus_macrocarpum	98.6
PX214711.1	AMF	FR750526_Glomus_macrocarpum	98.6
PX214712.1	AMF	FR750526_Glomus_macrocarpum	98.6
PX214713.1	AMF	FR750526_Glomus_macrocarpum	98.5
PX214714.1	AMF	FR750526_Glomus_macrocarpum	97.7
PX214715.1	AMF	FR750526_Glomus_macrocarpum	98.2
PX214716.1	AMF	FR750526_Glomus_macrocarpum	98.2
PX214717.1	AMF	FR750526_Glomus_macrocarpum	98.2
PX214718.1	AMF	FR750526_Glomus_macrocarpum	98.0
PX214719.1	AMF	FR750526_Glomus_macrocarpum	98.0
PX214720.1	AMF	FR750526_Glomus_macrocarpum	98.0
PX214721.1	AMF	FR750526_Glomus_macrocarpum	97.7
PX214722.1	AMF	FR750526_Glomus_macrocarpum	97.3
PX214723.1	AMF	FR750526_Glomus_macrocarpum	97.3
PX214724.1	AMF	FR750526_Glomus_macrocarpum	97.3
PX214725.1	AMF	FR750526_Glomus_macrocarpum	97.5
PX214726.1	AMF	FR750526_Glomus_macrocarpum	97.4
PX214727.1	AMF	FR750526_Glomus_macrocarpum	97.8
PX214728.1	AMF	FR750526_Glomus_macrocarpum	97.8
PX214729.1	AMF	FR750526_Glomus_macrocarpum	97.8
PX214730.1	AMF	FR750526_Glomus_macrocarpum	98.5
PX214731.1	AMF	FR750526_Glomus_macrocarpum	97.8
PX214732.1	AMF	FR750526_Glomus_macrocarpum	97.8
PX214733.1	AMF	FR750526_Glomus_macrocarpum	97.5
PX214734.1	AMF	FR750526_Glomus_macrocarpum	97.8
PX214735.1	AMF	FR750526_Glomus_macrocarpum	97.8
PX214736.1	AMF	FR750526_Glomus_macrocarpum	97.8
PX214737.1	AMF	FR750526_Glomus_macrocarpum	97.8
PX214738.1	AMF	FR750526_Glomus_macrocarpum	97.8
PX214739.1	AMF	FR750526_Glomus_macrocarpum	98.2
PX214740.1	AMF	FR750526_Glomus_macrocarpum	98.2
PX214741.1	AMF	FR750526_Glomus_macrocarpum	97.8
PX214742.1	AMF	FR750526_Glomus_macrocarpum	97.7
PX214743.1	AMF	FR750526_Glomus_macrocarpum	98.0
PX214744.1	AMF	FR750526_Glomus_macrocarpum	98.0
PX214745.1	AMF	FR750526_Glomus_macrocarpum	98.5
PX214746.1	AMF	KJ564157.1_Dominikia_achra	95.7
PX214747.1	AMF	KJ564157.1_Dominikia_achra	95.7
PX214748.1	AMF	KJ564157.1_Dominikia_achra	95.7
PX214749.1	AMF	KJ564157.1_Dominikia_achra	95.7
PX214750.1	AMF	KJ564157.1_Dominikia_achra	96.0
PX214751.1	AMF	KJ564162.1_Dominikia_achra	96.7
PX214752.1	AMF	KJ564157.1_Dominikia_achra	96.0
PX214753.1	AMF	KJ564157.1_Dominikia_achra	96.0
PX214754.1	AMF	KJ564157.1_Dominikia_achra	96.0
PX214755.1	AMF	KJ564166.1_Dominikia_indica	95.2
PX214756.1	AMF	KJ564166.1_Dominikia_indica	96.0
PX214757.1	AMF	KJ564166.1_Dominikia_indica	96.0
PX214758.1	AMF	KJ564166.1_Dominikia_indica	96.3
PX214759.1	AMF	KJ564166.1_Dominikia_indica	96.1
PX214760.1	AMF	KJ564166.1_Dominikia_indica	96.7
PX214761.1	AMF	MG710519.1_Microdominikia_litorea	98.2
PX214762.1	AMF	MG710519.1_Microdominikia_litorea	97.9
PX214763.1	AMF	MG710519.1_Microdominikia_litorea	96.4
PX214764.1	AMF	MG710519.1_Microdominikia_litorea	96.4
PX214765.1	AMF	MG710519.1_Microdominikia_litorea	96.4
PX214766.1	AMF	MG710519.1_Microdominikia_litorea	96.4
PX214767.1	AMF	MG710519.1_Microdominikia_litorea	96.4
PX214768.1	AMF	MG710519.1_Microdominikia_litorea	95.8
PX214769.1	AMF	MG710519.1_Microdominikia_litorea	96.8
PX214770.1	AMF	MG710519.1_Microdominikia_litorea	96.2
PX214771.1	AMF	MG710519.1_Microdominikia_litorea	96.5
PX214772.1	AMF	MG710519.1_Microdominikia_litorea	98.9
PX214773.1	AMF	MK875635.1_Nanoglomus_plukenetia	90.4
PX214774.1	AMF	MK875635.1_Nanoglomus_plukenetia	90.1
PX214775.1	AMF	MK875635.1_Nanoglomus_plukenetia	91.0
PX214776.1	AMF	MT832195_Rhizophagus_irregularis	95.5
PX214777.1	AMF	MT832195_Rhizophagus_irregularis	95.5
PX214778.1	AMF	MT832195_Rhizophagus_irregularis	95.5
PX214779.1	AMF	MT832195_Rhizophagus_irregularis	95.5
PX214780.1	AMF	MT832195_Rhizophagus_irregularis	95.5
PX214781.1	AMF	MT832195_Rhizophagus_irregularis	95.5
PX214782.1	AMF	MT832195_Rhizophagus_irregularis	95.5
PX214783.1	AMF	MT832195_Rhizophagus_irregularis	95.8
PX214784.1	AMF	MT832195_Rhizophagus_irregularis	95.8
PX214785.1	AMF	MT832195_Rhizophagus_irregularis	97.4
PX214786.1	AMF	MT832195_Rhizophagus_irregularis	97.4
PX214787.1	AMF	MT832195_Rhizophagus_irregularis	97.4
PX214788.1	AMF	MT832195_Rhizophagus_irregularis	97.4
PX214789.1	AMF	MT832195_Rhizophagus_irregularis	97.4
PX214790.1	AMF	MT832195_Rhizophagus_irregularis	97.5
PX214791.1	AMF	MT832195_Rhizophagus_irregularis	97.5
PX214792.1	AMF	MT832195_Rhizophagus_irregularis	97.1
PX214793.1	AMF	MT832195_Rhizophagus_irregularis	97.1
PX214794.1	AMF	MT832195_Rhizophagus_irregularis	97.1
PX214795.1	AMF	MT832195_Rhizophagus_irregularis	97.1
PX214796.1	AMF	MT832195_Rhizophagus_irregularis	97.7
PX214797.1	AMF	MT832195_Rhizophagus_irregularis	97.1
PX214798.1	AMF	MT832195_Rhizophagus_irregularis	97.5
PX214799.1	AMF	MT832195_Rhizophagus_irregularis	97.4
PX214800.1	AMF	MT832195_Rhizophagus_irregularis	97.4
PX214801.1	AMF	MT832195_Rhizophagus_irregularis	97.4
PX214802.1	AMF	MT832194_Rhizophagus_irregularis	97.2
PX214803.1	AMF	MT832194_Rhizophagus_irregularis	97.2
PX214804.1	AMF	MT832194_Rhizophagus_irregularis	99.6
PX214805.1	AMF	MT832194_Rhizophagus_irregularis	99.4
PX214806.1	AMF	MT832194_Rhizophagus_irregularis	97.8
PX214807.1	AMF	MT832194_Rhizophagus_irregularis	97.7
PX214808.1	AMF	MT832194_Rhizophagus_irregularis	97.7
PX214809.1	AMF	MT832194_Rhizophagus_irregularis	97.7
PX214810.1	AMF	MT832194_Rhizophagus_irregularis	97.7
PX214811.1	AMF	MT832194_Rhizophagus_irregularis	97.4
PX214812.1	AMF	MT832194_Rhizophagus_irregularis	97.4
PX214813.1	AMF	MT832195_Rhizophagus_irregularis	99.7
PX214814.1	AMF	MT832195_Rhizophagus_irregularis	99.7
PX214815.1	AMF	MT832195_Rhizophagus_irregularis	100.0
PX214816.1	AMF	MT832195_Rhizophagus_irregularis	98.5
PX214817.1	AMF	MT832195_Rhizophagus_irregularis	98.5
PX214818.1	AMF	MT832194_Rhizophagus_irregularis	95.6
PX214819.1	AMF	MT832194_Rhizophagus_irregularis	95.8
PX214820.1	AMF	MT832194_Rhizophagus_irregularis	94.9
PX214821.1	AMF	MT832194_Rhizophagus_irregularis	95.1
PX214822.1	AMF	MT832194_Rhizophagus_irregularis	95.3
PX214823.1	AMF	MT832194_Rhizophagus_irregularis	95.3
PX214824.1	AMF	MT832194_Rhizophagus_irregularis	95.2
PX214825.1	AMF	MT832194_Rhizophagus_irregularis	95.3
PX214826.1	AMF	MT832194_Rhizophagus_irregularis	95.8
PX214827.1	AMF	MT832194_Rhizophagus_irregularis	95.8
PX214828.1	AMF	MT832194_Rhizophagus_irregularis	95.8
PX214829.1	AMF	MT832194_Rhizophagus_irregularis	95.6
PX214830.1	AMF	MT832194_Rhizophagus_irregularis	95.8
PX214831.1	AMF	MT832194_Rhizophagus_irregularis	95.8
PX214832.1	AMF	MT832194_Rhizophagus_irregularis	95.6
PX214833.1	AMF	MT832194_Rhizophagus_irregularis	95.2
PX214834.1	AMF	MT832194_Rhizophagus_irregularis	95.2
PX214835.1	AMF	MT832194_Rhizophagus_irregularis	95.8
PX214836.1	AMF	MT832194_Rhizophagus_irregularis	96.5
PX214837.1	AMF	MT832194_Rhizophagus_irregularis	96.1
PX214838.1	AMF	MT832194_Rhizophagus_irregularis	95.9
PX214839.1	AMF	MT832194_Rhizophagus_irregularis	95.8
PX214840.1	AMF	MT832194_Rhizophagus_irregularis	95.6
PX214841.1	AMF	MT832194_Rhizophagus_irregularis	97.7
PX214842.1	AMF	MT832195_Rhizophagus_irregularis	95.5
PX214843.1	AMF	MT832195_Rhizophagus_irregularis	95.3
PX214844.1	AMF	MT832195_Rhizophagus_irregularis	94.5
PX214845.1	AMF	MT832195_Rhizophagus_irregularis	95.1
PX214846.1	AMF	MT832195_Rhizophagus_irregularis	95.1
PX214847.1	AMF	MT832195_Rhizophagus_irregularis	92.2
PX214848.1	AMF	MT832195_Rhizophagus_irregularis	92.2
PX214849.1	AMF	MT832195_Rhizophagus_irregularis	92.6
PX214850.1	AMF	MT832195_Rhizophagus_irregularis	93.0
PX214851.1	AMF	MT832195_Rhizophagus_irregularis	92.8
PX214852.1	AMF	MT832195_Rhizophagus_irregularis	92.6
PX214853.1	AMF	MT832195_Rhizophagus_irregularis	92.6
PX214854.1	AMF	MT832195_Rhizophagus_irregularis	92.5
PX214855.1	AMF	MT832195_Rhizophagus_irregularis	92.7
PX214856.1	AMF	MT832194_Rhizophagus_irregularis	95.8
PX214857.1	AMF	MT832194_Rhizophagus_irregularis	95.8
PX214858.1	AMF	MT832194_Rhizophagus_irregularis	95.8
PX214859.1	AMF	MT832194_Rhizophagus_irregularis	95.9
PX214860.1	AMF	MT832194_Rhizophagus_irregularis	95.6
PX214861.1	AMF	MT832194_Rhizophagus_irregularis	95.6
PX214862.1	AMF	MT832194_Rhizophagus_irregularis	95.5
PX214863.1	AMF	MT832195_Rhizophagus_irregularis	93.3
PX214864.1	AMF	MT832195_Rhizophagus_irregularis	93.3
PX214865.1	AMF	MT832195_Rhizophagus_irregularis	93.0
PX214866.1	AMF	MT832188_Rhizophagus_intraradices	99.7
PX214867.1	AMF	MT832188_Rhizophagus_intraradices	99.6
PX214868.1	AMF	MT832188_Rhizophagus_intraradices	99.9
PX214869.1	AMF	MT832188_Rhizophagus_intraradices	98.7
PX214870.1	AMF	MT832187_Rhizophagus_intraradices	94.2
PX214871.1	AMF	FR750072_Rhizophagus_fasciculatus	99.9
PX214872.1	AMF	FR750072_Rhizophagus_fasciculatus	99.9
PX214873.1	AMF	FR750072_Rhizophagus_fasciculatus	99.7
PX214874.1	AMF	FR750072_Rhizophagus_fasciculatus	99.6
PX214875.1	AMF	FR750072_Rhizophagus_fasciculatus	99.6
PX214876.1	AMF	FR750072_Rhizophagus_fasciculatus	99.7
PX214877.1	AMF	FR750072_Rhizophagus_fasciculatus	99.5
PX214878.1	AMF	FR750072_Rhizophagus_fasciculatus	99.5
PX214879.1	AMF	FR750072_Rhizophagus_fasciculatus	98.9
PX214880.1	AMF	MT832184_Oehlia_diaphana	98.7
PX214881.1	AMF	MT832184_Oehlia_diaphana	98.8
PX214882.1	AMF	MT832184_Oehlia_diaphana	99.3
PX214883.1	AMF	MT832184_Oehlia_diaphana	99.3
PX214884.1	AMF	MT832184_Oehlia_diaphana	99.3
PX214885.1	AMF	MT832184_Oehlia_diaphana	99.3
PX214886.1	AMF	MT832184_Oehlia_diaphana	99.0
PX214887.1	AMF	MT832183_Oehlia_diaphana	99.6
PX214888.1	AMF	MT832183_Oehlia_diaphana	99.6
PX214889.1	AMF	MT832184_Oehlia_diaphana	98.8
PX214890.1	AMF	MT832184_Oehlia_diaphana	99.0
PX214891.1	AMF	MT832184_Oehlia_diaphana	98.8
PX214892.1	AMF	MT832183_Oehlia_diaphana	98.5
PX214893.1	AMF	MT832184_Oehlia_diaphana	99.1
PX214894.1	AMF	MT832184_Oehlia_diaphana	99.0
PX214895.1	AMF	MT832184_Oehlia_diaphana	99.0
PX214896.1	AMF	MT832184_Oehlia_diaphana	98.4
PX214897.1	AMF	MT832184_Oehlia_diaphana	99.0
PX214898.1	AMF	MT832184_Oehlia_diaphana	99.0
PX214899.1	AMF	MT832184_Oehlia_diaphana	98.8
PX214900.1	AMF	MT832184_Oehlia_diaphana	98.7
PX214901.1	AMF	MT832183_Oehlia_diaphana	99.4
PX214902.1	AMF	MT832184_Oehlia_diaphana	99.0
PX214903.1	AMF	MT832184_Oehlia_diaphana	99.1
PX214904.1	AMF	MT832184_Oehlia_diaphana	99.0
PX214905.1	AMF	MT832183_Oehlia_diaphana	99.0
PX214906.1	AMF	MT832183_Oehlia_diaphana	99.1
PX214907.1	AMF	MT832183_Oehlia_diaphana	99.0
PX214908.1	AMF	MT832184_Oehlia_diaphana	99.0
PX214909.1	AMF	EF067888_Diversispora_eburnea	98.5
PX214910.1	AMF	EF067888_Diversispora_eburnea	98.1
PX214911.1	AMF	EF067888_Diversispora_eburnea	98.4
PX214912.1	AMF	EF067888_Diversispora_eburnea	98.4
PX214913.1	AMF	EF067888_Diversispora_eburnea	98.6
PX214914.1	AMF	EF067888_Diversispora_eburnea	98.9
PX214915.1	AMF	EF067888_Diversispora_eburnea	98.8
PX214916.1	AMF	EF067888_Diversispora_eburnea	98.8
PX214917.1	AMF	EF067888_Diversispora_eburnea	98.8
PX214918.1	AMF	EF067888_Diversispora_eburnea	98.8
PX214919.1	AMF	EF067888_Diversispora_eburnea	98.8
PX214920.1	AMF	EF067888_Diversispora_eburnea	99.3
PX214921.1	AMF	EF067888_Diversispora_eburnea	99.3
PX214922.1	AMF	EF067888_Diversispora_eburnea	98.5
PX214923.1	AMF	EF067888_Diversispora_eburnea	98.2
PX214924.1	AMF	AY639235_Diversispora_celata	99.0
PX214925.1	AMF	AY639235_Diversispora_celata	99.0
PX214926.1	AMF	AY639235_Diversispora_celata	98.9
PX214927.1	AMF	AY639235_Diversispora_celata	99.0
PX214928.1	AMF	AY639235_Diversispora_celata	98.9
PX214929.1	AMF	MT832219_Diversispora_trimurales	99.0
PX214930.1	AMF	MT832219_Diversispora_trimurales	98.8
PX214931.1	AMF	MT832219_Diversispora_trimurales	98.8
PX214932.1	AMF	MT832219_Diversispora_trimurales	96.1
PX214933.1	AMF	MT832219_Diversispora_trimurales	96.1
PX214934.1	AMF	EF067888_Diversispora_eburnea	93.4
PX214935.1	AMF	EF067888_Diversispora_eburnea	93.4
PX214936.1	AMF	EF067888_Diversispora_eburnea	93.2
PX214937.1	AMF	EF067888_Diversispora_eburnea	93.4
PX214938.1	AMF	EF067888_Diversispora_eburnea	93.7
PX214939.1	AMF	EF067888_Diversispora_eburnea	93.7
PX214940.1	AMF	EF067888_Diversispora_eburnea	93.2
PX214941.1	AMF	EF067888_Diversispora_eburnea	93.2
PX214942.1	AMF	MT832217_Diversispora_epigaea	100.0
PX214943.1	AMF	MT832217_Diversispora_epigaea	95.8
PX214944.1	AMF	MT832217_Diversispora_epigaea	95.6
PX214945.1	AMF	MT832217_Diversispora_epigaea	96.1
PX214946.1	AMF	MT832217_Diversispora_epigaea	95.9
PX214947.1	AMF	MT832217_Diversispora_epigaea	96.5
PX214948.1	AMF	MT832217_Diversispora_epigaea	96.7
PX214949.1	AMF	MT832217_Diversispora_epigaea	96.5
PX214950.1	AMF	MT832217_Diversispora_epigaea	96.5
PX214951.1	AMF	MT832217_Diversispora_epigaea	96.5
PX214952.1	AMF	MT832217_Diversispora_epigaea	96.2
PX214953.1	AMF	MT832217_Diversispora_epigaea	96.4
PX214954.1	AMF	MT832217_Diversispora_epigaea	96.7
PX214955.1	AMF	FR865445.1_Otospora_bareae	98.5
PX214956.1	AMF	FR865445.1_Otospora_bareae	98.5
PX214957.1	AMF	FR865445.1_Otospora_bareae	97.9
PX214958.1	AMF	FR865445.1_Otospora_bareae	98.3
PX214959.1	AMF	FR865445.1_Otospora_bareae	98.3
PX214960.1	AMF	FR865445.1_Otospora_bareae	98.3
PX214961.1	AMF	FR865445.1_Otospora_bareae	98.3
PX214962.1	AMF	FR865445.1_Otospora_bareae	98.3
PX214963.1	AMF	FR865445.1_Otospora_bareae	98.2
PX214964.1	AMF	FR865445.1_Otospora_bareae	98.2
PX214965.1	AMF	FR865445.1_Otospora_bareae	98.2
PX214966.1	AMF	FR865445.1_Otospora_bareae	98.2
PX214967.1	AMF	FR865445.1_Otospora_bareae	98.2
PX214968.1	AMF	FR865445.1_Otospora_bareae	98.2
PX214969.1	AMF	FR865445.1_Otospora_bareae	97.8
PX214970.1	AMF	FR865445.1_Otospora_bareae	97.8
PX214971.1	AMF	FR865445.1_Otospora_bareae	97.8
PX214972.1	AMF	FR865445.1_Otospora_bareae	97.8
PX214973.1	AMF	FR865445.1_Otospora_bareae	98.2
PX214974.1	AMF	FR865445.1_Otospora_bareae	98.2
PX214975.1	AMF	FR865445.1_Otospora_bareae	98.2
PX214976.1	AMF	FR865445.1_Otospora_bareae	98.2
PX214977.1	AMF	FR865445.1_Otospora_bareae	98.2
PX214978.1	AMF	FR865445.1_Otospora_bareae	98.3
PX214979.1	AMF	FR865445.1_Otospora_bareae	98.3
PX214980.1	AMF	FR865445.1_Otospora_bareae	98.5
PX214981.1	AMF	FR865445.1_Otospora_bareae	98.2
PX214982.1	AMF	FR865445.1_Otospora_bareae	98.0
PX214983.1	AMF	FR865445.1_Otospora_bareae	98.0
PX214984.1	AMF	FR865445.1_Otospora_bareae	98.3
PX214985.1	AMF	FR865445.1_Otospora_bareae	98.3
PX214986.1	AMF	FR865445.1_Otospora_bareae	98.0
PX214987.1	AMF	FR865445.1_Otospora_bareae	98.0
PX214988.1	AMF	FR865445.1_Otospora_bareae	98.0
PX214989.1	AMF	FR865445.1_Otospora_bareae	98.0
PX214990.1	AMF	FR865445.1_Otospora_bareae	98.0
PX214991.1	AMF	FR865445.1_Otospora_bareae	98.3
PX214992.1	AMF	FR865445.1_Otospora_bareae	98.3
PX214993.1	AMF	FR865445.1_Otospora_bareae	98.0
PX214994.1	AMF	FR865445.1_Otospora_bareae	97.6
PX214995.1	AMF	FR865445.1_Otospora_bareae	97.5
PX214996.1	AMF	FR865445.1_Otospora_bareae	97.6
PX214997.1	AMF	FR865445.1_Otospora_bareae	97.9
PX214998.1	AMF	FR865445.1_Otospora_bareae	97.8
PX214999.1	AMF	FR865445.1_Otospora_bareae	97.3
PX215000.1	AMF	FR865445.1_Otospora_bareae	97.3
PX215001.1	AMF	FR865445.1_Otospora_bareae	97.8
PX215002.1	AMF	FR865445.1_Otospora_bareae	97.8
PX215003.1	AMF	FR865445.1_Otospora_bareae	98.0
PX215004.1	AMF	FR865445.1_Otospora_bareae	98.0
PX215005.1	AMF	FR865445.1_Otospora_bareae	98.2
PX215006.1	AMF	FN547665_Diversispora_arenaria	95.7
PX215007.1	AMF	FN547665_Diversispora_arenaria	95.0
PX215008.1	AMF	FN547665_Diversispora_arenaria	95.8
PX215009.1	AMF	FN547665_Diversispora_arenaria	95.4
PX215010.1	AMF	FN547665_Diversispora_arenaria	95.3
PX215011.1	AMF	FN547665_Diversispora_arenaria	95.5
PX215012.1	AMF	FN547665_Diversispora_arenaria	95.3
PX215013.1	AMF	MT832211_Acaulospora_morrowiae	95.3
PX215014.1	AMF	MT832211_Acaulospora_morrowiae	95.9
PX215015.1	AMF	MT832211_Acaulospora_morrowiae	95.5
PX215016.1	AMF	MT832211_Acaulospora_morrowiae	96.0
PX215017.1	AMF	MT832212_Acaulospora_dilatata	96.2
PX215018.1	AMF	MT832211_Acaulospora_morrowiae	96.2
PX215019.1	AMF	MT832211_Acaulospora_morrowiae	95.9
PX215020.1	AMF	MT832211_Acaulospora_morrowiae	96.2
PX215021.1	AMF	MT832211_Acaulospora_morrowiae	96.3
PX215022.1	AMF	MT832211_Acaulospora_morrowiae	95.9
PX215023.1	AMF	MT832222_Cetraspora_pellucida	95.5
PX215024.1	AMF	MT832222_Cetraspora_pellucida	96.3
PX215025.1	AMF	MT832222_Cetraspora_pellucida	96.0
PX215026.1	AMF	MT832222_Cetraspora_pellucida	96.0
PX215027.1	AMF	MT832222_Cetraspora_pellucida	96.0
PX215028.1	AMF	MT832222_Cetraspora_pellucida	96.0
PX215029.1	AMF	MT832222_Cetraspora_pellucida	96.0
PX215030.1	AMF	MT832222_Cetraspora_pellucida	96.0
PX215031.1	AMF	MT832222_Cetraspora_pellucida	96.2
PX215032.1	AMF	MT832222_Cetraspora_pellucida	96.2
PX215033.1	AMF	MT832222_Cetraspora_pellucida	96.2
PX215034.1	AMF	MT832222_Cetraspora_pellucida	95.9
PX215035.1	AMF	MT832222_Cetraspora_pellucida	95.9
PX215036.1	AMF	MT832222_Cetraspora_pellucida	95.9
PX215037.1	AMF	MT832222_Cetraspora_pellucida	95.9
PX215038.1	AMF	MT832222_Cetraspora_pellucida	95.9
PX215039.1	AMF	MT832222_Cetraspora_pellucida	95.9
PX215040.1	AMF	MT832222_Cetraspora_pellucida	95.7
PX215041.1	AMF	MT832222_Cetraspora_pellucida	95.7
PX215042.1	AMF	MT832222_Cetraspora_pellucida	95.7
PX215043.1	AMF	MT832222_Cetraspora_pellucida	95.7
PX215044.1	AMF	MT832222_Cetraspora_pellucida	95.7
PX215045.1	AMF	MT832222_Cetraspora_pellucida	96.0
PX215046.1	AMF	MT832222_Cetraspora_pellucida	96.0
PX215047.1	AMF	MT832222_Cetraspora_pellucida	96.0
PX215048.1	AMF	MT832222_Cetraspora_pellucida	96.0
PX215049.1	AMF	MT832222_Cetraspora_pellucida	96.0
PX215050.1	AMF	MT832222_Cetraspora_pellucida	96.2
PX215051.1	AMF	MT832222_Cetraspora_pellucida	96.5
PX215052.1	AMF	MT832222_Cetraspora_pellucida	96.5
PX215053.1	AMF	MT832222_Cetraspora_pellucida	96.3
PX215054.1	AMF	MT832222_Cetraspora_pellucida	96.3
PX215055.1	AMF	MT832222_Cetraspora_pellucida	96.0
PX215056.1	AMF	MT832222_Cetraspora_pellucida	96.3
PX215057.1	AMF	MT832222_Cetraspora_pellucida	96.2
PX215058.1	AMF	MT832222_Cetraspora_pellucida	96.3
PX215059.1	AMF	MT832222_Cetraspora_pellucida	96.0
PX215060.1	AMF	MT832222_Cetraspora_pellucida	96.0
PX215061.1	AMF	MT832222_Cetraspora_pellucida	96.0
PX215062.1	AMF	MT832222_Cetraspora_pellucida	96.0
PX215063.1	AMF	MT832222_Cetraspora_pellucida	96.0
PX215064.1	AMF	MT832222_Cetraspora_pellucida	96.0
PX215065.1	AMF	MT832222_Cetraspora_pellucida	95.9
PX215066.1	AMF	MT832222_Cetraspora_pellucida	95.9
PX215067.1	AMF	MT832222_Cetraspora_pellucida	96.3
PX215068.1	AMF	MT832222_Cetraspora_pellucida	96.3
PX215069.1	AMF	MT832222_Cetraspora_pellucida	95.7
PX215070.1	AMF	MT832222_Cetraspora_pellucida	95.7
PX215071.1	AMF	MT832222_Cetraspora_pellucida	95.7
PX215072.1	AMF	MT832222_Cetraspora_pellucida	95.7
PX215073.1	AMF	FR750167_Dentiscutata_heterogama	98.5
PX215074.1	AMF	FR750167_Dentiscutata_heterogama	98.1
PX215075.1	AMF	FR750167_Dentiscutata_heterogama	98.7
PX215076.1	AMF	FR750167_Dentiscutata_heterogama	98.7
PX215077.1	AMF	MT832229_Dentiscutata_heterogama	99.2
PX215078.1	AMF	MT832229_Dentiscutata_heterogama	99.0
PX215079.1	AMF	MT832233_Gigaspora_rosea	96.8
PX215080.1	AMF	MT832233_Gigaspora_rosea	96.8
PX215081.1	AMF	MT832233_Gigaspora_rosea	96.8
PX215082.1	AMF	MT832233_Gigaspora_rosea	96.7
PX215083.1	AMF	MT832233_Gigaspora_rosea	96.8
PX215084.1	AMF	FN547573_Gigaspora_rosea	97.2
PX215085.1	AMF	FN547573_Gigaspora_rosea	97.2
PX215086.1	AMF	FN547573_Gigaspora_rosea	96.9
PX215087.1	AMF	FN547573_Gigaspora_rosea	96.9
PX215088.1	AMF	FN547573_Gigaspora_rosea	96.9
PX215089.1	AMF	FN547573_Gigaspora_rosea	96.3
PX215090.1	AMF	MT832234_Gigaspora_albida	97.9
PX215091.1	AMF	MT832234_Gigaspora_albida	97.9
PX215092.1	AMF	MT832234_Gigaspora_albida	97.9
PX215093.1	AMF	MT832234_Gigaspora_albida	97.9
PX215094.1	AMF	MT832234_Gigaspora_albida	97.9
PX215095.1	AMF	MT832234_Gigaspora_albida	97.9
PX215096.1	AMF	MT832234_Gigaspora_albida	98.1
PX215097.1	AMF	MT832234_Gigaspora_albida	98.1
PX215098.1	AMF	MT832234_Gigaspora_albida	97.4
PX215099.1	AMF	MT832234_Gigaspora_albida	97.4
PX215100.1	AMF	MT832234_Gigaspora_albida	98.4
PX215101.1	AMF	MT832237_Gigaspora_gigantea	98.2
PX215102.1	AMF	MT832234_Gigaspora_albida	97.3
PX215103.1	AMF	MT832234_Gigaspora_albida	99.2
PX215104.1	AMF	MT832234_Gigaspora_albida	98.1
PX215105.1	AMF	MT832234_Gigaspora_albida	97.8
PX215106.1	AMF	MT832234_Gigaspora_albida	96.3
PX215107.1	AMF	MT832234_Gigaspora_albida	96.3
PX215108.1	AMF	FN547573_Gigaspora_rosea	96.0
PX215109.1	AMF	MT832237_Gigaspora_gigantea	98.1
PX215110.1	AMF	MT832237_Gigaspora_gigantea	98.1
PX215111.1	AMF	MT832237_Gigaspora_gigantea	98.1
PX215112.1	AMF	MT832237_Gigaspora_gigantea	98.1
PX215113.1	AMF	MT832237_Gigaspora_gigantea	98.1
PX215114.1	AMF	MT832237_Gigaspora_gigantea	98.1
PX215115.1	AMF	FN547573_Gigaspora_rosea	96.6
PX215116.1	AMF	FN547573_Gigaspora_rosea	96.3
PX215117.1	AMF	FN547573_Gigaspora_rosea	94.1
PX215118.1	AMF	MT832166_Ambispora_leptoticha	97.6
PX215119.1	AMF	MT832166_Ambispora_leptoticha	97.6
PX215120.1	AMF	MT832166_Ambispora_leptoticha	97.6
PX215121.1	AMF	MT832166_Ambispora_leptoticha	98.1
PX215122.1	AMF	MT832166_Ambispora_leptoticha	97.5
PX215123.1	AMF	MT832166_Ambispora_leptoticha	97.5
PX215124.1	AMF	MT832166_Ambispora_leptoticha	97.6
PX215125.1	AMF	MT832166_Ambispora_leptoticha	97.6
PX215126.1	AMF	MT832166_Ambispora_leptoticha	97.5
PX215127.1	AMF	MT832166_Ambispora_leptoticha	97.6
PX215128.1	AMF	MT832166_Ambispora_leptoticha	97.6
PX215129.1	AMF	MT832166_Ambispora_leptoticha	97.5
PX215130.1	AMF	MT832166_Ambispora_leptoticha	97.5
PX215131.1	AMF	MT832166_Ambispora_leptoticha	97.5
PX215132.1	AMF	MT832166_Ambispora_leptoticha	97.6
PX215133.1	AMF	MT832166_Ambispora_leptoticha	97.6
PX215134.1	AMF	MT832166_Ambispora_leptoticha	97.5
PX215135.1	AMF	MT832166_Ambispora_leptoticha	97.8
PX215136.1	AMF	MT832166_Ambispora_leptoticha	97.6
PX215137.1	AMF	MT832166_Ambispora_leptoticha	97.5
PX215138.1	AMF	MT832166_Ambispora_leptoticha	97.3
PX215139.1	AMF	MT832166_Ambispora_leptoticha	98.7
PX215140.1	AMF	MT832166_Ambispora_leptoticha	98.7
PX215141.1	AMF	MT832166_Ambispora_leptoticha	98.1
PX215142.1	AMF	FR750049_Paraglomus_brasilianum	99.9
PX215143.1	AMF	FR750049_Paraglomus_brasilianum	99.9
PX215144.1	AMF	FR750049_Paraglomus_brasilianum	99.9
PX215145.1	AMF	FR750049_Paraglomus_brasilianum	99.9
PX215146.1	AMF	FR750049_Paraglomus_brasilianum	99.4
PX215147.1	AMF	FR750049_Paraglomus_brasilianum	99.4
PX215148.1	AMF	FR750049_Paraglomus_brasilianum	99.6
PX215149.1	AMF	FR750049_Paraglomus_brasilianum	99.1
PX215150.1	AMF	FR750049_Paraglomus_brasilianum	96.8
PX215151.1	AMF	FR750049_Paraglomus_brasilianum	96.8
PX215152.1	AMF	FR750049_Paraglomus_brasilianum	96.8
PX215153.1	AMF	FR750049_Paraglomus_brasilianum	96.8
PX215154.1	AMF	FR750049_Paraglomus_brasilianum	96.8
PX215155.1	AMF	FR750049_Paraglomus_brasilianum	96.8
PX215156.1	AMF	FR750049_Paraglomus_brasilianum	96.8
PX215157.1	AMF	FR750049_Paraglomus_brasilianum	96.8
PX215158.1	AMF	FR750049_Paraglomus_brasilianum	96.8
PX215159.1	AMF	FR750049_Paraglomus_brasilianum	96.8
PX215160.1	AMF	FR750049_Paraglomus_brasilianum	96.8
PX215161.1	AMF	FR750049_Paraglomus_brasilianum	96.8
PX215162.1	AMF	MT832157_Paraglomus_occultum	96.7
PX215163.1	AMF	MT832157_Paraglomus_occultum	97.0
PX215164.1	AMF	MT832157_Paraglomus_occultum	97.0
