asv	organism	code	lab	role	own_species_in_v4	prediction	inside	ITS_nearest_species	ITS_nearest_pct	ITS_own_pct	LSU_nearest_species	LSU_nearest_pct	LSU_own_pct	SSU_nearest_species	SSU_nearest_pct	SSU_own_pct
Dentiscutata_heterogama_FL728_KU_ASV1168_INVAM	Dentiscutata heterogama	FL728	KU	known species	Dentiscutata heterogama	outside own species' spread		Dentiscutata heterogama	6.42	6.42	Dentiscutata heterogama	0.74	0.74	Dentiscutata heterogama	0.0	0.0
Rhizophagus_clarus_FL879N_KU_ASV1378_INVAM	Rhizophagus clarus	FL879N	KU	novel species, genus in v4		not known (outside every v4 species)		Rhizophagus intraradices	15.95		Rhizophagus prolifer	6.24		Rhizophagus intraradices	2.39	
Rhizophagus_clarus_FL879N_KU_ASV1379_INVAM	Rhizophagus clarus	FL879N	KU	novel species, genus in v4		not known (outside every v4 species)		[Rhizoglomus] vesiculiferum	15.32		Rhizophagus intraradices	5.84		Rhizophagus intraradices	2.39	
Gigaspora_margarita_120_7A_KU_ASV1308_BeverSchultz	Gigaspora margarita	120_7A	KU	novel species, genus in v4		not known (outside every v4 species)		Gigaspora rosea	10.03		Gigaspora rosea	4.28		Gigaspora rosea	0.66	
Rhizophagus_clarus_FL879N_KU_ASV1380_INVAM	Rhizophagus clarus	FL879N	KU	novel species, genus in v4		not known (outside every v4 species)		Rhizophagus intraradices	15.52		Rhizophagus prolifer	6.11		Rhizophagus irregularis	2.39	
Paraglomus_brasilianum_FL710_19_KU_ASV1331_INVAM	Paraglomus brasilianum	FL710_19	KU	known species	Paraglomus brasilianum	known possible	Paraglomus brasilianum	Paraglomus brasilianum	0.0	0.0	Paraglomus brasilianum	0.0	0.0	Paraglomus brasilianum	0.0	0.0
Rhizophagus_clarus_FL879N_KU_ASV1381_INVAM	Rhizophagus clarus	FL879N	KU	novel species, genus in v4		not known (outside every v4 species)		Rhizophagus intraradices	15.52		Rhizophagus intraradices	6.25		Rhizophagus irregularis	2.39	
Rhizophagus_clarus_BR147B_KU_ASV1382_INVAM	Rhizophagus clarus	BR147B	KU	novel species, genus in v4		not known (outside every v4 species)		Rhizophagus prolifer	15.55		Rhizophagus intraradices	5.98		Rhizophagus irregularis	2.39	
Rhizophagus_clarus_BR147B_KU_ASV1383_INVAM	Rhizophagus clarus	BR147B	KU	novel species, genus in v4		not known (outside every v4 species)		Rhizophagus intraradices	15.95		Rhizophagus intraradices	5.98		Rhizophagus irregularis	2.39	
Funneliformis_mosseae_NC302C_KU_ASV1255_INVAM	Funneliformis mosseae	NC302C	KU	known species	Funneliformis mosseae	known possible	Funneliformis mosseae	Funneliformis mosseae	0.41	0.41	Funneliformis mosseae	0.27	0.27	Funneliformis mosseae	0.0	0.0
Gigaspora_gigantea_KS302_KU_ASV1304_INVAM	Gigaspora gigantea	KS302	KU	novel species, genus in v4		possible false known: inside Gigaspora rosea	Gigaspora rosea	Gigaspora rosea	1.24		Gigaspora rosea	0.15		Gigaspora rosea	0.0	
Rhizophagus_dimorphicus_FL912N_KU_ASV1391_INVAM	Rhizophagus dimorphicus	FL912N	KU	novel species, genus in v4		not known (outside every v4 species)		Rhizophagus irregularis	13.64		[Rhizoglomus] vesiculiferum	7.07		[Rhizoglomus] vesiculiferum	0.87	
Dentiscutata_erythropa_RI275_31_KU_ASV1149_INVAM	Dentiscutata erythropa	RI275_31	KU	novel species, genus in v4		not known (outside every v4 species)		Dentiscutata heterogama	6.67		Dentiscutata heterogama	2.37		Dentiscutata heterogama	0.66	
Gigaspora_margarita_NC114B_KU_ASV1053_INVAM	Gigaspora margarita	NC114B	KU	novel species, genus in v4		not known (outside every v4 species)		Gigaspora rosea	8.89		Gigaspora rosea	4.13		Gigaspora rosea	0.88	
Gigaspora_gigantea_KS302_KU_ASV1305_INVAM	Gigaspora gigantea	KS302	KU	novel species, genus in v4		possible false known: inside Gigaspora rosea	Gigaspora rosea	Gigaspora rosea	0.74		Gigaspora rosea	0.3		Gigaspora rosea	0.0	
Dentiscutata_erythropa_RI275_31_KU_ASV1150_INVAM	Dentiscutata erythropa	RI275_31	KU	novel species, genus in v4		not known (outside every v4 species)		Dentiscutata heterogama	7.16		Dentiscutata heterogama	1.78		Dentiscutata heterogama	0.44	
Funneliformis_mosseae_510_4A_KU_ASV1256_BeverSchultz	Funneliformis mosseae	510_4A	KU	known species	Funneliformis mosseae	known possible	Funneliformis mosseae	Funneliformis mosseae	0.0	0.0	Funneliformis mosseae	0.0	0.0	Funneliformis mosseae	0.0	0.0
Rhizophagus_clarus_FL879N_KU_ASV1384_INVAM	Rhizophagus clarus	FL879N	KU	novel species, genus in v4		not known (outside every v4 species)		Rhizophagus intraradices	15.3		Rhizophagus intraradices	5.57		Rhizophagus irregularis	2.61	
Rhizophagus_clarus_BR147B_KU_ASV1385_INVAM	Rhizophagus clarus	BR147B	KU	novel species, genus in v4		not known (outside every v4 species)		Rhizophagus intraradices	15.3		Rhizophagus prolifer	6.11		Rhizophagus irregularis	2.39	
Rhizophagus_clarus_BR147B_KU_ASV1386_INVAM	Rhizophagus clarus	BR147B	KU	novel species, genus in v4		not known (outside every v4 species)		Rhizophagus intraradices	15.52		Rhizophagus prolifer	5.97		Rhizophagus irregularis	2.39	
Dentiscutata_erythropa_RI275_31_KU_ASV1151_INVAM	Dentiscutata erythropa	RI275_31	KU	novel species, genus in v4		not known (outside every v4 species)		Dentiscutata heterogama	7.41		Dentiscutata heterogama	1.63		Dentiscutata heterogama	0.66	
Funneliformis_coronatum_MR101_KU_ASV1218_INVAM	Funneliformis coronatus	MR101	KU	known species	Funneliformis coronatus	outside own species' spread; inside Funneliformis mosseae	Funneliformis mosseae	Funneliformis mosseae	0.41	8.44	Funneliformis mosseae	0.0	3.09	Funneliformis mosseae	0.0	0.87
Funneliformis_coronatum_MR101_KU_ASV1219_INVAM	Funneliformis coronatus	MR101	KU	known species	Funneliformis coronatus	outside own species' spread; inside Funneliformis mosseae	Funneliformis mosseae	Funneliformis mosseae	0.0	7.91	Funneliformis mosseae	0.0	3.09	Funneliformis mosseae	0.0	0.87
Funneliformis_coronatum_MR101_KU_ASV1220_INVAM	Funneliformis coronatus	MR101	KU	known species	Funneliformis coronatus	outside own species' spread; inside Funneliformis mosseae	Funneliformis mosseae	Funneliformis mosseae	0.0	8.12	Funneliformis mosseae	0.13	3.23	Funneliformis mosseae	0.0	0.87
Funneliformis_mosseae_510_4A_KU_ASV1257_BeverSchultz	Funneliformis mosseae	510_4A	KU	known species	Funneliformis mosseae	known possible	Funneliformis mosseae	Funneliformis mosseae	0.2	0.2	Funneliformis mosseae	0.0	0.0	Funneliformis mosseae	0.0	0.0
Rhizophagus_clarus_FL879N_KU_ASV1387_INVAM	Rhizophagus clarus	FL879N	KU	novel species, genus in v4		not known (outside every v4 species)		Rhizophagus intraradices	14.66		Rhizophagus prolifer	5.97		Rhizophagus irregularis	2.61	
Dentiscutata_erythropa_RI275_31_KU_ASV1152_INVAM	Dentiscutata erythropa	RI275_31	KU	novel species, genus in v4		not known (outside every v4 species)		Dentiscutata heterogama	7.16		Dentiscutata heterogama	2.22		Dentiscutata heterogama	0.66	
Rhizophagus_clarus_BR147B_KU_ASV1388_INVAM	Rhizophagus clarus	BR147B	KU	novel species, genus in v4		not known (outside every v4 species)		Rhizophagus intraradices	15.3		Rhizophagus prolifer	6.11		Rhizophagus irregularis	2.39	
Gigaspora_margarita_NC114B_KU_ASV1003_INVAM	Gigaspora margarita	NC114B	KU	novel species, genus in v4		not known (outside every v4 species)		Gigaspora rosea	8.77		Gigaspora rosea	3.98		Gigaspora rosea	0.88	
Funneliformis_mosseae_NC302C_KU_ASV1258_INVAM	Funneliformis mosseae	NC302C	KU	known species	Funneliformis mosseae	known possible	Funneliformis mosseae	Funneliformis mosseae	0.0	0.0	Funneliformis mosseae	0.13	0.13	Funneliformis mosseae	0.0	0.0
Dentiscutata_erythropa_RI275_31_KU_ASV1153_INVAM	Dentiscutata erythropa	RI275_31	KU	novel species, genus in v4		not known (outside every v4 species)		Dentiscutata heterogama	6.67		Dentiscutata heterogama	1.63		Dentiscutata heterogama	0.66	
Funneliformis_mosseae_NC302C_KU_ASV1259_INVAM	Funneliformis mosseae	NC302C	KU	known species	Funneliformis mosseae	known possible	Funneliformis mosseae	Funneliformis mosseae	0.0	0.0	Funneliformis mosseae	0.0	0.0	Funneliformis mosseae	0.0	0.0
Paraglomus_brasilianum_FL710_19_KU_ASV1332_INVAM	Paraglomus brasilianum	FL710_19	KU	known species	Paraglomus brasilianum	known possible	Paraglomus brasilianum	Paraglomus brasilianum	0.0	0.0	Paraglomus brasilianum	0.0	0.0	Paraglomus brasilianum	0.0	0.0
Funneliformis_coronatum_MR101_KU_ASV1221_INVAM	Funneliformis coronatus	MR101	KU	known species	Funneliformis coronatus	outside own species' spread; inside Funneliformis mosseae	Funneliformis mosseae	Funneliformis mosseae	0.61	8.37	Funneliformis mosseae	0.0	3.09	Funneliformis mosseae	0.0	0.87
Funneliformis_mosseae_WY107_KU_ASV1228_INVAM	Funneliformis mosseae	WY107	KU	known species	Funneliformis mosseae	known possible	Funneliformis mosseae	Funneliformis mosseae	0.61	0.61	Funneliformis mosseae	0.27	0.27	Funneliformis mosseae	0.0	0.0
Rhizophagus_dimorphicus_FL912N_KU_ASV1392_INVAM	Rhizophagus dimorphicus	FL912N	KU	novel species, genus in v4		not known (outside every v4 species)		Rhizophagus silesianus	13.68		Rhizophagus irregularis	4.88		[Rhizoglomus] vesiculiferum	1.52	
Gigaspora_rosea_BR155B_KU_ASV1317_INVAM	Gigaspora rosea	BR155B	KU	known species	Gigaspora rosea	known possible	Gigaspora rosea	Gigaspora rosea	0.0	0.0	Gigaspora rosea	0.0	0.0	Gigaspora rosea	0.0	0.0
Funneliformis_mosseae_87_11_KU_ASV1260_BeverSchultz	Funneliformis mosseae	87_11	KU	known species	Funneliformis mosseae	known possible	Funneliformis mosseae	Funneliformis mosseae	0.0	0.0	Funneliformis mosseae	0.0	0.0	Funneliformis mosseae	0.0	0.0
Funneliformis_mosseae_NC302C_KU_ASV1261_INVAM	Funneliformis mosseae	NC302C	KU	known species	Funneliformis mosseae	known possible	Funneliformis mosseae	Funneliformis mosseae	0.2	0.2	Funneliformis mosseae	0.13	0.13	Funneliformis mosseae	0.0	0.0
Funneliformis_mosseae_87_11_KU_ASV1262_BeverSchultz	Funneliformis mosseae	87_11	KU	known species	Funneliformis mosseae	known possible	Funneliformis mosseae	Funneliformis mosseae	0.82	0.82	Funneliformis mosseae	0.0	0.0	Funneliformis mosseae	0.0	0.0
Gigaspora_gigantea_KS302_KU_ASV1306_INVAM	Gigaspora gigantea	KS302	KU	novel species, genus in v4		possible false known: inside Gigaspora rosea	Gigaspora rosea	Gigaspora rosea	0.49		Gigaspora rosea	0.74		Gigaspora rosea	0.22	
Funneliformis_mosseae_WY107_KU_ASV1229_INVAM	Funneliformis mosseae	WY107	KU	known species	Funneliformis mosseae	known possible	Funneliformis mosseae	Funneliformis mosseae	0.0	0.0	Funneliformis mosseae	0.0	0.0	Funneliformis mosseae	0.0	0.0
Gigaspora_decipiens_AU102_9_KU_ASV1301_INVAM	Gigaspora decipiens	AU102_9	KU	novel species, genus in v4		not known (outside every v4 species)		Gigaspora rosea	7.0		Gigaspora rosea	2.81		Gigaspora rosea	0.44	
Dentiscutata_erythropa_RI275_31_KU_ASV1154_INVAM	Dentiscutata erythropa	RI275_31	KU	novel species, genus in v4		not known (outside every v4 species)		Dentiscutata heterogama	6.67		Dentiscutata heterogama	1.63		Dentiscutata heterogama	0.66	
Funneliformis_mosseae_87_11_KU_ASV1263_BeverSchultz	Funneliformis mosseae	87_11	KU	known species	Funneliformis mosseae	known possible	Funneliformis mosseae	Funneliformis mosseae	0.0	0.0	Funneliformis mosseae	0.0	0.0	Funneliformis mosseae	0.0	0.0
Funneliformis_coronatum_MR101_KU_ASV1222_INVAM	Funneliformis coronatus	MR101	KU	known species	Funneliformis coronatus	outside own species' spread; inside Funneliformis mosseae	Funneliformis mosseae	Funneliformis mosseae	0.2	8.1	Funneliformis mosseae	0.0	3.09	Funneliformis mosseae	0.0	0.87
Funneliformis_mosseae_87_11_KU_ASV1264_BeverSchultz	Funneliformis mosseae	87_11	KU	known species	Funneliformis mosseae	known possible	Funneliformis mosseae	Funneliformis mosseae	0.41	0.41	Funneliformis mosseae	0.27	0.27	Funneliformis mosseae	0.0	0.0
Funneliformis_mosseae_87_11_KU_ASV1265_BeverSchultz	Funneliformis mosseae	87_11	KU	known species	Funneliformis mosseae	known possible	Funneliformis mosseae	Funneliformis mosseae	0.21	0.21	Funneliformis mosseae	0.0	0.0	Funneliformis mosseae	0.0	0.0
Funneliformis_mosseae_NC302C_KU_ASV1266_INVAM	Funneliformis mosseae	NC302C	KU	known species	Funneliformis mosseae	known possible	Funneliformis mosseae	Funneliformis mosseae	0.2	0.2	Funneliformis mosseae	0.27	0.27	Funneliformis mosseae	0.0	0.0
Funneliformis_mosseae_WY107_KU_ASV1230_INVAM	Funneliformis mosseae	WY107	KU	known species	Funneliformis mosseae	known possible	Funneliformis mosseae	Funneliformis mosseae	0.2	0.2	Funneliformis mosseae	0.0	0.0	Funneliformis mosseae	0.0	0.0
Funneliformis_mosseae_87_11_KU_ASV1267_BeverSchultz	Funneliformis mosseae	87_11	KU	known species	Funneliformis mosseae	known possible	Funneliformis mosseae	Funneliformis mosseae	0.0	0.0	Funneliformis mosseae	0.0	0.0	Funneliformis mosseae	0.0	0.0
Gigaspora_rosea_BR155B_KU_ASV1318_INVAM	Gigaspora rosea	BR155B	KU	known species	Gigaspora rosea	known possible	Gigaspora rosea	Gigaspora rosea	0.0	0.0	Gigaspora rosea	0.0	0.0	Gigaspora rosea	0.0	0.0
Funneliformis_mosseae_87_11_KU_ASV1268_BeverSchultz	Funneliformis mosseae	87_11	KU	known species	Funneliformis mosseae	known possible	Funneliformis mosseae	Funneliformis mosseae	0.0	0.0	Funneliformis mosseae	0.0	0.0	Funneliformis mosseae	0.0	0.0
Dentiscutata_erythropa_RI275_31_KU_ASV1155_INVAM	Dentiscutata erythropa	RI275_31	KU	novel species, genus in v4		not known (outside every v4 species)		Dentiscutata heterogama	8.15		Dentiscutata heterogama	1.63		Dentiscutata heterogama	1.1	
Funneliformis_mosseae_WY107_KU_ASV1006_INVAM	Funneliformis mosseae	WY107	KU	known species	Funneliformis mosseae	known possible	Funneliformis mosseae	Funneliformis mosseae	0.0	0.0	Funneliformis mosseae	0.0	0.0	Funneliformis mosseae	0.0	0.0
Funneliformis_mosseae_WY107_KU_ASV1231_INVAM	Funneliformis mosseae	WY107	KU	known species	Funneliformis mosseae	known possible	Funneliformis mosseae	Funneliformis mosseae	0.2	0.2	Funneliformis mosseae	0.0	0.0	Funneliformis mosseae	0.0	0.0
Rhizophagus_dimorphicus_FL912N_KU_ASV1393_INVAM	Rhizophagus dimorphicus	FL912N	KU	novel species, genus in v4		not known (outside every v4 species)		Rhizophagus prolifer	14.9		Rhizophagus irregularis	5.16		[Rhizoglomus] vesiculiferum	1.52	
Funneliformis_mosseae_NC302C_KU_ASV1269_INVAM	Funneliformis mosseae	NC302C	KU	known species	Funneliformis mosseae	known possible	Funneliformis mosseae	Funneliformis mosseae	0.2	0.2	Funneliformis mosseae	0.27	0.27	Funneliformis mosseae	0.0	0.0
Dentiscutata_erythropa_RI275_31_KU_ASV1156_INVAM	Dentiscutata erythropa	RI275_31	KU	novel species, genus in v4		not known (outside every v4 species)		Dentiscutata heterogama	7.41		Dentiscutata heterogama	1.78		Dentiscutata heterogama	0.66	
Funneliformis_mosseae_WY107_KU_ASV1232_INVAM	Funneliformis mosseae	WY107	KU	known species	Funneliformis mosseae	known possible	Funneliformis mosseae	Funneliformis mosseae	0.61	0.61	Funneliformis mosseae	0.13	0.13	Funneliformis mosseae	0.0	0.0
Funneliformis_mosseae_510_4A_KU_ASV1270_BeverSchultz	Funneliformis mosseae	510_4A	KU	known species	Funneliformis mosseae	known possible	Funneliformis mosseae	Funneliformis mosseae	1.02	1.02	Funneliformis mosseae	0.0	0.0	Funneliformis mosseae	0.0	0.0
Rhizophagus_dimorphicus_FL912N_KU_ASV1394_INVAM	Rhizophagus dimorphicus	FL912N	KU	novel species, genus in v4		not known (outside every v4 species)		Rhizophagus silesianus	13.68		Rhizophagus irregularis	4.88		[Rhizoglomus] vesiculiferum	1.52	
Funneliformis_mosseae_NC302C_KU_ASV1271_INVAM	Funneliformis mosseae	NC302C	KU	known species	Funneliformis mosseae	known possible	Funneliformis mosseae	Funneliformis mosseae	0.2	0.2	Funneliformis mosseae	0.0	0.0	Funneliformis mosseae	0.0	0.0
Funneliformis_mosseae_510_4A_KU_ASV1272_BeverSchultz	Funneliformis mosseae	510_4A	KU	known species	Funneliformis mosseae	known possible	Funneliformis mosseae	Funneliformis mosseae	1.64	1.64	Funneliformis mosseae	0.13	0.13	Funneliformis mosseae	0.0	0.0
Funneliformis_mosseae_510_4A_KU_ASV1273_BeverSchultz	Funneliformis mosseae	510_4A	KU	known species	Funneliformis mosseae	known possible	Funneliformis mosseae	Funneliformis mosseae	0.41	0.41	Funneliformis mosseae	0.0	0.0	Funneliformis mosseae	0.22	0.22
Funneliformis_mosseae_87_11_KU_ASV1274_BeverSchultz	Funneliformis mosseae	87_11	KU	known species	Funneliformis mosseae	known possible	Funneliformis mosseae	Funneliformis mosseae	0.2	0.2	Funneliformis mosseae	0.0	0.0	Funneliformis mosseae	0.0	0.0
Funneliformis_coronatum_MR101_KU_ASV1223_INVAM	Funneliformis coronatus	MR101	KU	known species	Funneliformis coronatus	outside own species' spread; inside Funneliformis mosseae	Funneliformis mosseae	Funneliformis mosseae	0.0	8.23	Funneliformis mosseae	0.0	3.09	Funneliformis mosseae	0.0	0.65
Dentiscutata_erythropa_RI275_31_KU_ASV1157_INVAM	Dentiscutata erythropa	RI275_31	KU	novel species, genus in v4		not known (outside every v4 species)		Dentiscutata heterogama	8.15		Dentiscutata heterogama	1.63		Dentiscutata heterogama	0.44	
Gigaspora_margarita_NC114B_KU_ASV1045_INVAM	Gigaspora margarita	NC114B	KU	novel species, genus in v4		not known (outside every v4 species)		Gigaspora rosea	8.0		Gigaspora rosea	2.81		Gigaspora rosea	0.88	
Gigaspora_sp._JAY1_KU_ASV1452_BeverSchultz	Gigaspora sp.	JAY1	KU	genus only		genus only: outside every v4 species		Gigaspora rosea	7.0		Gigaspora rosea	2.81		Gigaspora rosea	0.66	
Gigaspora_sp._JAY1_KU_ASV1453_BeverSchultz	Gigaspora sp.	JAY1	KU	genus only		genus only: outside every v4 species		Gigaspora rosea	8.27		Gigaspora rosea	3.25		Gigaspora rosea	0.44	
Sclerocystis_sinuosa_MD126_KU_ASV1401_INVAM	Sclerocystis sinuosa	MD126	KU	known species	Sclerocystis sinuosa	known possible	Sclerocystis sinuosa	Sclerocystis sinuosa	0.0	0.0	Sclerocystis sinuosa	0.0	0.0	Sclerocystis sinuosa	0.0	0.0
Funneliformis_mosseae_NC302C_KU_ASV1275_INVAM	Funneliformis mosseae	NC302C	KU	known species	Funneliformis mosseae	known possible	Funneliformis mosseae	Funneliformis mosseae	0.41	0.41	Funneliformis mosseae	0.4	0.4	Funneliformis mosseae	0.0	0.0
Funneliformis_coronatum_MR101_KU_ASV1224_INVAM	Funneliformis coronatus	MR101	KU	known species	Funneliformis coronatus	outside own species' spread; inside Funneliformis mosseae	Funneliformis mosseae	Funneliformis mosseae	0.2	8.3	Funneliformis mosseae	0.0	3.23	Funneliformis mosseae	0.0	0.87
Gigaspora_decipiens_AU102_9_KU_ASV1302_INVAM	Gigaspora decipiens	AU102_9	KU	novel species, genus in v4		not known (outside every v4 species)		Gigaspora rosea	8.89		Gigaspora rosea	4.13		Gigaspora rosea	0.44	
Sclerocystis_sinuosa_MD126_KU_ASV1402_INVAM	Sclerocystis sinuosa	MD126	KU	known species	Sclerocystis sinuosa	known possible	Sclerocystis sinuosa	Sclerocystis sinuosa	1.92	1.92	Sclerocystis sinuosa	0.27	0.27	Sclerocystis sinuosa	0.0	0.0
Rhizophagus_dimorphicus_FL912N_KU_ASV1395_INVAM	Rhizophagus dimorphicus	FL912N	KU	novel species, genus in v4		not known (outside every v4 species)		Rhizophagus silesianus	13.89		Rhizophagus irregularis	4.88		[Rhizoglomus] vesiculiferum	1.52	
Funneliformis_mosseae_WY107_KU_ASV1233_INVAM	Funneliformis mosseae	WY107	KU	known species	Funneliformis mosseae	known possible	Funneliformis mosseae	Funneliformis mosseae	0.0	0.0	Funneliformis mosseae	0.13	0.13	Funneliformis mosseae	0.0	0.0
Funneliformis_mosseae_510_4A_KU_ASV1276_BeverSchultz	Funneliformis mosseae	510_4A	KU	known species	Funneliformis mosseae	known possible	Funneliformis mosseae	Funneliformis mosseae	1.44	1.44	Funneliformis mosseae	0.0	0.0	Funneliformis mosseae	0.0	0.0
Funneliformis_mosseae_510_4A_KU_ASV1277_BeverSchultz	Funneliformis mosseae	510_4A	KU	known species	Funneliformis mosseae	known possible	Funneliformis mosseae	Funneliformis mosseae	0.2	0.2	Funneliformis mosseae	0.27	0.27	Funneliformis mosseae	0.0	0.0
Ambispora_leptoticha_MX982A_KU_ASV1126_INVAM	Ambispora leptoticha	MX982A	KU	known species	Ambispora leptoticha	outside own species' spread		Ambispora leptoticha	8.22	8.22	Ambispora callosa	2.2	2.35	Ambispora leptoticha	0.87	0.87
Funneliformis_mosseae_NC302C_KU_ASV1278_INVAM	Funneliformis mosseae	NC302C	KU	known species	Funneliformis mosseae	known possible	Funneliformis mosseae	Funneliformis mosseae	0.81	0.81	Funneliformis mosseae	0.54	0.54	Funneliformis mosseae	0.0	0.0
Funneliformis_mosseae_NC302C_KU_ASV1279_INVAM	Funneliformis mosseae	NC302C	KU	known species	Funneliformis mosseae	known possible	Funneliformis mosseae	Funneliformis mosseae	1.64	1.64	Funneliformis mosseae	0.13	0.13	Funneliformis mosseae	0.22	0.22
Funneliformis_mosseae_NC302C_KU_ASV1280_INVAM	Funneliformis mosseae	NC302C	KU	known species	Funneliformis mosseae	known possible	Funneliformis mosseae	Funneliformis mosseae	0.2	0.2	Funneliformis mosseae	0.4	0.4	Funneliformis mosseae	0.0	0.0
Funneliformis_mosseae_WY107_KU_ASV1234_INVAM	Funneliformis mosseae	WY107	KU	known species	Funneliformis mosseae	known possible	Funneliformis mosseae	Funneliformis mosseae	0.61	0.61	Funneliformis mosseae	0.13	0.13	Funneliformis mosseae	0.22	0.22
Dentiscutata_heterogama_FL728_KU_ASV1170_INVAM	Dentiscutata heterogama	FL728	KU	known species	Dentiscutata heterogama	known possible	Dentiscutata heterogama	Dentiscutata heterogama	1.23	1.23	Dentiscutata heterogama	0.0	0.0	Dentiscutata heterogama	0.0	0.0
Funneliformis_mosseae_87_11_KU_ASV1281_BeverSchultz	Funneliformis mosseae	87_11	KU	known species	Funneliformis mosseae	known possible	Funneliformis mosseae	Funneliformis mosseae	0.41	0.41	Funneliformis mosseae	0.27	0.27	Funneliformis mosseae	0.0	0.0
Funneliformis_coronatum_MR101_KU_ASV1225_INVAM	Funneliformis coronatus	MR101	KU	known species	Funneliformis coronatus	outside own species' spread; inside Funneliformis mosseae	Funneliformis mosseae	Funneliformis mosseae	0.0	8.23	Funneliformis mosseae	0.0	3.09	Funneliformis mosseae	0.0	0.87
Funneliformis_mosseae_WY107_KU_ASV1235_INVAM	Funneliformis mosseae	WY107	KU	known species	Funneliformis mosseae	known possible	Funneliformis mosseae	Funneliformis mosseae	0.2	0.2	Funneliformis mosseae	0.27	0.27	Funneliformis mosseae	0.0	0.0
Funneliformis_mosseae_WY107_KU_ASV1236_INVAM	Funneliformis mosseae	WY107	KU	known species	Funneliformis mosseae	known possible	Funneliformis mosseae	Funneliformis mosseae	1.03	1.03	Funneliformis mosseae	0.13	0.13	Funneliformis mosseae	0.0	0.0
Funneliformis_mosseae_NC302C_KU_ASV1282_INVAM	Funneliformis mosseae	NC302C	KU	known species	Funneliformis mosseae	known possible	Funneliformis mosseae	Funneliformis mosseae	0.0	0.0	Funneliformis mosseae	0.0	0.0	Funneliformis mosseae	0.0	0.0
Sclerocystis_sinuosa_MD126_KU_ASV1403_INVAM	Sclerocystis sinuosa	MD126	KU	known species	Sclerocystis sinuosa	known possible	Sclerocystis sinuosa	Sclerocystis sinuosa	0.0	0.0	Sclerocystis sinuosa	0.0	0.0	Sclerocystis sinuosa	0.22	0.22
Funneliformis_mosseae_87_11_KU_ASV1283_BeverSchultz	Funneliformis mosseae	87_11	KU	known species	Funneliformis mosseae	known possible	Funneliformis mosseae	Funneliformis mosseae	0.21	0.21	Funneliformis mosseae	0.13	0.13	Funneliformis mosseae	0.0	0.0
Funneliformis_mosseae_NC302C_KU_ASV1284_INVAM	Funneliformis mosseae	NC302C	KU	known species	Funneliformis mosseae	known possible	Funneliformis mosseae	Funneliformis mosseae	0.41	0.41	Funneliformis mosseae	0.27	0.27	Funneliformis mosseae	0.0	0.0
Funneliformis_mosseae_WY107_KU_ASV1048_INVAM	Funneliformis mosseae	WY107	KU	known species	Funneliformis mosseae	known possible	Funneliformis mosseae	Funneliformis mosseae	1.02	1.02	Funneliformis mosseae	0.13	0.13	Funneliformis mosseae	0.0	0.0
Gigaspora_margarita_NC114B_KU_ASV1040_INVAM	Gigaspora margarita	NC114B	KU	novel species, genus in v4		not known (outside every v4 species)		Gigaspora rosea	6.93		Gigaspora rosea	2.81		Gigaspora rosea	0.44	
Funneliformis_mosseae_87_11_KU_ASV1285_BeverSchultz	Funneliformis mosseae	87_11	KU	known species	Funneliformis mosseae	known possible	Funneliformis mosseae	Funneliformis mosseae	0.41	0.41	Funneliformis mosseae	0.0	0.0	Funneliformis mosseae	0.0	0.0
Funneliformis_mosseae_WY107_KU_ASV1237_INVAM	Funneliformis mosseae	WY107	KU	known species	Funneliformis mosseae	known possible	Funneliformis mosseae	Funneliformis mosseae	0.61	0.61	Funneliformis mosseae	0.27	0.27	Funneliformis mosseae	0.0	0.0
Funneliformis_mosseae_87_11_KU_ASV1286_BeverSchultz	Funneliformis mosseae	87_11	KU	known species	Funneliformis mosseae	known possible	Funneliformis mosseae	Funneliformis mosseae	0.0	0.0	Funneliformis mosseae	0.0	0.0	Funneliformis mosseae	0.0	0.0
Funneliformis_mosseae_WY107_KU_ASV1238_INVAM	Funneliformis mosseae	WY107	KU	known species	Funneliformis mosseae	known possible	Funneliformis mosseae	Funneliformis mosseae	0.0	0.0	Funneliformis mosseae	0.0	0.0	Funneliformis mosseae	0.22	0.22
Funneliformis_mosseae_87_11_KU_ASV1287_BeverSchultz	Funneliformis mosseae	87_11	KU	known species	Funneliformis mosseae	known possible	Funneliformis mosseae	Funneliformis mosseae	0.0	0.0	Funneliformis mosseae	0.54	0.54	Funneliformis mosseae	0.0	0.0
Gigaspora_rosea_BR155B_KU_ASV1319_INVAM	Gigaspora rosea	BR155B	KU	known species	Gigaspora rosea	known possible	Gigaspora rosea	Gigaspora rosea	0.0	0.0	Gigaspora rosea	0.0	0.0	Gigaspora rosea	0.0	0.0
Sclerocystis_sinuosa_MD126_KU_ASV1404_INVAM	Sclerocystis sinuosa	MD126	KU	known species	Sclerocystis sinuosa	known possible	Sclerocystis sinuosa	Sclerocystis sinuosa	0.0	0.0	Sclerocystis sinuosa	0.0	0.0	Sclerocystis sinuosa	0.0	0.0
Funneliformis_mosseae_WY107_KU_ASV1018_INVAM	Funneliformis mosseae	WY107	KU	known species	Funneliformis mosseae	known possible	Funneliformis mosseae	Funneliformis mosseae	0.61	0.61	Funneliformis mosseae	0.27	0.27	Funneliformis mosseae	0.0	0.0
Ambispora_leptoticha_MX982A_KU_ASV1127_INVAM	Ambispora leptoticha	MX982A	KU	known species	Ambispora leptoticha	outside own species' spread		Ambispora leptoticha	8.62	8.62	Ambispora leptoticha	1.91	1.91	Ambispora leptoticha	1.09	1.09
Paraglomus_brasilianum_FL710_19_KU_ASV1335_INVAM	Paraglomus brasilianum	FL710_19	KU	known species	Paraglomus brasilianum	known possible	Paraglomus brasilianum	Paraglomus brasilianum	0.0	0.0	Paraglomus brasilianum	0.0	0.0	Paraglomus brasilianum	0.0	0.0
Funneliformis_mosseae_WY107_KU_ASV1239_INVAM	Funneliformis mosseae	WY107	KU	known species	Funneliformis mosseae	known possible	Funneliformis mosseae	Funneliformis mosseae	0.2	0.2	Funneliformis mosseae	0.13	0.13	Funneliformis mosseae	0.0	0.0
Ambispora_leptoticha_MX982A_KU_ASV1128_INVAM	Ambispora leptoticha	MX982A	KU	known species	Ambispora leptoticha	outside own species' spread		Ambispora leptoticha	7.77	7.77	Ambispora leptoticha	1.91	1.91	Ambispora leptoticha	1.09	1.09
Funneliformis_mosseae_NC302C_KU_ASV1288_INVAM	Funneliformis mosseae	NC302C	KU	known species	Funneliformis mosseae	known possible	Funneliformis mosseae	Funneliformis mosseae	0.0	0.0	Funneliformis mosseae	0.0	0.0	Funneliformis mosseae	0.22	0.22
Racocetra_gregaria_NC210_KU_ASV1370_INVAM	Racocetra gregaria	NC210	KU	novel lineage, genus not in v4		not known (outside every v4 species)		Cetraspora gilmorei	12.2		Cetraspora gilmorei	3.85		Cetraspora gilmorei	0.22	
Ambispora_leptoticha_MX982A_KU_ASV1129_INVAM	Ambispora leptoticha	MX982A	KU	known species	Ambispora leptoticha	outside own species' spread		Ambispora leptoticha	9.42	9.42	Ambispora callosa	2.35	2.5	Ambispora leptoticha	0.87	0.87
Archaeospora_trappei_SF124_22_KU_ASV1140_INVAM	Archaeospora trappei	SF124_22	KU	novel lineage, genus not in v4		not known (outside every v4 species)								Ambispora leptoticha	12.28	
Gigaspora_margarita_120_7A_KU_ASV1309_BeverSchultz	Gigaspora margarita	120_7A	KU	novel species, genus in v4		not known (outside every v4 species)		Gigaspora rosea	7.25		Gigaspora rosea	3.25		Gigaspora rosea	0.44	
Racocetra_gregaria_NC210_KU_ASV1371_INVAM	Racocetra gregaria	NC210	KU	novel lineage, genus not in v4		not known (outside every v4 species)		Cetraspora gilmorei	12.44		Cetraspora gilmorei	3.7		Cetraspora gilmorei	0.22	
Gigaspora_rosea_KS885_ZUII_ASV1032_INVAM	Gigaspora rosea	KS885	ZUII	known species	Gigaspora rosea	known possible	Gigaspora rosea	Gigaspora rosea	0.0	0.0	Gigaspora rosea	0.0	0.0	Gigaspora rosea	0.0	0.0
Sclerocystis_sinuos_MD126_KU_ASV1405_INVAM	Sclerocystis sinuosa	MD126	KU	known species	Sclerocystis sinuosa	known possible	Sclerocystis sinuosa	Sclerocystis sinuosa	0.0	0.0	Sclerocystis sinuosa	0.0	0.0	Sclerocystis sinuosa	0.0	0.0
Dentiscutata_heterogama_FL225_25_KU_ASV1171_INVAM	Dentiscutata heterogama	FL225_25	KU	known species	Dentiscutata heterogama	known possible	Dentiscutata heterogama	Dentiscutata heterogama	1.47	1.47	Dentiscutata heterogama	0.89	0.89	Dentiscutata heterogama	0.22	0.22
Sclerocystis_sinuosa_MD126_KU_ASV1406_INVAM	Sclerocystis sinuosa	MD126	KU	known species	Sclerocystis sinuosa	known possible	Sclerocystis sinuosa	Sclerocystis sinuosa	0.0	0.0	Sclerocystis sinuosa	0.0	0.0	Sclerocystis sinuosa	0.0	0.0
Septoglomus_constrictum_KS890_KU_ASV1425_INVAM	Septoglomus constrictum	KS890	KU	novel species, genus in v4		not known (outside every v4 species)		Septoglomus turnauae	9.88		Septoglomus africanum	4.44		Septoglomus africanum	1.09	
Gigaspora_gigantea_KS302_KU_ASV1307_INVAM	Gigaspora gigantea	KS302	KU	novel species, genus in v4		possible false known: inside Gigaspora rosea	Gigaspora rosea	Gigaspora rosea	1.98		Gigaspora rosea	1.03		Gigaspora rosea	0.22	
Sclerocystis_sinuosa_MD126_KU_ASV1407_INVAM	Sclerocystis sinuosa	MD126	KU	known species	Sclerocystis sinuosa	known possible	Sclerocystis sinuosa	Sclerocystis sinuosa	0.0	0.0	Sclerocystis sinuosa	0.0	0.0	Sclerocystis sinuosa	0.0	0.0
Archaeospora_trappei_SF124_22_KU_ASV1141_INVAM	Archaeospora trappei	SF124_22	KU	novel lineage, genus not in v4		not known (outside every v4 species)								Ambispora leptoticha	12.28	
Dentiscutata_heterogama_IL203A_ZU_ASV1001_INVAM	Dentiscutata heterogama	IL203A	ZU	known species	Dentiscutata heterogama	known possible	Dentiscutata heterogama	Dentiscutata heterogama	1.46	1.46	Dentiscutata heterogama	0.15	0.15	Dentiscutata heterogama	0.0	0.0
Gigaspora_margarita_NC114B_KU_ASV1310_INVAM	Gigaspora margarita	NC114B	KU	novel species, genus in v4		not known (outside every v4 species)		Gigaspora rosea	7.25		Gigaspora rosea	3.25		Gigaspora rosea	0.44	
Archaeospora_trappei_SF124_22_KU_ASV1142_INVAM	Archaeospora trappei	SF124_22	KU	novel lineage, genus not in v4		not known (outside every v4 species)								Ambispora leptoticha	12.28	
Ambispora_leptoticha_MX982A_KU_ASV1130_INVAM	Ambispora leptoticha	MX982A	KU	known species	Ambispora leptoticha	outside own species' spread		Ambispora leptoticha	7.82	7.82	Ambispora callosa	2.2	2.35	Ambispora leptoticha	1.09	1.09
Ambispora_leptoticha_MX982A_KU_ASV1131_INVAM	Ambispora leptoticha	MX982A	KU	known species	Ambispora leptoticha	outside own species' spread		Ambispora callosa	9.7	9.82	Ambispora callosa	2.2	2.35	Ambispora leptoticha	0.87	0.87
Ambispora_leptoticha_MX982A_KU_ASV1132_INVAM	Ambispora leptoticha	MX982A	KU	known species	Ambispora leptoticha	outside own species' spread		Ambispora leptoticha	8.62	8.62	Ambispora callosa	2.35	2.5	Ambispora leptoticha	1.09	1.09
Dentiscutata_heterogama_FL728_KU_ASV1172_INVAM	Dentiscutata heterogama	FL728	KU	known species	Dentiscutata heterogama	known possible	Dentiscutata heterogama	Dentiscutata heterogama	0.73	0.73	Dentiscutata heterogama	0.0	0.0	Dentiscutata heterogama	0.0	0.0
Ambispora_leptoticha_MX982A_KU_ASV1133_INVAM	Ambispora leptoticha	MX982A	KU	known species	Ambispora leptoticha	outside own species' spread		Ambispora leptoticha	9.22	9.22	Ambispora callosa	2.35	2.5	Ambispora leptoticha	1.3	1.3
Gigaspora_decipiens_AU102_9_KU_ASV1303_INVAM	Gigaspora decipiens	AU102_9	KU	novel species, genus in v4		not known (outside every v4 species)		Gigaspora rosea	5.94		Gigaspora rosea	2.95		Gigaspora rosea	0.44	
Dentiscutata_heterogama_FL728_KU_ASV1173_INVAM	Dentiscutata heterogama	FL728	KU	known species	Dentiscutata heterogama	known possible	Dentiscutata heterogama	Dentiscutata heterogama	0.73	0.73	Dentiscutata heterogama	0.3	0.3	Dentiscutata heterogama	0.66	0.66
Archaeospora_trappei_SF124_22_KU_ASV1143_INVAM	Archaeospora trappei	SF124_22	KU	novel lineage, genus not in v4		not known (outside every v4 species)								Ambispora leptoticha	12.28	
Dentiscutata_heterogama_FL728_KU_ASV1174_INVAM	Dentiscutata heterogama	FL728	KU	known species	Dentiscutata heterogama	known possible	Dentiscutata heterogama	Dentiscutata heterogama	4.2	4.2	Dentiscutata heterogama	1.33	1.33	Dentiscutata heterogama	0.44	0.44
Archaeospora_schenckii_CL401_KU_ASV1137_INVAM	Archaeospora schenckii	CL401	KU	novel lineage, genus not in v4		not known (outside every v4 species)					Ambispora callosa	23.46		Ambispora leptoticha	12.66	
Gigaspora_rosea_FL105_11_KU_ASV1320_INVAM	Gigaspora rosea	FL105_11	KU	known species	Gigaspora rosea	known possible	Gigaspora rosea	Gigaspora rosea	0.25	0.25	Gigaspora rosea	0.0	0.0	Gigaspora rosea	0.0	0.0
Archaeospora_schenckii_CL401_KU_ASV1138_INVAM	Archaeospora schenckii	CL401	KU	novel lineage, genus not in v4		not known (outside every v4 species)					Ambispora callosa	23.61		Ambispora leptoticha	12.88	
Dentiscutata_heterogama_FL728_KU_ASV1175_INVAM	Dentiscutata heterogama	FL728	KU	known species	Dentiscutata heterogama	known possible	Dentiscutata heterogama	Dentiscutata heterogama	1.47	1.47	Dentiscutata heterogama	1.04	1.04	Dentiscutata heterogama	0.22	0.22
Acaulospora_kentinensis_FL709_10_KU_ASV1056_INVAM	Acaulospora kentinensis	FL709_10	KU	novel species, genus in v4		not known (outside every v4 species)		Acaulospora morrowiae	16.74		Acaulospora morrowiae	10.56		Acaulospora morrowiae	4.34	
Gigaspora_margarita_120_7A_KU_ASV1311_BeverSchultz	Gigaspora margarita	120_7A	KU	novel species, genus in v4		not known (outside every v4 species)		Gigaspora rosea	7.0		Gigaspora rosea	3.84		Gigaspora rosea	0.44	
Dentiscutata_heterogama_IL203A_ZUII_ASV1039_INVAM	Dentiscutata heterogama	IL203A	ZUII	known species	Dentiscutata heterogama	known possible	Dentiscutata heterogama	Dentiscutata heterogama	0.0	0.0	Dentiscutata heterogama	0.0	0.0	Dentiscutata heterogama	0.0	0.0
Dentiscutata_heterogama_IL203A_ZUII_ASV1054_INVAM	Dentiscutata heterogama	IL203A	ZUII	known species	Dentiscutata heterogama	known possible	Dentiscutata heterogama	Dentiscutata heterogama	0.0	0.0	Dentiscutata heterogama	0.0	0.0	Dentiscutata heterogama	0.0	0.0
Dentiscutata_heterogama_IL203A_ZUII_ASV1014_INVAM	Dentiscutata heterogama	IL203A	ZUII	known species	Dentiscutata heterogama	outside own species' spread		Dentiscutata heterogama	6.17	6.17	Dentiscutata heterogama	0.89	0.89	Dentiscutata heterogama	0.0	0.0
Dentiscutata_heterogama_IL203A_ZUII_ASV1049_INVAM	Dentiscutata heterogama	IL203A	ZUII	known species	Dentiscutata heterogama	known possible	Dentiscutata heterogama	Dentiscutata heterogama	4.2	4.2	Dentiscutata heterogama	1.48	1.48	Dentiscutata heterogama	0.66	0.66
Acaulospora_koskei_SC705_ZU_ASV1057_INVAM	Acaulospora koskei	SC705	ZU	novel species, genus in v4		not known (outside every v4 species)		Acaulospora morrowiae	20.14		Acaulospora morrowiae	16.07		Acaulospora morrowiae	6.71	
Racocetra_gregaria_BEG243_ZUII_ASV1051_BEG	Racocetra gregaria	BEG243	ZUII	novel lineage, genus not in v4		not known (outside every v4 species)		Cetraspora gilmorei	11.46		Cetraspora gilmorei	3.85		Cetraspora gilmorei	0.22	
Dentiscutata_heterogama_BR154_ZUII_ASV1033_INVAM	Dentiscutata heterogama	BR154	ZUII	known species	Dentiscutata heterogama	known possible	Dentiscutata heterogama	Dentiscutata heterogama	0.49	0.49	Dentiscutata heterogama	0.0	0.0	Dentiscutata heterogama	0.0	0.0
Dentiscutata_heterogama_BR154_ZUII_ASV1047_INVAM	Dentiscutata heterogama	BR154	ZUII	known species	Dentiscutata heterogama	known possible	Dentiscutata heterogama	Dentiscutata heterogama	0.99	0.99	Dentiscutata heterogama	0.0	0.0	Dentiscutata heterogama	0.0	0.0
Racocetra_gregaria_BEG243_ZUII_ASV1026_BEG	Racocetra gregaria	BEG243	ZUII	novel lineage, genus not in v4		not known (outside every v4 species)		Cetraspora gilmorei	11.95		Cetraspora gilmorei	3.99		Cetraspora gilmorei	0.22	
Racocetra_gregaria_BEG243_ZUII_ASV1002_BEG	Racocetra gregaria	BEG243	ZUII	novel lineage, genus not in v4		not known (outside every v4 species)		Cetraspora gilmorei	10.98		Cetraspora gilmorei	4.14		Cetraspora gilmorei	0.22	
Acaulospora_morrowiae_BR983A_ZUII_ASV1028_INVAM	Acaulospora morrowiae	BR983A	ZUII	known species	Acaulospora morrowiae	outside own species' spread		Acaulospora morrowiae	6.11	6.11	Acaulospora morrowiae	3.42	3.42	Acaulospora morrowiae	0.87	0.87
Dentiscutata_heterogama_IL203A_ZUII_ASV1001_INVAM	Dentiscutata heterogama	IL203A	ZUII	known species	Dentiscutata heterogama	known possible	Dentiscutata heterogama	Dentiscutata heterogama	1.46	1.46	Dentiscutata heterogama	0.15	0.15	Dentiscutata heterogama	0.0	0.0
Racocetra_gregaria_BEG243_ZU_ASV1366_BEG	Racocetra gregaria	BEG243	ZU	novel lineage, genus not in v4		not known (outside every v4 species)		Cetraspora gilmorei	11.95		Cetraspora gilmorei	4.14		Cetraspora gilmorei	0.22	
Dentiscutata_heterogama_BR154_ZUII_ASV1030_INVAM	Dentiscutata heterogama	BR154	ZUII	known species	Dentiscutata heterogama	known possible	Dentiscutata heterogama	Dentiscutata heterogama	4.2	4.2	Dentiscutata heterogama	1.48	1.48	Dentiscutata heterogama	0.66	0.66
Dentiscutata_heterogama_IL203A_ZUII_ASV1031_INVAM	Dentiscutata heterogama	IL203A	ZUII	known species	Dentiscutata heterogama	known possible	Dentiscutata heterogama	Dentiscutata heterogama	0.0	0.0	Dentiscutata heterogama	0.0	0.0	Dentiscutata heterogama	0.0	0.0
Corymbiglomus_corymbiforme_Blaszk5_ZU_ASV1145_Blaszkowski	Corymbiglomus corymbiforme	Blaszk5	ZU	novel lineage, genus not in v4		not known (outside every v4 species)		Diversispora celata	23.37		Diversispora aestuarii	14.6		Diversispora arenaria	5.19	
Funneliformis_mosseae_BEG161_ZU_ASV1240_BEG	Funneliformis mosseae	BEG161	ZU	known species	Funneliformis mosseae	known possible	Funneliformis mosseae	Funneliformis mosseae	1.23	1.23	Funneliformis mosseae	0.27	0.27	Funneliformis mosseae	0.0	0.0
Racocetra_gregaria_BEG243_ZUII_ASV1029_BEG	Racocetra gregaria	BEG243	ZUII	novel lineage, genus not in v4		not known (outside every v4 species)		Cetraspora gilmorei	12.2		Cetraspora gilmorei	4.14		Cetraspora gilmorei	0.44	
Dentiscutata_heterogama_IL203A_ZUII_ASV1009_INVAM	Dentiscutata heterogama	IL203A	ZUII	known species	Dentiscutata heterogama	known possible	Dentiscutata heterogama	Dentiscutata heterogama	1.71	1.71	Dentiscutata heterogama	0.89	0.89	Dentiscutata heterogama	0.22	0.22
Dentiscutata_heterogama_IL203A_ZUII_ASV1004_INVAM	Dentiscutata heterogama	IL203A	ZUII	known species	Dentiscutata heterogama	known possible	Dentiscutata heterogama	Dentiscutata heterogama	1.46	1.46	Dentiscutata heterogama	0.15	0.15	Dentiscutata heterogama	0.66	0.66
Racocetra_gregaria_BEG243_ZU_ASV1367_BEG	Racocetra gregaria	BEG243	ZU	novel lineage, genus not in v4		not known (outside every v4 species)		Cetraspora gilmorei	11.71		Cetraspora gilmorei	3.85		Cetraspora gilmorei	0.22	
Dentiscutata_heterogama_IL203A_ZUII_ASV1052_INVAM	Dentiscutata heterogama	IL203A	ZUII	known species	Dentiscutata heterogama	known possible	Dentiscutata heterogama	Dentiscutata heterogama	0.73	0.73	Dentiscutata heterogama	0.15	0.15	Dentiscutata heterogama	0.0	0.0
Dentiscutata_heterogama_BR154_ZUII_ASV1015_INVAM	Dentiscutata heterogama	BR154	ZUII	known species	Dentiscutata heterogama	known possible	Dentiscutata heterogama	Dentiscutata heterogama	1.71	1.71	Dentiscutata heterogama	0.44	0.44	Dentiscutata heterogama	0.44	0.44
Racocetra_sp_179_Blask4_ZU_ASV1373_Blaszkowski	Racocetra sp.	179_Blask4	ZU	genus only		genus only: outside every v4 species		Cetraspora gilmorei	11.95		Cetraspora gilmorei	4.29		Cetraspora gilmorei	0.22	
Dentiscutata_heterogama_BR154_ZUII_ASV1038_INVAM	Dentiscutata heterogama	BR154	ZUII	known species	Dentiscutata heterogama	known possible	Dentiscutata heterogama	Dentiscutata heterogama	0.73	0.73	Dentiscutata heterogama	0.15	0.15	Dentiscutata heterogama	0.66	0.66
Funneliformis_mosseae_BEG12_ZUII_ASV1050_BEG	Funneliformis mosseae	BEG12	ZUII	known species	Funneliformis mosseae	known possible	Funneliformis mosseae	Funneliformis mosseae	2.65	2.65	Funneliformis mosseae	0.4	0.4	Funneliformis mosseae	0.0	0.0
Racocetra_gregaria_BEG243_ZUII_ASV1035_BEG	Racocetra gregaria	BEG243	ZUII	novel lineage, genus not in v4		not known (outside every v4 species)		Cetraspora gilmorei	11.71		Cetraspora gilmorei	3.85		Cetraspora gilmorei	0.44	
Ambispora_fennica_Af2_ZU_ASV1109_KrugerWalker	Ambispora fennica	Af2	ZU	novel species, genus in v4		not known (outside every v4 species)		Ambispora callosa	19.96		Ambispora leptoticha	8.08		Ambispora callosa	3.48	
Funneliformis_mosseae_BEG161_ZU_ASV1241_BEG	Funneliformis mosseae	BEG161	ZU	known species	Funneliformis mosseae	known possible	Funneliformis mosseae	Funneliformis mosseae	1.22	1.22	Funneliformis mosseae	0.13	0.13	Funneliformis mosseae	0.0	0.0
Racocetra_gregaria_BEG243_ZU_ASV1368_BEG	Racocetra gregaria	BEG243	ZU	novel lineage, genus not in v4		not known (outside every v4 species)		Cetraspora gilmorei	12.93		Cetraspora gilmorei	3.99		Cetraspora gilmorei	0.22	
Scutellospora_calospora_IL209_ZU_ASV1415_INVAM	Scutellospora calospora	IL209	ZU	novel lineage, genus not in v4		not known (outside every v4 species)		Dentiscutata heterogama	14.07		Cetraspora gilmorei	9.01		Gigaspora rosea	2.62	
Funneliformis_mosseae_BEG12_ZUII_ASV1020_BEG	Funneliformis mosseae	BEG12	ZUII	known species	Funneliformis mosseae	known possible	Funneliformis mosseae	Funneliformis mosseae	1.65	1.65	Funneliformis mosseae	0.27	0.27	Funneliformis mosseae	0.0	0.0
Funneliformis_mosseae_BEG12_ZU_ASV1242_BEG	Funneliformis mosseae	BEG12	ZU	known species	Funneliformis mosseae	known possible	Funneliformis mosseae	Funneliformis mosseae	1.63	1.63	Funneliformis mosseae	0.27	0.27	Funneliformis mosseae	0.0	0.0
Dentiscutata_heterogama_BR154_ZUII_ASV1025_INVAM	Dentiscutata heterogama	BR154	ZUII	known species	Dentiscutata heterogama	known possible	Dentiscutata heterogama	Dentiscutata heterogama	1.96	1.96	Dentiscutata heterogama	0.74	0.74	Dentiscutata heterogama	0.22	0.22
Funneliformis_mosseae_BEG12_ZUII_ASV1007_BEG	Funneliformis mosseae	BEG12	ZUII	known species	Funneliformis mosseae	known possible	Funneliformis mosseae	Funneliformis mosseae	1.64	1.64	Funneliformis mosseae	0.54	0.54	Funneliformis mosseae	0.0	0.0
Scutellospora_calospora_IL209_ZU_ASV1416_INVAM	Scutellospora calospora	IL209	ZU	novel lineage, genus not in v4		not known (outside every v4 species)		Dentiscutata heterogama	13.83		Cetraspora gilmorei	9.6		Gigaspora rosea	2.4	
Scutellospora_calospora_IL209_ZU_ASV1417_INVAM	Scutellospora calospora	IL209	ZU	novel lineage, genus not in v4		not known (outside every v4 species)		Dentiscutata heterogama	14.25		Cetraspora gilmorei	9.45		Gigaspora rosea	2.18	
Acaulospora_sp._WV685_ZU_ASV1058_INVAM	Acaulospora sp.	WV685	ZU	genus only		genus only: outside every v4 species		Acaulospora morrowiae	5.05		Acaulospora morrowiae	3.01		Acaulospora morrowiae	0.22	
Funneliformis_mosseae_BEG12_ZU_ASV1243_BEG	Funneliformis mosseae	BEG12	ZU	known species	Funneliformis mosseae	known possible	Funneliformis mosseae	Funneliformis mosseae	1.02	1.02	Funneliformis mosseae	0.4	0.4	Funneliformis mosseae	0.0	0.0
Dentiscutata_heterogama_BR154_ZU_ASV1162_INVAM	Dentiscutata heterogama	BR154	ZU	known species	Dentiscutata heterogama	known possible	Dentiscutata heterogama	Dentiscutata heterogama	0.0	0.0	Dentiscutata heterogama	0.0	0.0	Dentiscutata heterogama	0.22	0.22
Funneliformis_mosseae_BEG12_ZU_ASV1244_BEG	Funneliformis mosseae	BEG12	ZU	known species	Funneliformis mosseae	known possible	Funneliformis mosseae	Funneliformis mosseae	2.04	2.04	Funneliformis mosseae	0.4	0.4	Funneliformis mosseae	0.0	0.0
Dentiscutata_heterogama_BR154_ZU_ASV1163_INVAM	Dentiscutata heterogama	BR154	ZU	known species	Dentiscutata heterogama	known possible	Dentiscutata heterogama	Dentiscutata heterogama	1.46	1.46	Dentiscutata heterogama	0.15	0.15	Dentiscutata heterogama	0.0	0.0
Funneliformis_mosseae_BEG12_ZUII_ASV1041_BEG	Funneliformis mosseae	BEG12	ZUII	known species	Funneliformis mosseae	known possible	Funneliformis mosseae	Funneliformis mosseae	2.27	2.27	Funneliformis mosseae	0.13	0.13	Funneliformis mosseae	0.0	0.0
Funneliformis_mosseae_BEG12_ZUII_ASV1036_BEG	Funneliformis mosseae	BEG12	ZUII	known species	Funneliformis mosseae	known possible	Funneliformis mosseae	Funneliformis mosseae	1.03	1.03	Funneliformis mosseae	0.27	0.27	Funneliformis mosseae	0.0	0.0
Acaulospora_sp._WV685_ZU_ASV1060_INVAM	Acaulospora sp.	WV685	ZU	genus only		genus only: outside every v4 species		Acaulospora morrowiae	5.18		Acaulospora morrowiae	3.44		Acaulospora morrowiae	0.22	
Racocetra_gregaria_BEG243_ZU_ASV1369_BEG	Racocetra gregaria	BEG243	ZU	novel lineage, genus not in v4		not known (outside every v4 species)		Cetraspora gilmorei	12.2		Cetraspora gilmorei	3.86		Cetraspora gilmorei	0.22	
Ambispora_fennica_Af2_ZU_ASV1110_KrugerWalker	Ambispora fennica	Af2	ZU	novel species, genus in v4		not known (outside every v4 species)		Ambispora callosa	19.96		Ambispora leptoticha	8.52		Ambispora callosa	3.48	
Ambispora_fennica_Af2_ZU_ASV1111_KrugerWalker	Ambispora fennica	Af2	ZU	novel species, genus in v4		not known (outside every v4 species)		Ambispora callosa	19.56		Ambispora leptoticha	8.37		Ambispora callosa	3.48	
Acaulospora_sp._WV685_ZU_ASV1061_INVAM	Acaulospora sp.	WV685	ZU	genus only		genus only: inside Acaulospora morrowiae	Acaulospora morrowiae	Acaulospora morrowiae	4.98		Acaulospora morrowiae	2.29		Acaulospora morrowiae	0.22	
Funneliformis_mosseae_BEG161_ZU_ASV1245_BEG	Funneliformis mosseae	BEG161	ZU	known species	Funneliformis mosseae	known possible	Funneliformis mosseae	Funneliformis mosseae	1.23	1.23	Funneliformis mosseae	0.0	0.0	Funneliformis mosseae	0.0	0.0
Scutellospora_calospora_IL209_ZU_ASV1418_INVAM	Scutellospora calospora	IL209	ZU	novel lineage, genus not in v4		not known (outside every v4 species)		Dentiscutata heterogama	14.08		Cetraspora gilmorei	9.16		Gigaspora rosea	2.4	
Funneliformis_mosseae_BEG12_ZU_ASV1246_BEG	Funneliformis mosseae	BEG12	ZU	known species	Funneliformis mosseae	known possible	Funneliformis mosseae	Funneliformis mosseae	1.86	1.86	Funneliformis mosseae	0.54	0.54	Funneliformis mosseae	0.0	0.0
Funneliformis_mosseae_BEG161_ZU_ASV1247_BEG	Funneliformis mosseae	BEG161	ZU	known species	Funneliformis mosseae	known possible	Funneliformis mosseae	Funneliformis mosseae	1.23	1.23	Funneliformis mosseae	0.13	0.13	Funneliformis mosseae	0.0	0.0
Corymbiglomus_corymbiforme_Blaszk5_ZU_ASV1146_Blaszkowski	Corymbiglomus corymbiforme	Blaszk5	ZU	novel lineage, genus not in v4		not known (outside every v4 species)		Diversispora celata	23.15		Diversispora aestuarii	14.21		Diversispora arenaria	4.76	
Funneliformis_mosseae_BEG12_ZU_ASV1248_BEG	Funneliformis mosseae	BEG12	ZU	known species	Funneliformis mosseae	known possible	Funneliformis mosseae	Funneliformis mosseae	2.44	2.44	Funneliformis mosseae	0.4	0.4	Funneliformis mosseae	0.22	0.22
Corymbiglomus_corymbiforme_Blaszk5_ZU_ASV1147_Blaszkowski	Corymbiglomus corymbiforme	Blaszk5	ZU	novel lineage, genus not in v4		not known (outside every v4 species)		Diversispora varaderana	23.13		Diversispora aestuarii	14.32		Diversispora arenaria	4.76	
Funneliformis_mosseae_BEG161_ZU_ASV1249_BEG	Funneliformis mosseae	BEG161	ZU	known species	Funneliformis mosseae	known possible	Funneliformis mosseae	Funneliformis mosseae	1.02	1.02	Funneliformis mosseae	0.27	0.27	Funneliformis mosseae	0.0	0.0
Funneliformis_mosseae_BEG95_ZU_ASV1006_BEG	Funneliformis mosseae	BEG95	ZU	known species	Funneliformis mosseae	known possible	Funneliformis mosseae	Funneliformis mosseae	0.0	0.0	Funneliformis mosseae	0.0	0.0	Funneliformis mosseae	0.0	0.0
Scutellospora_calospora_IL209_ZU_ASV1419_INVAM	Scutellospora calospora	IL209	ZU	novel lineage, genus not in v4		not known (outside every v4 species)		Dentiscutata heterogama	15.05		Cetraspora gilmorei	10.93		Gigaspora rosea	2.62	
Funneliformis_mosseae_BEG12_ZU_ASV1250_BEG	Funneliformis mosseae	BEG12	ZU	known species	Funneliformis mosseae	outside own species' spread					Funneliformis mosseae	2.96	2.96	Funneliformis mosseae	1.74	1.74
Funneliformis_mosseae_BEG95_ZU_ASV1251_BEG	Funneliformis mosseae	BEG95	ZU	known species	Funneliformis mosseae	known possible	Funneliformis mosseae	Funneliformis mosseae	0.2	0.2	Funneliformis mosseae	0.13	0.13	Funneliformis mosseae	0.0	0.0
Scutellospora_calospora_IL209_ZU_ASV1420_INVAM	Scutellospora calospora	IL209	ZU	novel lineage, genus not in v4		not known (outside every v4 species)		Dentiscutata heterogama	14.25		Cetraspora gilmorei	9.9		Gigaspora rosea	2.4	
Diversispora_epigaea_KS210_ZU_ASV1179_INVAM	Diversispora epigaea	KS210	ZU	known species	Diversispora epigaea	known possible	Diversispora epigaea	Diversispora epigaea	0.88	0.88	Diversispora epigaea	0.0	0.0	Diversispora epigaea	0.0	0.0
Acaulospora_sp._WV685_ZU_ASV1065_INVAM	Acaulospora sp.	WV685	ZU	genus only		genus only: outside every v4 species		Acaulospora morrowiae	6.11		Acaulospora morrowiae	3.15		Acaulospora morrowiae	0.22	
Acaulospora_sp._WV685_ZU_ASV1066_INVAM	Acaulospora sp.	WV685	ZU	genus only		genus only: outside every v4 species		Acaulospora morrowiae	4.98		Acaulospora morrowiae	3.01		Acaulospora morrowiae	0.22	
Funneliformis_mosseae_BEG161_ZU_ASV1252_BEG	Funneliformis mosseae	BEG161	ZU	known species	Funneliformis mosseae	known possible	Funneliformis mosseae	Funneliformis mosseae	0.61	0.61	Funneliformis mosseae	0.13	0.13	Funneliformis mosseae	0.0	0.0
Diversispora_epigaea_KS210_ZU_ASV1180_INVAM	Diversispora epigaea	KS210	ZU	known species	Diversispora epigaea	known possible	Diversispora epigaea	Diversispora epigaea	1.97	1.97	Diversispora epigaea	0.27	0.27	Diversispora epigaea	0.43	0.43
Funneliformis_mosseae_BEG95_ZU_ASV1048_BEG	Funneliformis mosseae	BEG95	ZU	known species	Funneliformis mosseae	known possible	Funneliformis mosseae	Funneliformis mosseae	1.02	1.02	Funneliformis mosseae	0.13	0.13	Funneliformis mosseae	0.0	0.0
Racocetra_sp._179_Blask4_ZU_ASV1374_Blaszkowski	Racocetra sp.	179_Blask4	ZU	genus only		genus only: outside every v4 species		Cetraspora gilmorei	11.71		Cetraspora gilmorei	3.85		Cetraspora gilmorei	0.22	
Scutellospora_calospora_IL209_ZU_ASV1421_INVAM	Scutellospora calospora	IL209	ZU	novel lineage, genus not in v4		not known (outside every v4 species)		Dentiscutata heterogama	14.25		Cetraspora gilmorei	9.45		Gigaspora rosea	2.4	
Diversispora_epigaea_KS210_ZU_ASV1181_INVAM	Diversispora epigaea	KS210	ZU	known species	Diversispora epigaea	known possible	Diversispora epigaea	Diversispora epigaea	0.0	0.0	Diversispora epigaea	0.82	0.82	Diversispora epigaea	0.0	0.0
Funneliformis_mosseae_BEG95_ZU_ASV1018_BEG	Funneliformis mosseae	BEG95	ZU	known species	Funneliformis mosseae	known possible	Funneliformis mosseae	Funneliformis mosseae	0.61	0.61	Funneliformis mosseae	0.27	0.27	Funneliformis mosseae	0.0	0.0
Racocetra_sp._179_Blask4_ZU_ASV1375_Blaszkowski	Racocetra sp.	179_Blask4	ZU	genus only		genus only: outside every v4 species		Cetraspora gilmorei	11.22		Cetraspora gilmorei	4.14		Cetraspora gilmorei	0.22	
Funneliformis_mosseae_BEG161_ZU_ASV1253_BEG	Funneliformis mosseae	BEG161	ZU	known species	Funneliformis mosseae	known possible	Funneliformis mosseae	Funneliformis mosseae	0.61	0.61	Funneliformis mosseae	0.0	0.0	Funneliformis mosseae	0.0	0.0
Ambispora_fennica_Af2_ZU_ASV1112_KrugerWalker	Ambispora fennica	Af2	ZU	novel species, genus in v4		not known (outside every v4 species)		Ambispora callosa	19.96		Ambispora leptoticha	8.08		Ambispora callosa	3.48	
Acaulospora_sp._WV685_ZU_ASV1069_INVAM	Acaulospora sp.	WV685	ZU	genus only		genus only: outside every v4 species		Acaulospora morrowiae	4.75		Acaulospora morrowiae	3.15		Acaulospora morrowiae	0.43	
Acaulospora_sp._WV685_ZU_ASV1070_INVAM	Acaulospora sp.	WV685	ZU	genus only		genus only: outside every v4 species		Acaulospora morrowiae	4.98		Acaulospora morrowiae	3.01		Acaulospora morrowiae	0.22	
Dentiscutata_heterogama_BR154_ZU_ASV1166_INVAM	Dentiscutata heterogama	BR154	ZU	known species	Dentiscutata heterogama	known possible	Dentiscutata heterogama	Dentiscutata heterogama	0.98	0.98	Dentiscutata heterogama	0.3	0.3	Dentiscutata heterogama	0.0	0.0
Corymbiglomus_corymbiforme_Blaszk5_ZU_ASV1148_Blaszkowski	Corymbiglomus corymbiforme	Blaszk5	ZU	novel lineage, genus not in v4		not known (outside every v4 species)		Diversispora celata	22.47		Diversispora varaderana	14.46		Diversispora arenaria	5.41	
Funneliformis_mosseae_BEG161_ZU_ASV1254_BEG	Funneliformis mosseae	BEG161	ZU	known species	Funneliformis mosseae	known possible	Funneliformis mosseae	Funneliformis mosseae	1.03	1.03	Funneliformis mosseae	0.4	0.4	Funneliformis mosseae	0.0	0.0
Scutellospora_calospora_IL209_ZU_ASV1422_INVAM	Scutellospora calospora	IL209	ZU	novel lineage, genus not in v4		not known (outside every v4 species)		Dentiscutata heterogama	14.81		Cetraspora gilmorei	9.45		Gigaspora rosea	2.4	
Diversispora_epigaea_KS212_ZU_ASV1187_INVAM	Diversispora epigaea	KS212	ZU	known species	Diversispora epigaea	known possible	Diversispora epigaea	Diversispora epigaea	0.0	0.0	Diversispora epigaea	0.82	0.82	Diversispora epigaea	0.0	0.0
Ambispora_fennica_Af2_ZU_ASV1113_KrugerWalker	Ambispora fennica	Af2	ZU	novel species, genus in v4		not known (outside every v4 species)		Ambispora callosa	19.56		Ambispora leptoticha	8.22		Ambispora callosa	3.48	
Gigaspora_rosea_BR155B_ZU_ASV1315_INVAM	Gigaspora rosea	BR155B	ZU	known species	Gigaspora rosea	outside own species' spread		Gigaspora rosea	6.02	6.02	Gigaspora rosea	3.85	3.85	Gigaspora rosea	0.44	0.44
Gigaspora_rosea_BR155B_ZU_ASV1316_INVAM	Gigaspora rosea	BR155B	ZU	known species	Gigaspora rosea	outside own species' spread		Gigaspora rosea	6.02	6.02	Gigaspora rosea	4.59	4.59	Gigaspora rosea	0.44	0.44
Dentiscutata_heterogama_IL203A_ZU_ASV1039_INVAM	Dentiscutata heterogama	IL203A	ZU	known species	Dentiscutata heterogama	known possible	Dentiscutata heterogama	Dentiscutata heterogama	0.0	0.0	Dentiscutata heterogama	0.0	0.0	Dentiscutata heterogama	0.0	0.0
Entrophospora_lutea_CR308_ZUII_ASV1212_INVAM	Entrophospora lutea	CR308	ZUII	novel lineage, genus not in v4		not known (outside every v4 species)		Glomus tetrastratosum	30.02		Oehlia diaphana	22.96		Dominikia bonfanteae	9.66	
Dentiscutata_heterogama_BR154_ZUII_ASV1158_INVAM	Dentiscutata heterogama	BR154	ZUII	known species	Dentiscutata heterogama	known possible	Dentiscutata heterogama	Dentiscutata heterogama	5.93	5.93	Dentiscutata heterogama	0.74	0.74	Dentiscutata heterogama	0.0	0.0
Dentiscutata_heterogama_BR154_ZU_ASV1033_INVAM	Dentiscutata heterogama	BR154	ZU	known species	Dentiscutata heterogama	known possible	Dentiscutata heterogama	Dentiscutata heterogama	0.49	0.49	Dentiscutata heterogama	0.0	0.0	Dentiscutata heterogama	0.0	0.0
Scutellospora_calospora_BEG245_ZUII_ASV1409_BEG	Scutellospora calospora	BEG245	ZUII	novel lineage, genus not in v4		not known (outside every v4 species)		Dentiscutata heterogama	15.48		Cetraspora gilmorei	10.49		Gigaspora rosea	4.38	
Racocetra_gregaria_BEG243_ZU_ASV1026_BEG	Racocetra gregaria	BEG243	ZU	novel lineage, genus not in v4		not known (outside every v4 species)		Cetraspora gilmorei	11.95		Cetraspora gilmorei	3.99		Cetraspora gilmorei	0.22	
Acaulospora_laevis_BEG242_ZUII_ASV1081_BEG	Acaulospora laevis	BEG242	ZUII	novel species, genus in v4		not known (outside every v4 species)		Acaulospora morrowiae	15.77		Acaulospora morrowiae	9.71		Acaulospora morrowiae	3.03	
Dentiscutata_heterogama_IL203A_ZU_ASV1049_INVAM	Dentiscutata heterogama	IL203A	ZU	known species	Dentiscutata heterogama	known possible	Dentiscutata heterogama	Dentiscutata heterogama	4.2	4.2	Dentiscutata heterogama	1.48	1.48	Dentiscutata heterogama	0.66	0.66
Dentiscutata_heterogama_IL203A_ZU_ASV1054_INVAM	Dentiscutata heterogama	IL203A	ZU	known species	Dentiscutata heterogama	known possible	Dentiscutata heterogama	Dentiscutata heterogama	0.0	0.0	Dentiscutata heterogama	0.0	0.0	Dentiscutata heterogama	0.0	0.0
Scutellospora_calospora_BEG245_ZUII_ASV1410_BEG	Scutellospora calospora	BEG245	ZUII	novel lineage, genus not in v4		not known (outside every v4 species)		Dentiscutata heterogama	14.74		Cetraspora gilmorei	9.6		Gigaspora rosea	2.4	
Dentiscutata_heterogama_IL203A_ZU_ASV1014_INVAM	Dentiscutata heterogama	IL203A	ZU	known species	Dentiscutata heterogama	outside own species' spread		Dentiscutata heterogama	6.17	6.17	Dentiscutata heterogama	0.89	0.89	Dentiscutata heterogama	0.0	0.0
Dentiscutata_heterogama_BR154_ZU_ASV1047_INVAM	Dentiscutata heterogama	BR154	ZU	known species	Dentiscutata heterogama	known possible	Dentiscutata heterogama	Dentiscutata heterogama	0.99	0.99	Dentiscutata heterogama	0.0	0.0	Dentiscutata heterogama	0.0	0.0
Dentiscutata_heterogama_IL203A_ZU_ASV1052_INVAM	Dentiscutata heterogama	IL203A	ZU	known species	Dentiscutata heterogama	known possible	Dentiscutata heterogama	Dentiscutata heterogama	0.73	0.73	Dentiscutata heterogama	0.15	0.15	Dentiscutata heterogama	0.0	0.0
Ambispora_leptoticha_CR312_ZUII_ASV1123_INVAM	Ambispora leptoticha	CR312	ZUII	known species	Ambispora leptoticha	known possible	Ambispora leptoticha	Ambispora leptoticha	0.0	0.0	Ambispora leptoticha	0.0	0.0	Ambispora leptoticha	0.0	0.0
Scutellospora_calospora_BEG245_ZUII_ASV1411_BEG	Scutellospora calospora	BEG245	ZUII	novel lineage, genus not in v4		not known (outside every v4 species)		Dentiscutata heterogama	15.53		Cetraspora gilmorei	9.31		Gigaspora rosea	2.18	
Racocetra_gregaria_BEG243_ZU_ASV1051_BEG	Racocetra gregaria	BEG243	ZU	novel lineage, genus not in v4		not known (outside every v4 species)		Cetraspora gilmorei	11.46		Cetraspora gilmorei	3.85		Cetraspora gilmorei	0.22	
Racocetra_gregaria_BEG243_ZU_ASV1035_BEG	Racocetra gregaria	BEG243	ZU	novel lineage, genus not in v4		not known (outside every v4 species)		Cetraspora gilmorei	11.71		Cetraspora gilmorei	3.85		Cetraspora gilmorei	0.44	
Dentiscutata_heterogama_BR154_ZU_ASV1030_INVAM	Dentiscutata heterogama	BR154	ZU	known species	Dentiscutata heterogama	known possible	Dentiscutata heterogama	Dentiscutata heterogama	4.2	4.2	Dentiscutata heterogama	1.48	1.48	Dentiscutata heterogama	0.66	0.66
Dentiscutata_heterogama_BR154_ZU_ASV1038_INVAM	Dentiscutata heterogama	BR154	ZU	known species	Dentiscutata heterogama	known possible	Dentiscutata heterogama	Dentiscutata heterogama	0.73	0.73	Dentiscutata heterogama	0.15	0.15	Dentiscutata heterogama	0.66	0.66
Funneliformis_mosseae_BEG12_ZU_ASV1020_BEG	Funneliformis mosseae	BEG12	ZU	known species	Funneliformis mosseae	known possible	Funneliformis mosseae	Funneliformis mosseae	1.65	1.65	Funneliformis mosseae	0.27	0.27	Funneliformis mosseae	0.0	0.0
Dentiscutata_heterogama_FL728_KU_ASV1001_INVAM	Dentiscutata heterogama	FL728	KU	known species	Dentiscutata heterogama	known possible	Dentiscutata heterogama	Dentiscutata heterogama	1.46	1.46	Dentiscutata heterogama	0.15	0.15	Dentiscutata heterogama	0.0	0.0
Racocetra_gregaria_BEG243_ZUII_ASV1364_BEG	Racocetra gregaria	BEG243	ZUII	novel lineage, genus not in v4		not known (outside every v4 species)		Cetraspora gilmorei	12.2		Cetraspora gilmorei	3.99		Cetraspora gilmorei	0.22	
Scutellospora_calospora_BEG245_ZUII_ASV1412_BEG	Scutellospora calospora	BEG245	ZUII	novel lineage, genus not in v4		not known (outside every v4 species)		Gigaspora rosea	14.93		Cetraspora gilmorei	9.16		Gigaspora rosea	2.18	
Acaulospora_morrowiae_BR983A_ZU_ASV1028_INVAM	Acaulospora morrowiae	BR983A	ZU	known species	Acaulospora morrowiae	outside own species' spread		Acaulospora morrowiae	6.11	6.11	Acaulospora morrowiae	3.42	3.42	Acaulospora morrowiae	0.87	0.87
Funneliformis_mosseae_BEG12_ZU_ASV1050_BEG	Funneliformis mosseae	BEG12	ZU	known species	Funneliformis mosseae	known possible	Funneliformis mosseae	Funneliformis mosseae	2.65	2.65	Funneliformis mosseae	0.4	0.4	Funneliformis mosseae	0.0	0.0
Funneliformis_mosseae_BEG12_ZU_ASV1007_BEG	Funneliformis mosseae	BEG12	ZU	known species	Funneliformis mosseae	known possible	Funneliformis mosseae	Funneliformis mosseae	1.64	1.64	Funneliformis mosseae	0.54	0.54	Funneliformis mosseae	0.0	0.0
Dentiscutata_heterogama_BR154_ZU_ASV1015_INVAM	Dentiscutata heterogama	BR154	ZU	known species	Dentiscutata heterogama	known possible	Dentiscutata heterogama	Dentiscutata heterogama	1.71	1.71	Dentiscutata heterogama	0.44	0.44	Dentiscutata heterogama	0.44	0.44
Racocetra_gregaria_BEG243_ZU_ASV1002_BEG	Racocetra gregaria	BEG243	ZU	novel lineage, genus not in v4		not known (outside every v4 species)		Cetraspora gilmorei	10.98		Cetraspora gilmorei	4.14		Cetraspora gilmorei	0.22	
Ambispora_leptoticha_CR312_ZUII_ASV1124_INVAM	Ambispora leptoticha	CR312	ZUII	known species	Ambispora leptoticha	known possible	Ambispora leptoticha	Ambispora leptoticha	0.0	0.0	Ambispora leptoticha	0.0	0.0	Ambispora leptoticha	0.0	0.0
Dentiscutata_heterogama_IL203A_ZU_ASV1031_INVAM	Dentiscutata heterogama	IL203A	ZU	known species	Dentiscutata heterogama	known possible	Dentiscutata heterogama	Dentiscutata heterogama	0.0	0.0	Dentiscutata heterogama	0.0	0.0	Dentiscutata heterogama	0.0	0.0
Diversispora_sp._W6227_ZUII_ASV1188_INVAM	Diversispora sp.	W6227	ZUII	genus only		genus only: inside Diversispora spurca	Diversispora spurca	Diversispora spurca	0.0		Diversispora spurca	0.0		Diversispora spurca	0.0	
Funneliformis_mosseae_BEG12_ZU_ASV1036_BEG	Funneliformis mosseae	BEG12	ZU	known species	Funneliformis mosseae	known possible	Funneliformis mosseae	Funneliformis mosseae	1.03	1.03	Funneliformis mosseae	0.27	0.27	Funneliformis mosseae	0.0	0.0
Dentiscutata_heterogama_IL203A_ZU_ASV1004_INVAM	Dentiscutata heterogama	IL203A	ZU	known species	Dentiscutata heterogama	known possible	Dentiscutata heterogama	Dentiscutata heterogama	1.46	1.46	Dentiscutata heterogama	0.15	0.15	Dentiscutata heterogama	0.66	0.66
Ambispora_leptoticha_CR312_ZUII_ASV1010_INVAM	Ambispora leptoticha	CR312	ZUII	known species	Ambispora leptoticha	outside own species' spread		Ambispora leptoticha	8.06	8.06	Ambispora leptoticha	0.88	0.88	Ambispora leptoticha	1.53	1.53
Ambispora_leptoticha_CR312_ZUII_ASV1023_INVAM	Ambispora leptoticha	CR312	ZUII	known species	Ambispora leptoticha	known possible	Ambispora leptoticha	Ambispora leptoticha	0.0	0.0	Ambispora leptoticha	0.0	0.0	Ambispora leptoticha	0.0	0.0
Acaulospora_laevis_BEG13_ZUII_ASV1083_BEG	Acaulospora laevis	BEG13	ZUII	novel species, genus in v4		not known (outside every v4 species)		Acaulospora morrowiae	22.15		Acaulospora morrowiae	16.07		Acaulospora morrowiae	5.19	
Acaulospora_laevis_BEG26_ZUII_ASV1084_BEG	Acaulospora laevis	BEG26	ZUII	novel species, genus in v4		not known (outside every v4 species)		Acaulospora morrowiae	23.62		Acaulospora morrowiae	17.85		Acaulospora morrowiae	4.97	
Dentiscutata_heterogama_IL203A_ZU_ASV1009_INVAM	Dentiscutata heterogama	IL203A	ZU	known species	Dentiscutata heterogama	known possible	Dentiscutata heterogama	Dentiscutata heterogama	1.71	1.71	Dentiscutata heterogama	0.89	0.89	Dentiscutata heterogama	0.22	0.22
Septoglomus_deserticola_NC302A_ZUII_ASV1438_INVAM	Septoglomus deserticola	NC302A	ZUII	novel species, genus in v4		not known (outside every v4 species)		Septoglomus viscosum	18.47		Septoglomus viscosum	7.99		Septoglomus viscosum	1.74	
Ambispora_leptoticha_CR312_ZUII_ASV1125_INVAM	Ambispora leptoticha	CR312	ZUII	known species	Ambispora leptoticha	known possible	Ambispora leptoticha	Ambispora leptoticha	0.0	0.0	Ambispora leptoticha	0.0	0.0	Ambispora leptoticha	0.0	0.0
Acaulospora_laevis_BEG242_ZUII_ASV1085_BEG	Acaulospora laevis	BEG242	ZUII	novel species, genus in v4		not known (outside every v4 species)		Acaulospora morrowiae	15.91		Acaulospora morrowiae	9.71		Acaulospora morrowiae	3.03	
Paraglomus_occultum_CU126_ZUII_ASV1356_INVAM	Paraglomus occultum	CU126	ZUII	novel species, genus in v4		not known (outside every v4 species)		Paraglomus laccatum	20.89		Paraglomus laccatum	8.63		Paraglomus brasilianum	1.97	
Racocetra_gregaria_BEG243_ZUII_ASV1365_BEG	Racocetra gregaria	BEG243	ZUII	novel lineage, genus not in v4		not known (outside every v4 species)		Cetraspora gilmorei	12.2		Cetraspora gilmorei	3.85		Cetraspora gilmorei	0.22	
Dentiscutata_heterogama_BR154_ZU_ASV1025_INVAM	Dentiscutata heterogama	BR154	ZU	known species	Dentiscutata heterogama	known possible	Dentiscutata heterogama	Dentiscutata heterogama	1.96	1.96	Dentiscutata heterogama	0.74	0.74	Dentiscutata heterogama	0.22	0.22
Gigaspora_rosea_FL105_11_KU_ASV1032_INVAM	Gigaspora rosea	FL105_11	KU	known species	Gigaspora rosea	known possible	Gigaspora rosea	Gigaspora rosea	0.0	0.0	Gigaspora rosea	0.0	0.0	Gigaspora rosea	0.0	0.0
Racocetra_gregaria_BEG243_ZU_ASV1029_BEG	Racocetra gregaria	BEG243	ZU	novel lineage, genus not in v4		not known (outside every v4 species)		Cetraspora gilmorei	12.2		Cetraspora gilmorei	4.14		Cetraspora gilmorei	0.44	
Scutellospora_calospora_AU212B_ZUII_ASV1413_INVAM	Scutellospora calospora	AU212B	ZUII	novel lineage, genus not in v4		not known (outside every v4 species)		Dentiscutata heterogama	14.0		Cetraspora gilmorei	9.01		Gigaspora rosea	2.62	
Acaulospora_laevis_BEG13_ZUII_ASV1086_BEG	Acaulospora laevis	BEG13	ZUII	novel species, genus in v4		not known (outside every v4 species)		Acaulospora morrowiae	21.33		Acaulospora morrowiae	14.78		Acaulospora morrowiae	5.19	
Funneliformis_mosseae_BEG12_ZU_ASV1041_BEG	Funneliformis mosseae	BEG12	ZU	known species	Funneliformis mosseae	known possible	Funneliformis mosseae	Funneliformis mosseae	2.27	2.27	Funneliformis mosseae	0.13	0.13	Funneliformis mosseae	0.0	0.0
Paraglomus_occultum_CU126_ZUII_ASV1357_INVAM	Paraglomus occultum	CU126	ZUII	novel species, genus in v4		not known (outside every v4 species)		Paraglomus brasilianum	20.25		Paraglomus laccatum	8.77		Paraglomus brasilianum	1.97	
Acaulospora_laevis_BEG13_ZUII_ASV1087_BEG	Acaulospora laevis	BEG13	ZUII	novel species, genus in v4		not known (outside every v4 species)		Acaulospora morrowiae	21.33		Acaulospora morrowiae	14.78		Acaulospora morrowiae	5.19	
Diversispora_sp._W6227_ZUII_ASV1189_INVAM	Diversispora sp.	W6227	ZUII	genus only		genus only: inside Diversispora spurca	Diversispora spurca	Diversispora spurca	0.0		Diversispora spurca	0.0		Diversispora spurca	0.0	
Scutellospora_calospora_AU212B_ZUII_ASV1414_INVAM	Scutellospora calospora	AU212B	ZUII	novel lineage, genus not in v4		not known (outside every v4 species)		Dentiscutata heterogama	14.07		Cetraspora gilmorei	9.45		Gigaspora rosea	2.62	
Septoglomus_deserticola_NC302A_ZUII_ASV1440_INVAM	Septoglomus deserticola	NC302A	ZUII	novel species, genus in v4		not known (outside every v4 species)		Septoglomus turnauae	20.12		Septoglomus africanum	7.93		Septoglomus viscosum	1.74	
Septoglomus_deserticola_NC302A_ZUII_ASV1441_INVAM	Septoglomus deserticola	NC302A	ZUII	novel species, genus in v4		not known (outside every v4 species)		Septoglomus turnauae	20.12		Septoglomus africanum	7.8		Septoglomus viscosum	1.74	
