arm	unit	reference_taxa	cultures	named_species	unnamed	VT_modal	SH_modal	LSU_modal
VT	VTX00028	Acaulospora sp. (10), Acaulospora MO-A1 (4), Acaulospora longula (1)	2	Acaulospora morrowiae (2)			SH1373895.10FU (Acaulosporaceae sp) (1), SH1189682.10FU (Acaulosporaceae sp) (1)	Acaulospora papillosa (2)
VT	VTX00039	Gigaspora sp. (9), Gigaspora margarita (3), Gigaspora gigantea (2)	9	Gigaspora rosea (9)			SH1076683.10FU (Gigaspora rosea) (3), SH1076709.10FU (Gigaspora margarita) (2), SH1076835.10FU (Gigaspora albida) (2), SH1076862.10FU (Gigaspora rosea) (1), SH1076778.10FU (Gigaspora gigantea) (1)	Gigaspora rosea (5), Gigaspora albida (4)
VT	VTX00041	Scutellospora persica (4), Scutellospora sp. (3), Scutellospora fulgida (3)	9	Cetraspora gilmorei (9)			SH1273387.10FU (Cetraspora gilmorei) (8), SH1273382.10FU (Cetraspora nodosa) (1)	Cetraspora gilmorei (9)
VT	VTX00054	Diversispora sp. (1), Diversispora sp. T (1)	2	Diversispora arenaria (1), Diversispora jakucsiae (1)			SH1203608.10FU (Diversispora arenaria) (1), SH1203546.10FU (Diversispora sp) (1)	Diversispora arenaria (1), Diversispora jakucsiae (1)
VT	VTX00060	Diversispora sp. (9), Diversispora celata (7), Diversispora eburnea (2)	4	Diversispora celata (2), Diversispora eburnea (2)			SH1203522.10FU (Diversispora celata) (1), (none) (1), SH1203532.10FU (Diversispora eburnea) (1), SH1203593.10FU (Diversispora eburnea) (1)	Diversispora celata (2), Diversispora eburnea (2)
VT	VTX00061	Diversispora sp. (3), Diversispora epigaea (3), Diversispora Glo12 (2)	2	Diversispora epigaea (2)			SH1203556.10FU (Diversispora epigaea) (1), SH1203728.10FU (Diversispora epigaea) (1)	Diversispora epigaea (2)
VT	VTX00063	Glomus sp. (9), Glomus Goomaral13a Glo1 (2), Glomus Torrecillas 13 Glo G10 (1)	7	Septoglomus viscosum (5)	Septoglomus sp. (2)		(none) (3), SH1297158.10FU (Glomus cubense) (2), SH1389246.10FU (Septoglomus sp) (1), SH1389229.10FU (Septoglomus viscosum) (1)	Septoglomus Viscospora viscosa (4), Septoglomus Viscospora peruviscosa (2), (none) (1)
VT	VTX00064	Glomus sp. (4), Glomus Torrecillas12b Glo G9 (4), Glomus NF21 (2)	5	Septoglomus turnauae (1)	Septoglomus sp. (4)		(none) (2), SH1222928.10FU (Septoglomus sp) (1), SH1222889.10FU (Septoglomus africanum) (1), SH1222853.10FU (Septoglomus turnauae) (1)	Septoglomus africanum (2), Septoglomus altomontanum (1), Septoglomus nigrum (1), Septoglomus turnauae (1)
VT	VTX00065	Glomus sp. (7), Glomus MO-G10 (2), Glomus geosporum (1)	4	Funneliformis caledonium (2), Funneliformis geosporum (2)			SH1077235.10FU (Funneliformis caledonium) (1), SH1077204.10FU (Funneliformis caledonium) (1), (none) (1), SH1077190.10FU (Funneliformis geosporum) (1)	Funneliformis geosporum (2), Funneliformis fragilistratum (1), Funneliformis caledonium (1)
VT	VTX00067	Glomus sp. (7), Glomus mosseae (4), Glomus Glo1B (2)	13	Funneliformis mosseae (13)			SH1077279.10FU (Funneliformis sp) (8), SH1077074.10FU (Funneliformis mosseae) (1), SH1077156.10FU (Funneliformis mosseae) (1), SH1077032.10FU (Funneliformis sp) (1), SH1077152.10FU (Funneliformis sp) (1), SH1077261.10FU (Funneliformis mosseae) (1)	Funneliformis coronatus (12), (none) (1)
VT	VTX00069	Glomus sp. (7), Glomus Kottke08-7 (2), Glomus NES03 (2)	1	Sclerocystis sinuosa (1)			(none) (1)	Sclerocystis sinuosa (1)
VT	VTX00099	Glomus sp. (4), Glomus Yamato09 G (2), Glomus Yamato09 F (2)	1	Rhizophagus prolifer (1)			SH1196889.10FU (Rhizophagus prolifer) (1)	Rhizophagus proliferus (1)
VT	VTX00100	Glomus Yamato08 A2 (3), Glomus Yamato08 A1 (3), Glomus sp. (2)	4	Rhizophagus intraradices (4)			SH1196875.10FU (Rhizoglomus intraradices) (4)	Rhizophagus intraradices (4)
VT	VTX00105	Glomus sp. (5), Glomus Sanchez-Castro12a GLO8 (2), Glomus intraradices (1)	2	Rhizophagus silesianus (2)			SH1337277.10FU (Rhizoglomus silesianum) (1), SH1337561.10FU (Glomeraceae sp) (1)	Rhizophagus silesianus (2)
VT	VTX00113	Glomus sp. (13), Glomus MO-G3 (2), Glomus Torrecillas 13 Glo G1 (1)	8	[Rhizoglomus] vesiculiferum (6), Rhizophagus irregularis (2)			SH1337520.10FU (Rhizophagus irregularis) (2), SH1337279.10FU (Rhizophagus sp) (1), SH1337164.10FU (Glomeraceae sp) (1), (none) (1), SH1337446.10FU (Glomeraceae sp) (1), SH1337596.10FU (Rhizophagus sp) (1), SH1337148.10FU (Glomeraceae sp) (1)	Rhizophagus vesiculiferus (6), Rhizophagus irregularis (2)
VT	VTX00114	Glomus sp. (7), Glomus irregulare (2), Glomus Alguacil14b Glo3 (1)	9	Rhizophagus irregularis (9)			SH1337270.10FU (Rhizophagus irregularis) (8), SH1337640.10FU (Rhizophagus irregularis) (1)	Rhizophagus irregularis (9)
VT	VTX00115	Glomus sp. (12), Glomus MO-G13 (2), Glomus PSAMG4 (1)	2	[Rhizoglomus] vesiculiferum (2)			(none) (1), SH1337368.10FU (Glomeromycota sp) (1)	(none) (1), Rhizophagus vesiculiferus (1)
VT	VTX00125	Glomus sp. (12), Glomus Goomaral13b Glo 9 (2), Glomus MVK-06-I (1)	1	Microdominikia litorea (1)			SH1399150.10FU (Microdominikia litorea) (1)	Microdominikia litorea (1)
VT	VTX00143	Glomus sp. (8), Glomus MO-G20 (3), Glomus Glo4 (3)	2	Dominikia bonfanteae (2)			SH1398916.10FU (Dominikia sp) (1), SH1399966.10FU (Dominikia sp) (1)	Dominikia bonfanteae (2)
VT	VTX00153	Glomus sp. (9), Glomus Sanchez-Castro12a GLO1 (3), Glomus BV-WUB-5 (2)	2	Dominikia duoreactiva (2)			(none) (2)	Dominikia duoreactiva (2)
VT	VTX00199	Glomus sp. (7), Glomus MO-G7 (3), Glomus Glo9 (2)	19	Glomus rugosae (9), Glomus tetrastratosum (5), Glomus chinense (4), Glomus macrocarpum (1)			(none) (11), SH1051255.10FU (Glomeraceae sp) (3), SH1051349.10FU (Glomus macrocarpum) (2), SH1051271.10FU (Glomus macrocarpum) (1), SH1051242.10FU (Glomeraceae sp) (1), SH1051280.10FU (Glomus tetrastratosum) (1)	Glomus rugosae (9), Glomus tetrastratosum (5), Glomus chinense (4), Glomus macrocarpum (1)
VT	VTX00219	Glomus sp. (7), Glomus Glo2 (3), Glomus Glomus 3a-d (1)	2		Glomus sp. (2)		SH1057951.10FU (Glomeraceae sp) (2)	(none) (2)
VT	VTX00222	Glomus sp. (10), Glomus sp. 8 (1), Glomus Alguacil12a Glo G16 (1)	1	Microdominikia litorea (1)			SH1399939.10FU (Microdominikia sp) (1)	Microdominikia litorea (1)
VT	VTX00239	Paraglomus sp. (3), Paraglomus Desiro13a MIB 8553.2 (1), Paraglomus Alguacil11d Pa2 (1)	7	Paraglomus brasilianum (5)	Paraglomus sp. (2)		SH1358107.10FU (Paraglomus brasilianum) (4), (none) (2), SH1358122.10FU (Paraglomus brasilianum) (1)	Paraglomus brasilianum (5), (none) (2)
VT	VTX00242	Ambispora leptoticha (6), Ambispora sp. (3), Ambispora callosa (2)	5	Ambispora callosa (3), Ambispora leptoticha (2)			SH1196100.10FU (Ambispora callosa) (2), SH1196070.10FU (Ambispora callosa) (1), SH1196065.10FU (Ambispora leptoticha) (1), (none) (1)	Ambispora leptoticha (5)
VT	VTX00248	Glomus sp. (7), Glomus Yamato09 A1 (3), Glomus Yamato09 A2 (3)	2		Rhizophagus sp. (in: glomeromycetes) (2)		SH1390445.10FU (Rhizophagus fasciculatus) (1), SH1390458.10FU (Rhizophagus sp) (1)	Rhizophagus fasciculatus (2)
VT	VTX00255	Scutellospora heterogama (1), Scutellospora sp. (1), Scutellospora heterogama T (1)	2	Dentiscutata heterogama (2)			SH1076673.10FU (Scutellospora heterogama) (1), SH1076749.10FU (Scutellospora heterogama) (1)	Dentiscutata Fuscutata aurea (2)
VT	VTX00263	Diversispora sp. (2), Diversispora spurca (2), Diversispora spurca T (1)	3	Diversispora spurca (3)			(none) (1), SH1203583.10FU (Diversispora spurca) (1), SH1203684.10FU (Diversispora spurca) (1)	(none) (3)
VT	VTX00265	Glomus coronatum (2), Glomus constrictum (2), Glomus mosseae (2)	4	Funneliformis coronatus (4)			SH1076991.10FU (Funneliformis coronatum) (1), SH1077025.10FU (Funneliformis coronatum) (1), SH1077211.10FU (Funneliformis coronatum) (1), (none) (1)	Funneliformis coronatus (4)
VT	VTX00281	Paraglomus sp. (7), Paraglomus Alguacil11d Pa1 (3), Paraglomus Alguacil14b Para1 (2)	2	Paraglomus laccatum (1)	Paraglomus sp. (1)		SH1245756.10FU (Paraglomerales sp) (1), SH1245831.10FU (Paraglomus laccatum) (1)	Paraglomus laccatum (2)
VT	VTX00306	Diversispora sp. T (1)	9	Diversispora varaderana (7), Diversispora aestuarii (2)			SH1203558.10FU (Diversispora sp) (7), (none) (1), SH1203712.10FU (Diversispora varaderana) (1)	Diversispora varaderana (8), Diversispora bareai (1)
VT	VTX00309	Glomus sp. (12), Glomus LER05 (2), Glomus Alguacil14b Glo4 (1)	4	Oehlia diaphana (4)			SH1339677.10FU (Glomeraceae sp) (2), SH1339659.10FU (Rhizophagus sp) (1), SH1339658.10FU (Glomeromycota sp) (1)	Oehlia diaphana (4)
SH	SH1051242.10FU	Glomeraceae sp (1)	1	Glomus rugosae (1)		VTX00199 (1)		Glomus rugosae (1)
SH	SH1051255.10FU	Glomeraceae sp (22), Glomus tetrastratosum (12), Glomus sp (7)	3	Glomus tetrastratosum (3)		VTX00199 (3)		Glomus tetrastratosum (3)
SH	SH1051271.10FU	Glomus macrocarpum (8), Glomus sp (7)	1	Glomus macrocarpum (1)		VTX00199 (1)		Glomus macrocarpum (1)
SH	SH1051280.10FU	Glomus tetrastratosum (2), Glomus sp (1)	1	Glomus tetrastratosum (1)		VTX00199 (1)		Glomus tetrastratosum (1)
SH	SH1051349.10FU	Glomus macrocarpum (8)	2	Glomus rugosae (2)		VTX00199 (2)		Glomus rugosae (2)
SH	SH1057951.10FU	Glomeraceae sp (7)	2		Glomus sp. (2)	VTX00219 (2)		(none) (2)
SH	SH1076673.10FU	Scutellospora heterogama (2), Scutellospora sp (1)	1	Dentiscutata heterogama (1)		VTX00255 (1)		Dentiscutata Fuscutata aurea (1)
SH	SH1076683.10FU	Gigaspora rosea (6)	3	Gigaspora rosea (3)		VTX00039 (3)		Gigaspora rosea (3)
SH	SH1076709.10FU	Gigaspora margarita (2)	2	Gigaspora rosea (2)		VTX00039 (2)		Gigaspora albida (2)
SH	SH1076749.10FU	Scutellospora heterogama (2), Dentiscutata heterogama (1)	1	Dentiscutata heterogama (1)		VTX00255 (1)		Dentiscutata Fuscutata aurea (1)
SH	SH1076778.10FU	Gigaspora gigantea (1)	1	Gigaspora rosea (1)		VTX00039 (1)		Gigaspora rosea (1)
SH	SH1076835.10FU	Gigaspora albida (1)	2	Gigaspora rosea (2)		VTX00039 (2)		Gigaspora albida (2)
SH	SH1076862.10FU	Gigaspora rosea (14), Gigaspora ramisporophora (1)	1	Gigaspora rosea (1)		VTX00039 (1)		Gigaspora rosea (1)
SH	SH1076991.10FU	Funneliformis coronatum (1)	1	Funneliformis coronatus (1)		VTX00265 (1)		Funneliformis coronatus (1)
SH	SH1077025.10FU	Funneliformis coronatum (27), Funneliformis sp (12), Funneliformis coronatus (9)	1	Funneliformis coronatus (1)		VTX00265 (1)		Funneliformis coronatus (1)
SH	SH1077032.10FU	Funneliformis sp (1)	1	Funneliformis mosseae (1)		VTX00067 (1)		Funneliformis coronatus (1)
SH	SH1077074.10FU	Funneliformis mosseae (1)	1	Funneliformis mosseae (1)		VTX00067 (1)		Funneliformis coronatus (1)
SH	SH1077152.10FU	Funneliformis sp (1)	1	Funneliformis mosseae (1)		VTX00067 (1)		Funneliformis coronatus (1)
SH	SH1077156.10FU	Funneliformis mosseae (1)	1	Funneliformis mosseae (1)		VTX00067 (1)		Funneliformis coronatus (1)
SH	SH1077190.10FU	Funneliformis geosporum (32), Glomeraceae sp (5), Funneliformis sp (2)	1	Funneliformis geosporum (1)		VTX00065 (1)		Funneliformis geosporum (1)
SH	SH1077204.10FU	Funneliformis caledonium (12)	1	Funneliformis caledonium (1)		VTX00065 (1)		Funneliformis caledonium (1)
SH	SH1077211.10FU	Funneliformis coronatum (1)	1	Funneliformis coronatus (1)		VTX00265 (1)		Funneliformis coronatus (1)
SH	SH1077235.10FU	Funneliformis caledonium (5), Glomeraceae sp (2)	1	Funneliformis caledonium (1)		VTX00065 (1)		Funneliformis fragilistratum (1)
SH	SH1077261.10FU	Funneliformis mosseae (2)	1	Funneliformis mosseae (1)		VTX00067 (1)		Funneliformis coronatus (1)
SH	SH1077279.10FU	Funneliformis sp (100), Funneliformis mosseae (71), Funneliformis dimorphicus (4)	8	Funneliformis mosseae (8)		VTX00067 (8)		Funneliformis coronatus (7), (none) (1)
SH	SH1189682.10FU	Acaulosporaceae sp (2)	1	Acaulospora morrowiae (1)		VTX00028 (1)		Acaulospora papillosa (1)
SH	SH1196065.10FU	Ambispora leptoticha (8)	1	Ambispora leptoticha (1)		VTX00242 (1)		Ambispora leptoticha (1)
SH	SH1196070.10FU	Ambispora callosa (6), Glomeromycota sp (1)	1	Ambispora callosa (1)		VTX00242 (1)		Ambispora leptoticha (1)
SH	SH1196100.10FU	Ambispora callosa (7)	2	Ambispora callosa (2)		VTX00242 (2)		Ambispora leptoticha (2)
SH	SH1196875.10FU	Rhizoglomus intraradices (19), Glomeraceae sp (2)	4	Rhizophagus intraradices (4)		VTX00100 (4)		Rhizophagus intraradices (4)
SH	SH1196889.10FU	Rhizophagus prolifer (14), Glomus sp (1)	1	Rhizophagus prolifer (1)		VTX00099 (1)		Rhizophagus proliferus (1)
SH	SH1203522.10FU	Diversispora celata (2)	1	Diversispora celata (1)		VTX00060 (1)		Diversispora celata (1)
SH	SH1203532.10FU	Diversispora eburnea (3)	1	Diversispora eburnea (1)		VTX00060 (1)		Diversispora eburnea (1)
SH	SH1203546.10FU	Diversispora sp (2)	1	Diversispora jakucsiae (1)		VTX00054 (1)		Diversispora jakucsiae (1)
SH	SH1203556.10FU	Diversispora epigaea (1), Diversispora sp (1)	1	Diversispora epigaea (1)		VTX00061 (1)		Diversispora epigaea (1)
SH	SH1203558.10FU	Diversispora sp (2)	7	Diversispora varaderana (7)		VTX00306 (7)		Diversispora varaderana (6), Diversispora bareai (1)
SH	SH1203583.10FU	Diversispora spurca (4)	1	Diversispora spurca (1)		VTX00263 (1)		(none) (1)
SH	SH1203593.10FU	Diversispora eburnea (3)	1	Diversispora eburnea (1)		VTX00060 (1)		Diversispora eburnea (1)
SH	SH1203608.10FU	Diversispora arenaria (4), Diversispora sp (1)	1	Diversispora arenaria (1)		VTX00054 (1)		Diversispora arenaria (1)
SH	SH1203684.10FU	Diversispora spurca (11), Diversispora sp (2)	1	Diversispora spurca (1)		VTX00263 (1)		(none) (1)
SH	SH1203712.10FU	Diversispora varaderana (1), Diversispora aestuarii (1)	1	Diversispora aestuarii (1)		VTX00306 (1)		Diversispora varaderana (1)
SH	SH1203728.10FU	Diversispora epigaea (2), Diversispora sp (1)	1	Diversispora epigaea (1)		VTX00061 (1)		Diversispora epigaea (1)
SH	SH1222853.10FU	Septoglomus turnauae (7)	1	Septoglomus turnauae (1)		VTX00064 (1)		Septoglomus turnauae (1)
SH	SH1222889.10FU	Septoglomus africanum (1)	1		Septoglomus sp. (1)	VTX00064 (1)		Septoglomus africanum (1)
SH	SH1222928.10FU	Septoglomus sp (3)	1		Septoglomus sp. (1)	VTX00064 (1)		Septoglomus altomontanum (1)
SH	SH1245756.10FU	Paraglomerales sp (2), Paraglomus sp (2), Paraglomus laccatum (1)	1	Paraglomus laccatum (1)		VTX00281 (1)		Paraglomus laccatum (1)
SH	SH1245831.10FU	Paraglomus laccatum (2)	1		Paraglomus sp. (1)	VTX00281 (1)		Paraglomus laccatum (1)
SH	SH1273382.10FU	Cetraspora nodosa (1)	1	Cetraspora gilmorei (1)		VTX00041 (1)		Cetraspora gilmorei (1)
SH	SH1273387.10FU	Cetraspora gilmorei (24), Cetraspora nodosa (4), Cetraspora armeniaca (1)	8	Cetraspora gilmorei (8)		VTX00041 (8)		Cetraspora gilmorei (8)
SH	SH1297158.10FU	Glomus cubense (1)	2		Septoglomus sp. (2)	VTX00063 (2)		Septoglomus Viscospora peruviscosa (2)
SH	SH1337148.10FU	Glomeraceae sp (1)	1	[Rhizoglomus] vesiculiferum (1)		VTX00113 (1)		Rhizophagus vesiculiferus (1)
SH	SH1337164.10FU	Glomeraceae sp (5), Rhizophagus sp (1), Rhizophagus irregularis (1)	1	Rhizophagus irregularis (1)		VTX00113 (1)		Rhizophagus irregularis (1)
SH	SH1337270.10FU	Rhizophagus irregularis (181), Rhizophagus sp (42), Glomeraceae sp (10)	8	Rhizophagus irregularis (8)		VTX00114 (8)		Rhizophagus irregularis (8)
SH	SH1337277.10FU	Rhizoglomus silesianum (4)	1	Rhizophagus silesianus (1)		VTX00105 (1)		Rhizophagus silesianus (1)
SH	SH1337279.10FU	Rhizophagus sp (1)	1	Rhizophagus irregularis (1)		VTX00113 (1)		Rhizophagus irregularis (1)
SH	SH1337368.10FU	Glomeromycota sp (1)	1	[Rhizoglomus] vesiculiferum (1)		VTX00115 (1)		Rhizophagus vesiculiferus (1)
SH	SH1337446.10FU	Glomeraceae sp (10)	1	[Rhizoglomus] vesiculiferum (1)		VTX00113 (1)		Rhizophagus vesiculiferus (1)
SH	SH1337520.10FU	Rhizophagus irregularis (6), Glomeraceae sp (1)	2	[Rhizoglomus] vesiculiferum (2)		VTX00113 (2)		Rhizophagus vesiculiferus (2)
SH	SH1337561.10FU	Glomeraceae sp (2)	1	Rhizophagus silesianus (1)		VTX00105 (1)		Rhizophagus silesianus (1)
SH	SH1337596.10FU	Rhizophagus sp (1)	1	[Rhizoglomus] vesiculiferum (1)		VTX00113 (1)		Rhizophagus vesiculiferus (1)
SH	SH1337640.10FU	Rhizophagus irregularis (42), Glomeraceae sp (6), Rhizophagus sp (5)	1	Rhizophagus irregularis (1)		VTX00114 (1)		Rhizophagus irregularis (1)
SH	SH1339658.10FU	Glomeromycota sp (1), Oehlia diaphana (1)	1	Oehlia diaphana (1)		VTX00309 (1)		Oehlia diaphana (1)
SH	SH1339659.10FU	Rhizophagus sp (5)	1	Oehlia diaphana (1)		VTX00309 (1)		Oehlia diaphana (1)
SH	SH1339677.10FU	Glomeraceae sp (1)	2	Oehlia diaphana (2)		VTX00309 (2)		Oehlia diaphana (2)
SH	SH1358107.10FU	Paraglomus brasilianum (66), Paraglomus sp (4), Paraglomus laccatum (3)	4	Paraglomus brasilianum (4)		VTX00239 (4)		Paraglomus brasilianum (4)
SH	SH1358122.10FU	Paraglomus brasilianum (12), Paraglomus laccatum (5)	1	Paraglomus brasilianum (1)		VTX00239 (1)		Paraglomus brasilianum (1)
SH	SH1373895.10FU	Acaulosporaceae sp (1)	1	Acaulospora morrowiae (1)		VTX00028 (1)		Acaulospora papillosa (1)
SH	SH1389229.10FU	Septoglomus viscosum (1)	1	Septoglomus viscosum (1)		VTX00063 (1)		Septoglomus Viscospora viscosa (1)
SH	SH1389246.10FU	Septoglomus sp (3), Septoglomus viscosum (2)	1	Septoglomus viscosum (1)		VTX00063 (1)		(none) (1)
SH	SH1390445.10FU	Rhizophagus fasciculatus (3), Rhizophagus sp (2)	1		Rhizophagus sp. (in: glomeromycetes) (1)	VTX00248 (1)		Rhizophagus fasciculatus (1)
SH	SH1390458.10FU	Rhizophagus sp (2)	1		Rhizophagus sp. (in: glomeromycetes) (1)	VTX00248 (1)		Rhizophagus fasciculatus (1)
SH	SH1398916.10FU	Dominikia sp (4), Glomus sp (3)	1	Dominikia bonfanteae (1)		VTX00143 (1)		Dominikia bonfanteae (1)
SH	SH1399150.10FU	Microdominikia litorea (4), Microdominikia sp (2)	1	Microdominikia litorea (1)		VTX00125 (1)		Microdominikia litorea (1)
SH	SH1399939.10FU	Microdominikia sp (14), Glomus sp (2), Microdominikia litorea (2)	1	Microdominikia litorea (1)		VTX00222 (1)		Microdominikia litorea (1)
SH	SH1399966.10FU	Dominikia sp (15), Glomeraceae sp (14)	1	Dominikia bonfanteae (1)		VTX00143 (1)		Dominikia bonfanteae (1)
LSU	Acaulospora papillosa	Acaulospora papillosa (2)	2	Acaulospora morrowiae (2)		VTX00028 (2)	SH1373895.10FU (Acaulosporaceae sp) (1), SH1189682.10FU (Acaulosporaceae sp) (1)	
LSU	Ambispora leptoticha	Ambispora leptoticha (2)	5	Ambispora callosa (3), Ambispora leptoticha (2)		VTX00242 (5)	SH1196100.10FU (Ambispora callosa) (2), SH1196070.10FU (Ambispora callosa) (1), SH1196065.10FU (Ambispora leptoticha) (1), (none) (1)	
LSU	Cetraspora gilmorei	Cetraspora gilmorei (2)	9	Cetraspora gilmorei (9)		VTX00041 (9)	SH1273387.10FU (Cetraspora gilmorei) (8), SH1273382.10FU (Cetraspora nodosa) (1)	
LSU	Dentiscutata Fuscutata aurea	Dentiscutata Fuscutata aurea (2)	2	Dentiscutata heterogama (2)		VTX00255 (2)	SH1076673.10FU (Scutellospora heterogama) (1), SH1076749.10FU (Scutellospora heterogama) (1)	
LSU	Diversispora arenaria	Diversispora arenaria (2)	1	Diversispora arenaria (1)		VTX00054 (1)	SH1203608.10FU (Diversispora arenaria) (1)	
LSU	Diversispora bareai	Diversispora bareai (2)	1	Diversispora varaderana (1)		VTX00306 (1)	SH1203558.10FU (Diversispora sp) (1)	
LSU	Diversispora celata	Diversispora celata (2)	2	Diversispora celata (2)		VTX00060 (2)	SH1203522.10FU (Diversispora celata) (1), (none) (1)	
LSU	Diversispora eburnea	Diversispora eburnea (2)	2	Diversispora eburnea (2)		VTX00060 (2)	SH1203532.10FU (Diversispora eburnea) (1), SH1203593.10FU (Diversispora eburnea) (1)	
LSU	Diversispora epigaea	Diversispora epigaea (2)	2	Diversispora epigaea (2)		VTX00061 (2)	SH1203556.10FU (Diversispora epigaea) (1), SH1203728.10FU (Diversispora epigaea) (1)	
LSU	Diversispora jakucsiae	Diversispora jakucsiae (2)	1	Diversispora jakucsiae (1)		VTX00054 (1)	SH1203546.10FU (Diversispora sp) (1)	
LSU	Diversispora varaderana	Diversispora varaderana (2)	8	Diversispora varaderana (6), Diversispora aestuarii (2)		VTX00306 (8)	SH1203558.10FU (Diversispora sp) (6), (none) (1), SH1203712.10FU (Diversispora varaderana) (1)	
LSU	Dominikia bonfanteae	Dominikia bonfanteae (2)	2	Dominikia bonfanteae (2)		VTX00143 (2)	SH1398916.10FU (Dominikia sp) (1), SH1399966.10FU (Dominikia sp) (1)	
LSU	Dominikia duoreactiva	Dominikia duoreactiva (2)	2	Dominikia duoreactiva (2)		VTX00153 (2)	(none) (2)	
LSU	Funneliformis caledonium	Funneliformis caledonium (3)	1	Funneliformis caledonium (1)		VTX00065 (1)	SH1077204.10FU (Funneliformis caledonium) (1)	
LSU	Funneliformis coronatus	Funneliformis coronatus (2)	16	Funneliformis mosseae (12), Funneliformis coronatus (4)		VTX00067 (12), VTX00265 (4)	SH1077279.10FU (Funneliformis sp) (7), SH1076991.10FU (Funneliformis coronatum) (1), SH1077025.10FU (Funneliformis coronatum) (1), SH1077211.10FU (Funneliformis coronatum) (1), (none) (1), SH1077074.10FU (Funneliformis mosseae) (1), SH1077156.10FU (Funneliformis mosseae) (1), SH1077032.10FU (Funneliformis sp) (1), SH1077152.10FU (Funneliformis sp) (1), SH1077261.10FU (Funneliformis mosseae) (1)	
LSU	Funneliformis fragilistratum	Funneliformis fragilistratum (2)	1	Funneliformis caledonium (1)		VTX00065 (1)	SH1077235.10FU (Funneliformis caledonium) (1)	
LSU	Funneliformis geosporum	Funneliformis geosporum (1)	2	Funneliformis geosporum (2)		VTX00065 (2)	(none) (1), SH1077190.10FU (Funneliformis geosporum) (1)	
LSU	Gigaspora albida	Gigaspora albida (2)	4	Gigaspora rosea (4)		VTX00039 (4)	SH1076709.10FU (Gigaspora margarita) (2), SH1076835.10FU (Gigaspora albida) (2)	
LSU	Gigaspora rosea	Gigaspora rosea (2)	5	Gigaspora rosea (5)		VTX00039 (5)	SH1076683.10FU (Gigaspora rosea) (3), SH1076862.10FU (Gigaspora rosea) (1), SH1076778.10FU (Gigaspora gigantea) (1)	
LSU	Glomus chinense	Glomus chinense (2)	4	Glomus chinense (4)		VTX00199 (4)	(none) (4)	
LSU	Glomus macrocarpum	Glomus macrocarpum (2)	1	Glomus macrocarpum (1)		VTX00199 (1)	SH1051271.10FU (Glomus macrocarpum) (1)	
LSU	Glomus rugosae	Glomus rugosae (2)	9	Glomus rugosae (9)		VTX00199 (9)	(none) (6), SH1051349.10FU (Glomus macrocarpum) (2), SH1051242.10FU (Glomeraceae sp) (1)	
LSU	Glomus tetrastratosum	Glomus tetrastratosum (2)	5	Glomus tetrastratosum (5)		VTX00199 (5)	SH1051255.10FU (Glomeraceae sp) (3), SH1051280.10FU (Glomus tetrastratosum) (1), (none) (1)	
LSU	Microdominikia litorea	Microdominikia litorea (2)	2	Microdominikia litorea (2)		VTX00222 (1), VTX00125 (1)	SH1399939.10FU (Microdominikia sp) (1), SH1399150.10FU (Microdominikia litorea) (1)	
LSU	Oehlia diaphana	Oehlia diaphana (2)	4	Oehlia diaphana (4)		VTX00309 (4)	SH1339677.10FU (Glomeraceae sp) (2), SH1339659.10FU (Rhizophagus sp) (1), SH1339658.10FU (Glomeromycota sp) (1)	
LSU	Paraglomus brasilianum	Paraglomus brasilianum (2)	5	Paraglomus brasilianum (5)		VTX00239 (5)	SH1358107.10FU (Paraglomus brasilianum) (4), SH1358122.10FU (Paraglomus brasilianum) (1)	
LSU	Paraglomus laccatum	Paraglomus laccatum (2)	2	Paraglomus laccatum (1)	Paraglomus sp. (1)	VTX00281 (2)	SH1245756.10FU (Paraglomerales sp) (1), SH1245831.10FU (Paraglomus laccatum) (1)	
LSU	Rhizophagus fasciculatus	Rhizophagus fasciculatus (2)	2		Rhizophagus sp. (in: glomeromycetes) (2)	VTX00248 (2)	SH1390445.10FU (Rhizophagus fasciculatus) (1), SH1390458.10FU (Rhizophagus sp) (1)	
LSU	Rhizophagus intraradices	Rhizophagus intraradices (2)	4	Rhizophagus intraradices (4)		VTX00100 (4)	SH1196875.10FU (Rhizoglomus intraradices) (4)	
LSU	Rhizophagus irregularis	Rhizophagus irregularis (2)	11	Rhizophagus irregularis (11)		VTX00114 (9), VTX00113 (2)	SH1337270.10FU (Rhizophagus irregularis) (8), SH1337279.10FU (Rhizophagus sp) (1), SH1337640.10FU (Rhizophagus irregularis) (1), SH1337164.10FU (Glomeraceae sp) (1)	
LSU	Rhizophagus proliferus	Rhizophagus proliferus (2)	1	Rhizophagus prolifer (1)		VTX00099 (1)	SH1196889.10FU (Rhizophagus prolifer) (1)	
LSU	Rhizophagus silesianus	Rhizophagus silesianus (2)	2	Rhizophagus silesianus (2)		VTX00105 (2)	SH1337277.10FU (Rhizoglomus silesianum) (1), SH1337561.10FU (Glomeraceae sp) (1)	
LSU	Rhizophagus vesiculiferus	Rhizophagus vesiculiferus (2)	7	[Rhizoglomus] vesiculiferum (7)		VTX00113 (6), VTX00115 (1)	SH1337520.10FU (Rhizophagus irregularis) (2), (none) (1), SH1337446.10FU (Glomeraceae sp) (1), SH1337596.10FU (Rhizophagus sp) (1), SH1337368.10FU (Glomeromycota sp) (1), SH1337148.10FU (Glomeraceae sp) (1)	
LSU	Sclerocystis sinuosa	Sclerocystis sinuosa (2)	1	Sclerocystis sinuosa (1)		VTX00069 (1)	(none) (1)	
LSU	Septoglomus Viscospora peruviscosa	Septoglomus Viscospora peruviscosa (2)	2		Septoglomus sp. (2)	VTX00063 (2)	SH1297158.10FU (Glomus cubense) (2)	
LSU	Septoglomus Viscospora viscosa	Septoglomus Viscospora viscosa (2)	4	Septoglomus viscosum (4)		VTX00063 (4)	(none) (3), SH1389229.10FU (Septoglomus viscosum) (1)	
LSU	Septoglomus africanum	Septoglomus africanum (2)	2		Septoglomus sp. (2)	VTX00064 (2)	(none) (1), SH1222889.10FU (Septoglomus africanum) (1)	
LSU	Septoglomus altomontanum	Septoglomus altomontanum (2)	1		Septoglomus sp. (1)	VTX00064 (1)	SH1222928.10FU (Septoglomus sp) (1)	
LSU	Septoglomus nigrum	Septoglomus nigrum (2)	1		Septoglomus sp. (1)	VTX00064 (1)	(none) (1)	
LSU	Septoglomus turnauae	Septoglomus turnauae (2)	1	Septoglomus turnauae (1)		VTX00064 (1)	SH1222853.10FU (Septoglomus turnauae) (1)	
