culture	organism	order	genus	name_status	n_copies	n_main	n_divergent	n_outlier	n_libraries	named	VT_modal	VT_modal_tie	VT_main_assigned	VT_labels	VT_divergent	LSU_modal	LSU_modal_tie	LSU_main_assigned	LSU_labels	LSU_divergent
Acaulospora morrowiae | BF_TM_1197A	Acaulospora morrowiae	Diversisporales	Acaulospora	ok	7	7	0	0	1	True	VTX00028	0	7/7	VTX00028:7		Acaulospora papillosa	0	7/7	Acaulospora papillosa:7	
Acaulospora morrowiae | CR315B_2019A	Acaulospora morrowiae	Diversisporales	Acaulospora	ok	3	3	0	0	1	True	VTX00028	0	3/3	VTX00028:3		Acaulospora papillosa	0	3/3	Acaulospora papillosa:3	
Ambispora callosa | JA116_2012B	Ambispora callosa	Archaeosporales	Ambispora	ok	7	7	0	0	1	True	VTX00242	0	7/7	VTX00242:7		Ambispora leptoticha	0	7/7	Ambispora leptoticha:7	
Ambispora callosa | MAFF520057_2499A	Ambispora callosa	Archaeosporales	Ambispora	ok	4	4	0	0	1	True	VTX00242	0	4/4	VTX00242:4		Ambispora leptoticha	0	4/4	Ambispora leptoticha:4	
Ambispora callosa | MAFF520084_2504A	Ambispora callosa	Archaeosporales	Ambispora	ok	9	9	0	0	1	True	VTX00242	0	9/9	VTX00242:9		Ambispora leptoticha	0	9/9	Ambispora leptoticha:9	
Ambispora leptoticha | MAFF520090_2501A	Ambispora leptoticha	Archaeosporales	Ambispora	ok	1	1	0	0	1	True	VTX00242	0	1/1	VTX00242:1		Ambispora leptoticha	0	1/1	Ambispora leptoticha:1	
Ambispora leptoticha | ON205A	Ambispora leptoticha	Archaeosporales	Ambispora	ok	9	9	0	0	2	True	VTX00242	0	9/9	VTX00242:9		Ambispora leptoticha	0	9/9	Ambispora leptoticha:9	
Cetraspora gilmorei | 4385	Cetraspora gilmorei	Diversisporales	Cetraspora	ok	8	8	0	0	1	True	VTX00041	0	8/8	VTX00041:8		Cetraspora gilmorei	0	8/8	Cetraspora gilmorei:8	
Cetraspora gilmorei | 4397_453A	Cetraspora gilmorei	Diversisporales	Cetraspora	ok	2	2	0	0	1	True	VTX00041	0	2/2	VTX00041:2		Cetraspora gilmorei	0	2/2	Cetraspora gilmorei:2	
Cetraspora gilmorei | 4398_831C	Cetraspora gilmorei	Diversisporales	Cetraspora	ok	7	7	0	0	1	True	VTX00041	0	7/7	VTX00041:7		Cetraspora gilmorei	0	7/7	Cetraspora gilmorei:7	
Cetraspora gilmorei | 4414_1105C	Cetraspora gilmorei	Diversisporales	Cetraspora	ok	10	10	0	0	1	True	VTX00041	0	10/10	VTX00041:10		Cetraspora gilmorei	0	10/10	Cetraspora gilmorei:10	
Cetraspora gilmorei | 4419_860D	Cetraspora gilmorei	Diversisporales	Cetraspora	ok	9	9	0	0	1	True	VTX00041	0	9/9	VTX00041:9		Cetraspora gilmorei	0	9/9	Cetraspora gilmorei:9	
Cetraspora gilmorei | 4430_2047A	Cetraspora gilmorei	Diversisporales	Cetraspora	ok	5	5	0	0	1	True	VTX00041	0	5/5	VTX00041:5		Cetraspora gilmorei	0	5/5	Cetraspora gilmorei:5	
Cetraspora gilmorei | 4436_787A	Cetraspora gilmorei	Diversisporales	Cetraspora	ok	5	5	0	0	1	True	VTX00041	0	5/5	VTX00041:5		Cetraspora gilmorei	0	5/5	Cetraspora gilmorei:5	
Cetraspora gilmorei | CW0008_2669B	Cetraspora gilmorei	Diversisporales	Cetraspora	ok	10	10	0	0	2	True	VTX00041	0	10/10	VTX00041:10		Cetraspora gilmorei	0	10/10	Cetraspora gilmorei:10	
Cetraspora gilmorei | CW0008_4007A	Cetraspora gilmorei	Diversisporales	Cetraspora	ok	4	4	0	0	1	True	VTX00041	0	4/4	VTX00041:4		Cetraspora gilmorei	0	4/4	Cetraspora gilmorei:4	
Dentiscutata heterogama | BEG_35_2003A	Dentiscutata heterogama	Diversisporales	Dentiscutata	ok	3	3	0	0	1	True	VTX00255	0	3/3	VTX00255:3		Dentiscutata Fuscutata aurea	0	3/3	Dentiscutata Fuscutata aurea:3	
Dentiscutata heterogama | CL157_2013B	Dentiscutata heterogama	Diversisporales	Dentiscutata	ok	3	3	0	0	1	True	VTX00255	0	3/3	VTX00255:3		Dentiscutata Fuscutata aurea	0	3/3	Dentiscutata Fuscutata aurea:3	
Diversispora aestuarii | 4403_745C	Diversispora aestuarii	Diversisporales	Diversispora	ok	10	10	0	0	1	True	VTX00306	0	10/10	VTX00306:10		Diversispora varaderana	0	10/10	Diversispora varaderana:10	
Diversispora aestuarii | 4485_952D	Diversispora aestuarii	Diversisporales	Diversispora	ok	10	10	0	0	1	True	VTX00306	0	10/10	VTX00306:10		Diversispora varaderana	0	10/10	Diversispora varaderana:9,Diversispora bareai:1	
Diversispora arenaria | Blasz_14_2274A	Diversispora arenaria	Diversisporales	Diversispora	ok	4	4	0	0	1	True	VTX00054	0	4/4	VTX00054:4		Diversispora arenaria	0	4/4	Diversispora arenaria:4	
Diversispora celata | 4381_68A	Diversispora celata	Diversisporales	Diversispora	ok	5	5	0	0	1	True	VTX00060	0	5/5	VTX00060:5		Diversispora celata	0	5/5	Diversispora celata:5	
Diversispora celata | SC2	Diversispora celata	Diversisporales	Diversispora	ok	5	5	0	0	1	True	VTX00060	0	5/5	VTX00060:5		Diversispora celata	0	3/5	Diversispora celata:3,(unassigned):2	
Diversispora eburnea | AZ414A_356A	Diversispora eburnea	Diversisporales	Diversispora	ok	10	10	0	0	1	True	VTX00060	0	10/10	VTX00060:10		Diversispora eburnea	0	10/10	Diversispora eburnea:10	
Diversispora eburnea | FS_12_2334B	Diversispora eburnea	Diversisporales	Diversispora	ok	5	5	0	0	1	True	VTX00060	0	5/5	VTX00060:5		Diversispora eburnea	0	5/5	Diversispora eburnea:5	
Diversispora epigaea | BEG47_1140C	Diversispora epigaea	Diversisporales	Diversispora	ok	5	5	0	0	1	True	VTX00061	0	5/5	VTX00061:5		Diversispora epigaea	0	5/5	Diversispora epigaea:4,Diversispora versiformis:1	
Diversispora epigaea | FS16_2427A	Diversispora epigaea	Diversisporales	Diversispora	ok	8	8	0	0	1	True	VTX00061	0	8/8	VTX00061:8		Diversispora epigaea	0	8/8	Diversispora epigaea:8	
Diversispora jakucsiae | Blasz_11_2271A	Diversispora jakucsiae	Diversisporales	Diversispora	ok	4	4	0	0	1	True	VTX00054	0	4/4	VTX00054:4		Diversispora jakucsiae	0	4/4	Diversispora jakucsiae:4	
Diversispora spurca | Algerie_2_1072C	Diversispora spurca	Diversisporales	Diversispora	ok	3	3	0	0	1	True	VTX00263	0	3/3	VTX00263:3			0	0/3	(unassigned):3	
Diversispora spurca | CW0006_4005B	Diversispora spurca	Diversisporales	Diversispora	ok	11	11	0	0	2	True	VTX00263	0	11/11	VTX00263:11			0	0/11	(unassigned):11	
Diversispora spurca | W246_28_9A	Diversispora spurca	Diversisporales	Diversispora	ok	4	4	0	0	1	True	VTX00263	0	4/4	VTX00263:4			0	0/4	(unassigned):4	
Diversispora varaderana | 3086_1170D	Diversispora varaderana	Diversisporales	Diversispora	ok	8	8	0	0	1	True	VTX00306	0	8/8	VTX00306:8		Diversispora varaderana	0	8/8	Diversispora varaderana:8	
Diversispora varaderana | 4393_830B	Diversispora varaderana	Diversisporales	Diversispora	ok	4	4	0	0	1	True	VTX00306	0	4/4	VTX00306:4		Diversispora varaderana	0	4/4	Diversispora varaderana:4	
Diversispora varaderana | 4394_1010A	Diversispora varaderana	Diversisporales	Diversispora	ok	4	4	0	0	1	True	VTX00306	0	4/4	VTX00306:4		Diversispora varaderana	0	4/4	Diversispora varaderana:3,Diversispora bareai:1	
Diversispora varaderana | 4450_536A	Diversispora varaderana	Diversisporales	Diversispora	ok	6	6	0	0	1	True	VTX00306	0	6/6	VTX00306:6		Diversispora varaderana	0	6/6	Diversispora varaderana:6	
Diversispora varaderana | 4510_972A	Diversispora varaderana	Diversisporales	Diversispora	ok	1	1	0	0	1	True	VTX00306	0	1/1	VTX00306:1		Diversispora varaderana	0	1/1	Diversispora varaderana:1	
Diversispora varaderana | CW0016_4015A	Diversispora varaderana	Diversisporales	Diversispora	ok	4	4	0	0	1	True	VTX00306	0	4/4	VTX00306:4		Diversispora bareai	1	4/4	Diversispora varaderana:2,Diversispora bareai:2	
Diversispora varaderana | SASK_50	Diversispora varaderana	Diversisporales	Diversispora	ok	4	4	0	0	1	True	VTX00306	0	4/4	VTX00306:4		Diversispora varaderana	0	4/4	Diversispora varaderana:3,Diversispora bareai:1	
Dominikia bonfanteae | 4351_1077A	Dominikia bonfanteae	Glomerales	Dominikia	ok	3	3	0	0	1	True	VTX00143	0	3/3	VTX00143:3		Dominikia bonfanteae	0	3/3	Dominikia bonfanteae:3	
Dominikia bonfanteae | C10660_2264B	Dominikia bonfanteae	Glomerales	Dominikia	ok	3	3	0	0	1	True	VTX00143	0	3/3	VTX00143:3		Dominikia bonfanteae	0	3/3	Dominikia bonfanteae:3	
Dominikia duoreactiva | 4392_1156C	Dominikia duoreactiva	Glomerales	Dominikia	ok	4	4	0	0	1	True	VTX00153	0	4/4	VTX00153:4		Dominikia duoreactiva	0	3/4	Dominikia duoreactiva:3,(unassigned):1	
Dominikia duoreactiva | 4412	Dominikia duoreactiva	Glomerales	Dominikia	ok	5	5	0	0	1	True	VTX00153	0	5/5	VTX00153:5		Dominikia duoreactiva	0	5/5	Dominikia duoreactiva:5	
Funneliformis caledonium | CW0030_822A	Funneliformis caledonium	Glomerales	Funneliformis	ok	4	4	0	0	1	True	VTX00065	0	4/4	VTX00065:4		Funneliformis fragilistratum	0	4/4	Funneliformis fragilistratum:4	
Funneliformis caledonium | VDHK150A_21A	Funneliformis caledonium	Glomerales	Funneliformis	ok	5	5	0	0	1	True	VTX00065	0	5/5	VTX00065:5		Funneliformis caledonium	1	4/5	Funneliformis caledonium:2,Funneliformis fragilistratum:2,(ambiguous):1	
Funneliformis coronatus | Algerie_2_1072A	Funneliformis coronatus	Glomerales	Funneliformis	ok	5	5	0	0	1	True	VTX00265	0	5/5	VTX00265:5		Funneliformis coronatus	0	5/5	Funneliformis coronatus:5	
Funneliformis coronatus | W111_12_886A	Funneliformis coronatus	Glomerales	Funneliformis	ok	8	8	0	0	1	True	VTX00265	0	8/8	VTX00265:8		Funneliformis coronatus	0	8/8	Funneliformis coronatus:8	
Funneliformis coronatus | W143_5_12A	Funneliformis coronatus	Glomerales	Funneliformis	ok	7	7	0	0	1	True	VTX00265	0	7/7	VTX00265:7		Funneliformis coronatus	0	7/7	Funneliformis coronatus:7	
Funneliformis coronatus | W699_21_3A	Funneliformis coronatus	Glomerales	Funneliformis	ok	4	4	0	0	1	True	VTX00265	0	4/4	VTX00265:4		Funneliformis coronatus	0	4/4	Funneliformis coronatus:4	
Funneliformis geosporum | ALBG_A3	Funneliformis geosporum	Glomerales	Funneliformis	ok	5	5	0	0	1	True	VTX00065	0	5/5	VTX00065:5		Funneliformis geosporum	0	5/5	Funneliformis geosporum:4,Funneliformis caledonium:1	
Funneliformis geosporum | W681_7_10A	Funneliformis geosporum	Glomerales	Funneliformis	ok	3	3	0	0	1	True	VTX00065	0	3/3	VTX00065:3		Funneliformis geosporum	0	3/3	Funneliformis geosporum:3	
Funneliformis mosseae | 198394_123A	Funneliformis mosseae	Glomerales	Funneliformis	ok	7	7	0	0	1	True	VTX00067	0	7/7	VTX00067:7		Funneliformis coronatus	0	3/7	(ambiguous):4,Funneliformis coronatus:3	
Funneliformis mosseae | 2101_50A	Funneliformis mosseae	Glomerales	Funneliformis	ok	9	9	0	0	1	True	VTX00067	0	9/9	VTX00067:9		Funneliformis coronatus	0	9/9	Funneliformis coronatus:9	
Funneliformis mosseae | 2231_1079F	Funneliformis mosseae	Glomerales	Funneliformis	ok	19	19	0	0	2	True	VTX00067	0	19/19	VTX00067:19		Funneliformis coronatus	0	19/19	Funneliformis coronatus:19	
Funneliformis mosseae | 2252_723A	Funneliformis mosseae	Glomerales	Funneliformis	ok	9	9	0	0	1	True	VTX00067	0	9/9	VTX00067:9		Funneliformis coronatus	0	4/9	(ambiguous):5,Funneliformis coronatus:4	
Funneliformis mosseae | 3502	Funneliformis mosseae	Glomerales	Funneliformis	ok	5	5	0	0	1	True	VTX00067	0	5/5	VTX00067:5		Funneliformis coronatus	0	3/5	Funneliformis coronatus:3,(ambiguous):2	
Funneliformis mosseae | 4344_272A	Funneliformis mosseae	Glomerales	Funneliformis	ok	10	10	0	0	1	True	VTX00067	0	10/10	VTX00067:10		Funneliformis coronatus	0	5/10	(ambiguous):5,Funneliformis coronatus:5	
Funneliformis mosseae | C2	Funneliformis mosseae	Glomerales	Funneliformis	ok	5	5	0	0	1	True	VTX00067	0	5/5	VTX00067:5		Funneliformis coronatus	0	5/5	Funneliformis coronatus:5	
Funneliformis mosseae | CHB1_Fmos	Funneliformis mosseae	Glomerales	Funneliformis	ok	17	17	0	0	1	True	VTX00067	0	17/17	VTX00067:17		Funneliformis coronatus	0	17/17	Funneliformis coronatus:17	
Funneliformis mosseae | CHB3_Fmos	Funneliformis mosseae	Glomerales	Funneliformis	ok	3	3	0	0	1	True	VTX00067	0	3/3	VTX00067:3		Funneliformis coronatus	0	3/3	Funneliformis coronatus:3	
Funneliformis mosseae | CHB4_Fmos	Funneliformis mosseae	Glomerales	Funneliformis	ok	11	11	0	0	1	True	VTX00067	0	11/11	VTX00067:11		Funneliformis coronatus	0	11/11	Funneliformis coronatus:11	
Funneliformis mosseae | FEC30_219A	Funneliformis mosseae	Glomerales	Funneliformis	ok	6	6	0	0	1	True	VTX00067	0	6/6	VTX00067:6		Funneliformis coronatus	0	6/6	Funneliformis coronatus:6	
Funneliformis mosseae | FS-29_2726A	Funneliformis mosseae	Glomerales	Funneliformis	ok	20	20	0	0	2	True	VTX00067	0	20/20	VTX00067:20		Funneliformis coronatus	0	17/20	Funneliformis coronatus:17,(ambiguous):3	
Funneliformis mosseae | W32_9_13A	Funneliformis mosseae	Glomerales	Funneliformis	ok	9	9	0	0	1	True	VTX00067	0	9/9	VTX00067:9			0	0/9	(ambiguous):9	
Gigaspora rosea | 194757_703A	Gigaspora rosea	Diversisporales	Gigaspora	ok	9	9	0	0	1	True	VTX00039	0	9/9	VTX00039:9		Gigaspora rosea	0	4/9	(unassigned):5,Gigaspora rosea:4	
Gigaspora rosea | 4292_708F	Gigaspora rosea	Diversisporales	Gigaspora	ok	12	9	3	0	2	True	VTX00039	0	9/9	VTX00039:12	VTX00039:3	Gigaspora albida	0	2/9	(unassigned):7,Gigaspora albida:3,Gigaspora rosea:2	Gigaspora rosea:2,Gigaspora albida:1
Gigaspora rosea | 4511_973A	Gigaspora rosea	Diversisporales	Gigaspora	ok	5	5	0	0	1	True	VTX00039	0	5/5	VTX00039:5		Gigaspora rosea	0	3/5	Gigaspora rosea:3,(unassigned):2	
Gigaspora rosea | 4752_496A	Gigaspora rosea	Diversisporales	Gigaspora	ok	6	6	0	0	1	True	VTX00039	0	6/6	VTX00039:6		Gigaspora albida	0	4/6	Gigaspora albida:3,(unassigned):2,Gigaspora rosea:1	
Gigaspora rosea | BEG9_770A	Gigaspora rosea	Diversisporales	Gigaspora	ok	5	5	0	0	1	True	VTX00039	0	5/5	VTX00039:5		Gigaspora rosea	0	2/5	(unassigned):3,Gigaspora rosea:2	
Gigaspora rosea | CU131_1018C	Gigaspora rosea	Diversisporales	Gigaspora	ok	2	2	0	0	1	True	VTX00039	0	2/2	VTX00039:2		Gigaspora albida	0	1/2	(unassigned):1,Gigaspora albida:1	
Gigaspora rosea | CU131_1018E	Gigaspora rosea	Diversisporales	Gigaspora	ok	4	4	0	0	1	True	VTX00039	0	4/4	VTX00039:4		Gigaspora albida	0	3/4	Gigaspora albida:2,Gigaspora gigantea:1,(unassigned):1	
Gigaspora rosea | CW0011_4010A	Gigaspora rosea	Diversisporales	Gigaspora	ok	5	5	0	0	1	True	VTX00039	0	5/5	VTX00039:5		Gigaspora rosea	0	3/5	Gigaspora rosea:3,(unassigned):2	
Gigaspora rosea | woodslee_203A	Gigaspora rosea	Diversisporales	Gigaspora	ok	6	6	0	0	1	True	VTX00039	0	6/6	VTX00039:6		Gigaspora rosea	0	5/6	Gigaspora rosea:3,Gigaspora albida:2,(unassigned):1	
Glomus chinense | 4036_906B	Glomus chinense	Glomerales	Glomus	ok	9	9	0	0	1	True	VTX00199	0	9/9	VTX00199:9		Glomus chinense	0	9/9	Glomus chinense:9	
Glomus chinense | 4411_1096D	Glomus chinense	Glomerales	Glomus	ok	6	6	0	0	1	True	VTX00199	0	6/6	VTX00199:6		Glomus chinense	0	6/6	Glomus chinense:6	
Glomus chinense | 4419_1047A	Glomus chinense	Glomerales	Glomus	ok	13	13	0	0	1	True	VTX00199	0	13/13	VTX00199:13		Glomus chinense	0	13/13	Glomus chinense:13	
Glomus chinense | 4650_4654_2007C	Glomus chinense	Glomerales	Glomus	ok	7	7	0	0	1	True	VTX00199	0	7/7	VTX00199:7		Glomus chinense	0	7/7	Glomus chinense:7	
Glomus macrocarpum | W6285_2347C	Glomus macrocarpum	Glomerales	Glomus	ok	7	7	0	0	1	True	VTX00199	0	7/7	VTX00199:7		Glomus macrocarpum	0	7/7	Glomus macrocarpum:7	
Glomus rugosae | 2101_IVT46	Glomus rugosae	Glomerales	Glomus	ok	16	16	0	0	1	True	VTX00199	0	16/16	VTX00199:16		Glomus rugosae	0	16/16	Glomus rugosae:14,Glomus mongioiense:2	
Glomus rugosae | 4384_IVT98	Glomus rugosae	Glomerales	Glomus	ok	9	9	0	0	1	True	VTX00199	0	9/9	VTX00199:9		Glomus rugosae	0	9/9	Glomus rugosae:9	
Glomus rugosae | 4415_1174B	Glomus rugosae	Glomerales	Glomus	ok	4	4	0	0	1	True	VTX00199	0	4/4	VTX00199:4		Glomus rugosae	0	4/4	Glomus rugosae:4	
Glomus rugosae | 4417_1160C	Glomus rugosae	Glomerales	Glomus	ok	9	9	0	0	1	True	VTX00199	0	9/9	VTX00199:9		Glomus rugosae	0	9/9	Glomus rugosae:9	
Glomus rugosae | 4420_683B	Glomus rugosae	Glomerales	Glomus	ok	12	12	0	0	1	True	VTX00199	0	12/12	VTX00199:12		Glomus rugosae	0	12/12	Glomus rugosae:10,Glomus mongioiense:2	
Glomus rugosae | 4431_805C	Glomus rugosae	Glomerales	Glomus	ok	16	16	0	0	1	True	VTX00199	0	16/16	VTX00199:16		Glomus rugosae	0	16/16	Glomus rugosae:16	
Glomus rugosae | 4487_957C	Glomus rugosae	Glomerales	Glomus	ok	1	1	0	0	1	True	VTX00199	0	1/1	VTX00199:1		Glomus rugosae	0	1/1	Glomus rugosae:1	
Glomus rugosae | 5096_2452A	Glomus rugosae	Glomerales	Glomus	ok	4	4	0	0	1	True	VTX00199	0	4/4	VTX00199:4		Glomus rugosae	0	4/4	Glomus rugosae:4	
Glomus rugosae | 5103_2445A	Glomus rugosae	Glomerales	Glomus	ok	4	4	0	0	1	True	VTX00199	0	4/4	VTX00199:4		Glomus rugosae	0	4/4	Glomus rugosae:4	
Glomus sp. | 4406	Glomus sp.	Glomerales	Glomus	ok	1	1	0	0	1	False	VTX00219	0	1/1	VTX00219:1			0	0/1	(unassigned):1	
Glomus sp. | 5089_2351A	Glomus sp.	Glomerales	Glomus	ok	2	2	0	0	1	False	VTX00219	0	2/2	VTX00219:2			0	0/2	(unassigned):2	
Glomus tetrastratosum | 4433_785B	Glomus tetrastratosum	Glomerales	Glomus	ok	4	4	0	0	1	True	VTX00199	0	4/4	VTX00199:4		Glomus tetrastratosum	0	4/4	Glomus tetrastratosum:4	
Glomus tetrastratosum | 5094_2349C	Glomus tetrastratosum	Glomerales	Glomus	ok	7	7	0	0	1	True	VTX00199	0	7/7	VTX00199:7		Glomus tetrastratosum	0	7/7	Glomus tetrastratosum:7	
Glomus tetrastratosum | 5105_2444A	Glomus tetrastratosum	Glomerales	Glomus	ok	6	6	0	0	1	True	VTX00199	0	6/6	VTX00199:6		Glomus tetrastratosum	0	6/6	Glomus tetrastratosum:6	
Glomus tetrastratosum | CW0020_4019A	Glomus tetrastratosum	Glomerales	Glomus	ok	3	3	0	0	1	True	VTX00199	0	3/3	VTX00199:3		Glomus tetrastratosum	0	3/3	Glomus tetrastratosum:3	
Glomus tetrastratosum | SASK26_2406A	Glomus tetrastratosum	Glomerales	Glomus	ok	1	1	0	0	1	True	VTX00199	0	1/1	VTX00199:1		Glomus tetrastratosum	0	1/1	Glomus tetrastratosum:1	
Microdominikia litorea | 3647_963E	Microdominikia litorea	Glomerales	Microdominikia	ok	7	7	0	0	1	True	VTX00222	0	7/7	VTX00222:6,VTX00125:1		Microdominikia litorea	0	2/7	(unassigned):5,Microdominikia litorea:2	
Microdominikia litorea | 5274	Microdominikia litorea	Glomerales	Microdominikia	ok	5	5	0	0	1	True	VTX00125	0	5/5	VTX00125:3,VTX00222:2		Microdominikia litorea	0	1/5	(unassigned):4,Microdominikia litorea:1	
Oehlia diaphana | 4835_562B	Oehlia diaphana	Glomerales	Oehlia	ok	7	7	0	0	1	True	VTX00309	0	7/7	VTX00309:7		Oehlia diaphana	0	7/7	Oehlia diaphana:7	
Oehlia diaphana | JS1_IVT19A	Oehlia diaphana	Glomerales	Oehlia	ok	6	6	0	0	1	True	VTX00309	0	6/6	VTX00309:6		Oehlia diaphana	0	6/6	Oehlia diaphana:6	
Oehlia diaphana | WV579_765A	Oehlia diaphana	Glomerales	Oehlia	ok	7	7	0	0	1	True	VTX00309	0	7/7	VTX00309:7		Oehlia diaphana	0	7/7	Oehlia diaphana:7	
Oehlia diaphana | WV579_765B	Oehlia diaphana	Glomerales	Oehlia	ok	9	9	0	0	1	True	VTX00309	0	9/9	VTX00309:9		Oehlia diaphana	0	9/9	Oehlia diaphana:9	
Paraglomus brasilianum | 5274_2288B	Paraglomus brasilianum	Paraglomerales	Paraglomus	ok	1	1	0	0	1	True	VTX00239	0	1/1	VTX00239:1		Paraglomus brasilianum	0	1/1	Paraglomus brasilianum:1	
Paraglomus brasilianum | BR105_2435A	Paraglomus brasilianum	Paraglomerales	Paraglomus	ok	2	2	0	0	1	True	VTX00239	0	2/2	VTX00239:2		Paraglomus brasilianum	0	2/2	Paraglomus brasilianum:2	
Paraglomus brasilianum | W260_5_933C	Paraglomus brasilianum	Paraglomerales	Paraglomus	ok	3	3	0	0	1	True	VTX00239	0	3/3	VTX00239:3		Paraglomus brasilianum	0	3/3	Paraglomus brasilianum:3	
Paraglomus brasilianum | W960_3_902A	Paraglomus brasilianum	Paraglomerales	Paraglomus	ok	1	1	0	0	1	True	VTX00239	0	1/1	VTX00239:1		Paraglomus brasilianum	0	1/1	Paraglomus brasilianum:1	
Paraglomus brasilianum | W960_3_902C	Paraglomus brasilianum	Paraglomerales	Paraglomus	ok	1	1	0	0	1	True	VTX00239	0	1/1	VTX00239:1		Paraglomus brasilianum	0	1/1	Paraglomus brasilianum:1	
Paraglomus laccatum | CW0010_4009B	Paraglomus laccatum	Paraglomerales	Paraglomus	ok	5	5	0	0	1	True	VTX00281	0	5/5	VTX00281:5		Paraglomus laccatum	0	5/5	Paraglomus laccatum:5	
Paraglomus sp. | 4423_1159D	Paraglomus sp.	Paraglomerales	Paraglomus	ok	9	9	0	0	1	False	VTX00239	0	9/9	VTX00239:9			0	0/9	(unassigned):9	
Paraglomus sp. | 5088_2360A	Paraglomus sp.	Paraglomerales	Paraglomus	ok	3	3	0	0	1	False	VTX00239	0	3/3	VTX00239:3			0	0/3	(unassigned):3	
Paraglomus sp. | BR105_2435A	Paraglomus sp.	Paraglomerales	Paraglomus	ok	3	3	0	0	1	False	VTX00281	0	3/3	VTX00281:3		Paraglomus laccatum	0	3/3	Paraglomus laccatum:3	
Rhizophagus intraradices | FL208_553A	Rhizophagus intraradices	Glomerales	Rhizophagus	ok	4	3	1	0	1	True	VTX00100	0	3/3	VTX00100:4	VTX00100:1	Rhizophagus intraradices	0	3/3	Rhizophagus intraradices:3,(unassigned):1	(unassigned):1
Rhizophagus intraradices | KS906_IVT156	Rhizophagus intraradices	Glomerales	Rhizophagus	ok	4	3	1	0	1	True	VTX00100	0	3/3	VTX00100:4	VTX00100:1	Rhizophagus intraradices	0	3/3	Rhizophagus intraradices:3,(unassigned):1	(unassigned):1
Rhizophagus intraradices | KS906_IVT22A	Rhizophagus intraradices	Glomerales	Rhizophagus	ok	1	1	0	0	1	True	VTX00100	0	1/1	VTX00100:1		Rhizophagus intraradices	0	1/1	Rhizophagus intraradices:1	
Rhizophagus intraradices | UT126A	Rhizophagus intraradices	Glomerales	Rhizophagus	ok	8	5	3	0	2	True	VTX00100	0	5/5	VTX00100:8	VTX00100:3	Rhizophagus intraradices	0	5/5	Rhizophagus intraradices:5,(unassigned):3	(unassigned):3
Rhizophagus irregularis | 4292_708C	Rhizophagus irregularis	Glomerales	Rhizophagus	ok	5	3	2	0	1	True	VTX00114	0	3/3	VTX00114:5	VTX00114:2	Rhizophagus irregularis	0	3/3	Rhizophagus irregularis:4,(unassigned):1	(unassigned):1,Rhizophagus irregularis:1
Rhizophagus irregularis | 4341_IVT72A	Rhizophagus irregularis	Glomerales	Rhizophagus	ok	4	3	1	0	1	True	VTX00114	0	3/3	VTX00114:4	VTX00114:1	Rhizophagus irregularis	0	3/3	Rhizophagus irregularis:3,(unassigned):1	(unassigned):1
Rhizophagus irregularis | 4348_IVT77A	Rhizophagus irregularis	Glomerales	Rhizophagus	ok	4	3	1	0	1	True	VTX00114	0	3/3	VTX00114:4	VTX00114:1	Rhizophagus irregularis	0	3/3	Rhizophagus irregularis:3,(unassigned):1	(unassigned):1
Rhizophagus irregularis | 4375_IVT88A	Rhizophagus irregularis	Glomerales	Rhizophagus	ok	10	8	2	0	1	True	VTX00114	0	8/8	VTX00114:10	VTX00114:2	Rhizophagus irregularis	0	8/8	Rhizophagus irregularis:8,(unassigned):2	(unassigned):2
Rhizophagus irregularis | 4569_1185B	Rhizophagus irregularis	Glomerales	Rhizophagus	ok	2	2	0	0	1	True	VTX00114	0	2/2	VTX00114:2		Rhizophagus irregularis	0	1/2	(unassigned):1,Rhizophagus irregularis:1	
Rhizophagus irregularis | 4674_1184D	Rhizophagus irregularis	Glomerales	Rhizophagus	ok	5	4	1	0	1	True	VTX00114	0	4/4	VTX00114:5	VTX00114:1	Rhizophagus irregularis	0	4/4	Rhizophagus irregularis:4,(unassigned):1	(unassigned):1
Rhizophagus irregularis | CC4_4A_IVT7A	Rhizophagus irregularis	Glomerales	Rhizophagus	ok	4	3	1	0	1	True	VTX00113	0	1/3	(ambiguous):3,VTX00113:1	(ambiguous):1	Rhizophagus irregularis	0	3/3	Rhizophagus irregularis:3,(unassigned):1	(unassigned):1
Rhizophagus irregularis | DAOMC 197198	Rhizophagus irregularis	Glomerales	Rhizophagus	ok	18	16	2	0	4	True	VTX00114	0	16/16	VTX00114:18	VTX00114:2	Rhizophagus irregularis	0	12/16	Rhizophagus irregularis:12,(unassigned):6	(unassigned):2
Rhizophagus irregularis | GC-2_IVT11	Rhizophagus irregularis	Glomerales	Rhizophagus	ok	10	8	2	0	2	True	VTX00114	0	8/8	VTX00114:10	VTX00114:2	Rhizophagus irregularis	0	4/8	(unassigned):6,Rhizophagus irregularis:4	(unassigned):2
Rhizophagus irregularis | SD1_IVT29A	Rhizophagus irregularis	Glomerales	Rhizophagus	ok	4	3	1	0	1	True	VTX00114	0	3/3	VTX00114:4	VTX00114:1	Rhizophagus irregularis	0	3/3	Rhizophagus irregularis:4	Rhizophagus irregularis:1
Rhizophagus irregularis | T3_IVT34A	Rhizophagus irregularis	Glomerales	Rhizophagus	ok	4	3	1	0	1	True	VTX00113	0	3/3	VTX00113:4	VTX00113:1	Rhizophagus irregularis	0	3/3	Rhizophagus irregularis:2,(unassigned):1,Rhizophagus venetianum:1	(unassigned):1
Rhizophagus prolifer | SD5_IVT32	Rhizophagus prolifer	Glomerales	Rhizophagus	ok	10	6	4	0	2	True	VTX00099	0	6/6	VTX00099:10	VTX00099:4	Rhizophagus proliferus	0	6/6	Rhizophagus proliferus:6,(unassigned):4	(unassigned):4
Rhizophagus silesianus | 3628_206A	Rhizophagus silesianus	Glomerales	Rhizophagus	ok	3	2	1	0	1	True	VTX00105	0	2/2	VTX00105:3	VTX00105:1	Rhizophagus silesianus	0	2/2	Rhizophagus silesianus:2,(unassigned):1	(unassigned):1
Rhizophagus silesianus | ECU32_IVT8A	Rhizophagus silesianus	Glomerales	Rhizophagus	ok	7	5	2	0	1	True	VTX00105	0	5/5	VTX00105:7	VTX00105:2	Rhizophagus silesianus	0	5/5	Rhizophagus silesianus:5,(unassigned):2	(unassigned):2
Rhizophagus sp. (in: glomeromycetes) | 1399_IVT43A	Rhizophagus sp. (in: glomeromycetes)	Glomerales	Rhizophagus	ok	3	3	0	0	1	False	VTX00248	0	3/3	VTX00248:3		Rhizophagus fasciculatus	0	3/3	Rhizophagus fasciculatus:3	
Rhizophagus sp. (in: glomeromycetes) | 212607_IVT70A	Rhizophagus sp. (in: glomeromycetes)	Glomerales	Rhizophagus	ok	7	6	1	0	1	False	VTX00248	0	6/6	VTX00248:6,VTX00114:1	VTX00114:1	Rhizophagus fasciculatus	0	6/6	Rhizophagus fasciculatus:6,Rhizophagus irregularis:1	Rhizophagus irregularis:1
Sclerocystis sinuosa | MT106_2767A	Sclerocystis sinuosa	Glomerales	Sclerocystis	ok	18	18	0	0	3	True	VTX00069	0	18/18	VTX00069:18		Sclerocystis sinuosa	0	18/18	Sclerocystis sinuosa:18	
Septoglomus sp. | 4404_2057A	Septoglomus sp.	Glomerales	Septoglomus	ok	3	2	1	0	1	False	VTX00064	0	2/2	VTX00064:3	VTX00064:1	Septoglomus africanum	0	2/2	Septoglomus africanum:2,Septoglomus nigrum:1	Septoglomus nigrum:1
Septoglomus sp. | 5070_5024A	Septoglomus sp.	Glomerales	Septoglomus	ok	3	3	0	0	1	False	VTX00063	0	2/3	VTX00063:2,(unassigned):1		Septoglomus Viscospora peruviscosa	0	3/3	Septoglomus Viscospora peruviscosa:3	
Septoglomus sp. | Blasz_17_2277A	Septoglomus sp.	Glomerales	Septoglomus	ok	6	5	1	0	1	False	VTX00064	0	5/5	VTX00064:6	VTX00064:1	Septoglomus altomontanum	0	5/5	Septoglomus altomontanum:4,Septoglomus africanum:2	Septoglomus africanum:1
Septoglomus sp. | C4	Septoglomus sp.	Glomerales	Septoglomus	ok	8	8	0	0	1	False	VTX00063	0	4/8	VTX00063:4,(unassigned):4		Septoglomus Viscospora peruviscosa	0	8/8	Septoglomus Viscospora peruviscosa:8	
Septoglomus sp. | FS_9_2328B	Septoglomus sp.	Glomerales	Septoglomus	ok	5	3	2	0	1	False	VTX00064	0	3/3	VTX00064:5	VTX00064:2	Septoglomus nigrum	0	3/3	Septoglomus nigrum:3,Septoglomus africanum:2	Septoglomus africanum:2
Septoglomus sp. | SO43BL	Septoglomus sp.	Glomerales	Septoglomus	ok	6	5	1	0	1	False	VTX00064	0	5/5	VTX00064:6	VTX00064:1	Septoglomus africanum	0	5/5	Septoglomus africanum:5,Septoglomus altomontanum:1	Septoglomus altomontanum:1
Septoglomus turnauae | Blasz_12_2272D	Septoglomus turnauae	Glomerales	Septoglomus	ok	5	4	1	0	1	True	VTX00064	0	4/4	VTX00064:5	VTX00064:1	Septoglomus turnauae	0	4/4	Septoglomus turnauae:5	Septoglomus turnauae:1
Septoglomus viscosum | CW0002_4001A	Septoglomus viscosum	Glomerales	Septoglomus	ok	3	3	0	0	1	True	VTX00063	0	3/3	VTX00063:3			0	0/3	(unassigned):3	
Septoglomus viscosum | CW0026_Att1910-1	Septoglomus viscosum	Glomerales	Septoglomus	ok	12	10	2	0	2	True	VTX00063	0	10/10	VTX00063:10,VTX00409:2	VTX00409:2	Septoglomus Viscospora viscosa	0	10/10	Septoglomus Viscospora viscosa:12	Septoglomus Viscospora viscosa:2
Septoglomus viscosum | CW0029_4028A	Septoglomus viscosum	Glomerales	Septoglomus	ok	2	2	0	0	1	True	VTX00063	0	2/2	VTX00063:2		Septoglomus Viscospora viscosa	0	2/2	Septoglomus Viscospora viscosa:2	
Septoglomus viscosum | MD215_360A	Septoglomus viscosum	Glomerales	Septoglomus	ok	3	3	0	0	1	True	VTX00063	0	3/3	VTX00063:3		Septoglomus Viscospora viscosa	0	3/3	Septoglomus Viscospora viscosa:3	
Septoglomus viscosum | W375_18_642E	Septoglomus viscosum	Glomerales	Septoglomus	ok	4	3	1	0	1	True	VTX00063	0	3/3	VTX00063:3,VTX00409:1	VTX00409:1	Septoglomus Viscospora viscosa	0	3/3	Septoglomus Viscospora viscosa:4	Septoglomus Viscospora viscosa:1
[Rhizoglomus] vesiculiferum | 212939_IVT38A	[Rhizoglomus] vesiculiferum	Glomerales	Rhizoglomus	ok	7	6	1	0	1	True	VTX00115	0	6/6	VTX00115:7	VTX00115:1		0	0/6	(unassigned):7	(unassigned):1
[Rhizoglomus] vesiculiferum | 3029_660C	[Rhizoglomus] vesiculiferum	Glomerales	Rhizoglomus	ok	1	1	0	0	1	True	VTX00113	0	1/1	VTX00113:1		Rhizophagus vesiculiferus	0	1/1	Rhizophagus vesiculiferus:1	
[Rhizoglomus] vesiculiferum | 3628_IVT65A	[Rhizoglomus] vesiculiferum	Glomerales	Rhizoglomus	ok	7	6	1	0	1	True	VTX00113	0	6/6	VTX00113:5,VTX00115:2	VTX00115:1	Rhizophagus vesiculiferus	0	5/6	Rhizophagus vesiculiferus:5,(unassigned):2	(unassigned):1
[Rhizoglomus] vesiculiferum | 4086_IVT68A	[Rhizoglomus] vesiculiferum	Glomerales	Rhizoglomus	ok	3	2	1	0	1	True	VTX00113	0	2/2	VTX00113:3	VTX00113:1	Rhizophagus vesiculiferus	0	2/2	Rhizophagus vesiculiferus:2,(unassigned):1	(unassigned):1
[Rhizoglomus] vesiculiferum | 4369_IVT81A	[Rhizoglomus] vesiculiferum	Glomerales	Rhizoglomus	ok	2	2	0	0	1	True	VTX00113	0	2/2	VTX00113:2		Rhizophagus vesiculiferus	0	2/2	Rhizophagus vesiculiferus:2	
[Rhizoglomus] vesiculiferum | 4374_IVT87A	[Rhizoglomus] vesiculiferum	Glomerales	Rhizoglomus	ok	3	3	0	0	1	True	VTX00113	0	3/3	VTX00113:2,VTX00115:1		Rhizophagus vesiculiferus	0	2/3	Rhizophagus vesiculiferus:2,(unassigned):1	
[Rhizoglomus] vesiculiferum | 5074_2353A	[Rhizoglomus] vesiculiferum	Glomerales	Rhizoglomus	ok	6	3	3	0	1	True	VTX00115	0	3/3	VTX00115:5,VTX00113:1	VTX00115:2,VTX00113:1	Rhizophagus vesiculiferus	0	2/3	(unassigned):4,Rhizophagus vesiculiferus:2	(unassigned):3
[Rhizoglomus] vesiculiferum | Gwalkeri_IVT132A	[Rhizoglomus] vesiculiferum	Glomerales	Rhizoglomus	ok	8	5	3	0	1	True	VTX00113	0	5/5	VTX00113:6,VTX00115:2	VTX00113:2,VTX00115:1	Rhizophagus vesiculiferus	0	4/5	Rhizophagus vesiculiferus:4,(unassigned):4	(unassigned):3
