culture	genus	order	copies	anchored_pct	triage_AMF_pct	SSU_VT_NS31-AM1_pct	SSU_V4_AMV4.5NF-AMDGR_pct	LSU_LROR-FLR2_pct	LSU_D2_FLR3-FLR4_pct	ssu_flank_div_mean	ssu_flank_div_max	its1_div_mean	its1_div_max	s58_div_mean	s58_div_max	its2_div_mean	its2_div_max	SSU_VT_NS31-AM1_div_mean	SSU_VT_NS31-AM1_div_max	SSU_V4_AMV4.5NF-AMDGR_div_mean	SSU_V4_AMV4.5NF-AMDGR_div_max	LSU_LROR-FLR2_div_mean	LSU_LROR-FLR2_div_max	LSU_D2_FLR3-FLR4_div_mean	LSU_D2_FLR3-FLR4_div_max
Acaulospora morrowiae | BF_TM_1197A	Acaulospora	Diversisporales	7	100.0	100.0	100.0	100.0	100.0	100.0	0.15	0.27	2.87	5.52	0.18	0.64	5.11	8.37	0.32	0.39	0.74	0.92	0.81	2.14	1.66	4.45
Acaulospora morrowiae | CR315B_2019A	Acaulospora	Diversisporales	3	100.0	100.0	100.0	100.0	100.0	100.0	0.18	0.2	2.73	4.08	0.0	0.0	2.54	3.82	0.13	0.2	0.31	0.46	0.86	1.28	1.37	2.06
Ambispora callosa | JA116_2012B	Ambispora	Archaeosporales	7	100.0	100.0	100.0	100.0	100.0	100.0	0.26	0.54	7.73	11.68	0.96	2.52	4.59	8.76	0.47	0.99	0.96	1.83	0.9	1.32	7.33	22.08
Ambispora callosa | MAFF520057_2499A	Ambispora	Archaeosporales	4	100.0	100.0	100.0	100.0	100.0	100.0	0.21	0.27	5.62	7.8	0.32	0.63	4.01	5.87	0.43	0.59	0.99	1.38	0.66	1.17	1.1	1.83
Ambispora callosa | MAFF520084_2504A	Ambispora	Archaeosporales	9	100.0	100.0	100.0	100.0	100.0	100.0	0.06	0.14	2.82	7.07	0.0	0.0	1.33	3.85	0.16	0.39	0.38	0.91	0.46	1.03	5.5	22.08
Ambispora leptoticha | MAFF520090_2501A	Ambispora	Archaeosporales	1	100.0	100.0	100.0	100.0	100.0	100.0																
Ambispora leptoticha | ON205A	Ambispora	Archaeosporales	3	100.0	100.0	100.0	100.0	100.0	100.0	0.05	0.07	6.22	7.89	0.0	0.0	3.62	4.95	0.0	0.0	0.0	0.0	0.88	1.17	1.47	2.2
Ambispora sp. | ON205A	Ambispora	Archaeosporales	6	100.0	100.0	100.0	100.0	100.0	100.0	0.25	0.41	5.38	7.3	0.0	0.0	2.55	4.81	0.36	0.59	0.83	1.38	0.7	1.17	0.98	1.83
Cetraspora gilmorei | 4385	Cetraspora	Diversisporales	8	100.0	100.0	100.0	100.0	100.0	100.0	0.13	0.34	3.58	9.82	0.16	0.63	8.14	15.47	0.24	0.6	0.32	0.94	0.75	1.48	1.5	2.99
Cetraspora gilmorei | 4397_453A	Cetraspora	Diversisporales	2	100.0	100.0	100.0	100.0	100.0	100.0																
Cetraspora gilmorei | 4398_831C	Cetraspora	Diversisporales	7	100.0	100.0	100.0	100.0	100.0	100.0	0.09	0.2	2.43	4.88	0.18	0.63	8.03	15.47	0.27	0.6	0.36	0.94	0.73	1.48	1.42	2.99
Cetraspora gilmorei | 4414_1105C	Cetraspora	Diversisporales	10	100.0	100.0	100.0	100.0	100.0	100.0	0.12	0.34	3.01	9.82	0.13	0.63	7.54	15.47	0.23	0.6	0.31	0.94	0.71	1.48	1.43	2.99
Cetraspora gilmorei | 4419_860D	Cetraspora	Diversisporales	9	100.0	100.0	100.0	100.0	100.0	100.0	0.14	0.34	3.5	9.82	0.14	0.63	8.26	15.47	0.27	0.6	0.37	0.94	0.8	1.48	1.57	2.99
Cetraspora gilmorei | 4430_2047A	Cetraspora	Diversisporales	5	100.0	100.0	100.0	100.0	100.0	100.0	0.15	0.27	4.74	10.59	0.25	0.63	3.17	6.84	0.36	0.6	0.57	0.94	0.92	1.48	1.64	2.99
Cetraspora gilmorei | 4436_787A	Cetraspora	Diversisporales	5	100.0	100.0	100.0	100.0	100.0	100.0	0.1	0.14	4.74	10.0	0.51	1.27	3.41	5.06	0.16	0.4	0.19	0.47	1.03	1.48	2.09	2.99
Cetraspora gilmorei | CW0008_2669B	Cetraspora	Diversisporales	10	100.0	100.0	100.0	100.0	100.0	100.0	0.06	0.14	1.62	3.7	1.24	1.9	1.52	2.8	0.14	0.4	0.0	0.0	0.56	1.18	0.99	2.24
Cetraspora gilmorei | CW0008_4007A	Cetraspora	Diversisporales	4	100.0	100.0	100.0	100.0	100.0	100.0	0.07	0.14	1.23	2.47	0.95	1.9	1.49	2.8	0.2	0.4	0.47	0.94	0.69	1.18	1.37	2.24
Dentiscutata heterogama | BEG_35_2003A	Dentiscutata	Diversisporales	3	100.0	100.0	100.0	100.0	100.0	100.0	0.09	0.14	11.32	12.33	0.84	1.27	5.63	6.21	0.26	0.4	0.63	0.94	1.68	2.07	3.25	3.75
Dentiscutata heterogama | CL157_2013B	Dentiscutata	Diversisporales	3	100.0	100.0	100.0	100.0	100.0	100.0	0.14	0.2	9.23	9.86	1.27	1.9	2.99	3.37	0.4	0.6	0.94	1.41	1.28	1.63	2.0	2.62
Diversispora aestuarii | 4403_745C	Diversispora	Diversisporales	10	100.0	100.0	100.0	100.0	100.0	100.0	0.0	0.0	1.31	3.94	0.0	0.0	1.11	2.58	0.0	0.0	0.0	0.0	0.46	1.09	0.67	1.84
Diversispora aestuarii | 4485_952D	Diversispora	Diversisporales	10	100.0	100.0	100.0	100.0	100.0	100.0	0.13	0.41	1.37	3.96	0.23	0.63	5.26	9.16	0.18	0.59	0.42	1.38	1.13	2.18	2.12	3.99
Diversispora arenaria | Blasz_14_2274A	Diversispora	Diversisporales	4	100.0	100.0	100.0	100.0	100.0	100.0	0.06	0.07	4.39	6.83	0.42	0.63	1.96	2.93	0.16	0.2	0.38	0.46	0.55	0.82	1.25	1.87
Diversispora celata | 4381_68A	Diversispora	Diversisporales	5	100.0	100.0	100.0	100.0	100.0	100.0	0.14	0.14	3.25	6.09	0.63	1.27	4.26	6.74	0.16	0.39	0.0	0.0	0.27	0.55	0.62	1.23
Diversispora celata | SC2	Diversispora	Diversisporales	5	100.0	100.0	100.0	100.0	100.0	100.0	0.12	0.27	2.01	4.02	0.25	0.63	5.12	8.38	0.35	0.79	0.64	1.38	2.05	3.27	4.35	7.04
Diversispora eburnea | AZ414A_356A	Diversispora	Diversisporales	10	100.0	100.0	100.0	100.0	100.0	100.0	0.07	0.14	4.15	8.29	0.93	1.9	2.77	5.15	0.21	0.39	0.5	0.92	0.48	0.95	0.96	2.14
Diversispora eburnea | FS_12_2334B	Diversispora	Diversisporales	5	100.0	100.0	100.0	100.0	100.0	100.0	0.05	0.14	1.42	2.04	0.63	1.27	5.4	8.67	0.08	0.2	0.18	0.46	0.27	0.55	0.61	1.23
Diversispora epigaea | BEG47_1140C	Diversispora	Diversisporales	5	100.0	100.0	100.0	100.0	100.0	100.0	0.23	0.47	4.71	7.84	0.89	1.9	4.69	7.29	0.35	0.78	0.46	0.92	2.45	3.95	10.57	22.69
Diversispora epigaea | FS16_2427A	Diversispora	Diversisporales	8	100.0	100.0	100.0	100.0	100.0	100.0	0.26	0.54	2.75	4.95	0.43	1.27	2.28	5.09	0.39	0.98	0.69	1.38	0.94	1.77	1.61	3.07
Diversispora jakucsiae | Blasz_11_2271A	Diversispora	Diversisporales	4	100.0	100.0	100.0	100.0	100.0	100.0	0.05	0.07	0.0	0.0	0.0	0.0	2.8	5.6	0.0	0.0	0.0	0.0	0.25	0.41	0.41	0.62
Diversispora spurca | Algerie_2_1072C	Diversispora	Diversisporales	3	100.0	100.0	100.0	100.0	100.0	100.0	0.27	0.41	1.27	1.9	0.0	0.0	4.98	7.22	0.13	0.2	0.31	0.46	0.95	1.22	1.52	1.83
Diversispora spurca | CW0006_4005B	Diversispora	Diversisporales	11	100.0	100.0	100.0	100.0	100.0	100.0	0.14	0.27	3.89	10.19	1.43	2.53	3.99	7.79	0.0	0.0	0.0	0.0	0.52	1.08	0.95	1.82
Diversispora spurca | W246_28_9A	Diversispora	Diversisporales	4	100.0	100.0	100.0	100.0	100.0	100.0	0.18	0.34	3.3	6.6	1.58	2.53	5.48	7.29	0.0	0.0	0.0	0.0	0.84	1.08	1.26	1.82
Diversispora varaderana | 3086_1170D	Diversispora	Diversisporales	8	100.0	100.0	100.0	100.0	100.0	100.0	0.1	0.27	8.24	15.31	0.0	0.0	4.88	8.04	0.11	0.2	0.25	0.46	1.12	1.91	2.16	3.67
Diversispora varaderana | 4393_830B	Diversispora	Diversisporales	4	100.0	100.0	100.0	100.0	100.0	100.0	0.08	0.14	8.05	13.33	0.0	0.0	2.79	5.58	0.13	0.2	0.31	0.46	1.14	1.91	2.25	3.67
Diversispora varaderana | 4394_1010A	Diversispora	Diversisporales	4	100.0	100.0	100.0	100.0	100.0	100.0	0.03	0.07	9.46	15.31	0.0	0.0	6.17	7.56	0.1	0.2	0.23	0.46	1.18	1.64	2.36	3.07
Diversispora varaderana | 4450_536A	Diversispora	Diversisporales	6	100.0	100.0	100.0	100.0	100.0	100.0	0.08	0.14	7.08	14.29	0.0	0.0	2.37	7.11	0.1	0.2	0.24	0.46	0.84	1.77	1.67	3.37
Diversispora varaderana | 4510_972A	Diversispora	Diversisporales	1	100.0	100.0	100.0	100.0	100.0	100.0																
Diversispora varaderana | CW0016_4015A	Diversispora	Diversisporales	4	100.0	100.0	100.0	100.0	100.0	100.0	0.07	0.14	7.58	15.17	0.0	0.0	3.79	7.58	0.1	0.2	0.23	0.46	0.98	1.23	2.05	2.77
Diversispora varaderana | SASK_50	Diversispora	Diversisporales	4	100.0	100.0	100.0	100.0	100.0	100.0	0.05	0.07	10.38	15.31	0.0	0.0	5.63	8.04	0.13	0.2	0.31	0.46	1.23	1.64	2.36	3.07
Dominikia bonfanteae | 4351_1077A	Dominikia	Glomerales	3	100.0	100.0	100.0	100.0	100.0	100.0	0.05	0.07	3.17	4.76	0.0	0.0	3.51	5.26	0.13	0.2	0.0	0.0	0.54	0.81	1.19	1.79
Dominikia bonfanteae | C10660_2264B	Dominikia	Glomerales	3	100.0	100.0	100.0	100.0	100.0	100.0	0.23	0.27	7.63	10.48	0.0	0.0	3.24	4.86	0.39	0.39	0.31	0.47	1.25	1.88	1.99	2.99
Dominikia duoreactiva | 4392_1156C	Dominikia	Glomerales	4	100.0	100.0	100.0	100.0	100.0	100.0	0.52	0.82	32.57	64.98	0.74	1.27	8.12	12.01	0.89	1.38	2.09	3.26	2.5	4.46	4.71	9.04
Dominikia duoreactiva | 4412	Dominikia	Glomerales	5	100.0	100.0	100.0	100.0	100.0	100.0	0.33	0.54	43.53	74.52	1.01	1.9	7.45	12.01	0.24	0.39	0.56	0.93	0.65	1.08	0.66	0.9
Funneliformis caledonium | CW0030_822A	Funneliformis	Glomerales	4	100.0	100.0	100.0	100.0	100.0	100.0	0.1	0.14	0.44	0.87	0.0	0.0	0.62	0.83	0.29	0.39	0.69	0.92	0.22	0.27	0.35	0.6
Funneliformis caledonium | VDHK150A_21A	Funneliformis	Glomerales	5	100.0	100.0	100.0	100.0	100.0	100.0	0.07	0.14	7.39	17.19	3.7	9.23	3.93	5.83	0.12	0.2	0.28	0.46	0.67	1.07	1.5	2.4
Funneliformis coronatus | Algerie_2_1072A	Funneliformis	Glomerales	5	100.0	100.0	100.0	100.0	100.0	100.0	0.03	0.07	0.39	0.98	0.51	1.27	0.62	1.32	0.0	0.0	0.0	0.0	0.95	1.61	1.44	2.69
Funneliformis coronatus | W111_12_886A	Funneliformis	Glomerales	8	100.0	100.0	100.0	100.0	100.0	100.0	0.0	0.0	7.03	18.92	2.15	8.56	0.47	1.3	0.0	0.0	0.0	0.0	0.29	0.67	0.42	0.9
Funneliformis coronatus | W143_5_12A	Funneliformis	Glomerales	7	100.0	100.0	100.0	100.0	100.0	100.0	0.0	0.0	0.92	1.92	0.0	0.0	1.79	3.51	0.0	0.0	0.0	0.0	0.24	0.54	0.54	1.2
Funneliformis coronatus | W699_21_3A	Funneliformis	Glomerales	4	100.0	100.0	100.0	100.0	100.0	100.0	0.0	0.0	1.94	3.88	0.0	0.0	0.29	0.44	0.0	0.0	0.0	0.0	0.54	0.94	0.3	0.6
Funneliformis geosporum | ALBG_A3	Funneliformis	Glomerales	5	100.0	100.0	100.0	100.0	100.0	100.0	0.11	0.14	3.71	8.57	0.0	0.0	1.38	2.43	0.16	0.39	0.18	0.46	0.56	0.94	1.02	1.8
Funneliformis geosporum | W681_7_10A	Funneliformis	Glomerales	3	100.0	100.0	100.0	100.0	100.0	100.0	0.09	0.14	6.09	7.24	0.0	0.0	2.72	4.08	0.13	0.2	0.31	0.46	0.63	0.81	1.0	1.2
Funneliformis mosseae | 198394_123A	Funneliformis	Glomerales	7	100.0	100.0	100.0	100.0	100.0	100.0	0.02	0.07	2.32	5.41	0.0	0.0	0.9	1.79	0.0	0.0	0.0	0.0	0.45	0.67	0.75	1.21
Funneliformis mosseae | 2101_50A	Funneliformis	Glomerales	9	100.0	100.0	100.0	100.0	100.0	100.0	0.0	0.0	2.13	5.5	0.28	1.27	2.08	5.53	0.0	0.0	0.0	0.0	0.57	1.21	0.99	2.11
Funneliformis mosseae | 2231_1079F	Funneliformis	Glomerales	19	100.0	100.0	100.0	100.0	100.0	100.0	0.01	0.07	2.48	4.72	0.25	1.27	2.82	5.83	0.02	0.2	0.05	0.46	0.49	0.94	0.89	1.81
Funneliformis mosseae | 2252_723A	Funneliformis	Glomerales	9	100.0	100.0	100.0	100.0	100.0	100.0	0.03	0.07	4.02	8.22	0.84	1.9	0.76	1.8	0.0	0.0	0.0	0.0	0.52	0.94	0.67	1.21
Funneliformis mosseae | 3502	Funneliformis	Glomerales	5	100.0	100.0	100.0	100.0	100.0	100.0	0.04	0.07	2.8	4.65	0.76	1.27	2.06	4.48	0.12	0.2	0.28	0.46	0.62	0.94	1.2	2.11
Funneliformis mosseae | 4344_272A	Funneliformis	Glomerales	10	100.0	100.0	100.0	100.0	100.0	100.0	0.08	0.14	4.46	8.29	0.68	1.27	2.16	4.46	0.18	0.39	0.42	0.92	0.55	1.08	1.01	2.11
Funneliformis mosseae | C2	Funneliformis	Glomerales	5	100.0	100.0	100.0	100.0	100.0	100.0	0.03	0.07	3.12	5.5	0.76	1.27	3.58	6.82	0.08	0.2	0.18	0.46	0.22	0.4	0.48	0.9
Funneliformis mosseae | CHB1_Fmos	Funneliformis	Glomerales	17	100.0	100.0	100.0	100.0	100.0	100.0	0.05	0.2	4.0	8.37	0.61	1.27	3.64	7.67	0.11	0.39	0.11	0.92	0.72	2.02	1.41	3.92
Funneliformis mosseae | CHB3_Fmos	Funneliformis	Glomerales	3	100.0	100.0	100.0	100.0	100.0	100.0	0.05	0.07	0.0	0.0	0.0	0.0	2.1	2.7	0.13	0.2	0.31	0.46	0.18	0.27	0.4	0.6
Funneliformis mosseae | CHB4_Fmos	Funneliformis	Glomerales	11	100.0	100.0	100.0	100.0	100.0	100.0	0.06	0.14	3.33	6.48	0.55	1.27	2.76	6.29	0.1	0.39	0.15	0.46	0.57	1.34	0.84	2.71
Funneliformis mosseae | FEC30_219A	Funneliformis	Glomerales	6	100.0	100.0	100.0	100.0	100.0	100.0	0.04	0.07	0.55	0.92	0.0	0.0	2.32	3.62	0.12	0.2	0.28	0.46	0.34	0.67	0.66	1.2
Funneliformis mosseae | FS-29_2726A	Funneliformis	Glomerales	20	100.0	100.0	100.0	100.0	100.0	100.0	0.0	0.0	2.22	6.42	0.61	1.27	2.64	5.86	0.0	0.0	0.0	0.0	0.59	1.08	1.02	1.81
Funneliformis mosseae | W32_9_13A	Funneliformis	Glomerales	9	100.0	100.0	100.0	100.0	100.0	100.0	0.03	0.07	2.63	4.63	0.63	1.27	1.78	3.62	0.08	0.2	0.18	0.46	0.17	0.27	0.0	0.0
Gigaspora rosea | 194757_703A	Gigaspora	Diversisporales	9	100.0	100.0	100.0	100.0	100.0	100.0	0.58	0.88	5.82	14.08	0.84	1.27	6.52	14.08	0.73	1.19	1.63	2.81	3.59	6.2	5.62	10.04
Gigaspora rosea | 4292_708F	Gigaspora	Diversisporales	12	100.0	100.0	100.0	100.0	100.0	100.0	0.62	1.16	9.81	19.18	2.13	4.43	11.05	20.57	0.64	1.19	1.51	2.82	3.29	6.05	4.58	8.55
Gigaspora rosea | 4511_973A	Gigaspora	Diversisporales	5	100.0	100.0	100.0	100.0	100.0	100.0	0.54	0.88	10.66	14.49	1.65	2.53	9.67	15.88	0.52	0.99	1.22	2.35	3.83	7.83	5.69	11.9
Gigaspora rosea | 4752_496A	Gigaspora	Diversisporales	6	100.0	100.0	100.0	100.0	100.0	100.0	0.66	1.16	12.14	18.92	2.45	4.43	11.71	18.86	0.56	0.99	1.31	2.35	3.76	6.35	5.55	9.67
Gigaspora rosea | BEG9_770A	Gigaspora	Diversisporales	5	100.0	100.0	100.0	100.0	100.0	100.0	0.64	0.88	9.99	14.49	1.65	2.53	9.85	15.88	0.63	0.99	1.5	2.35	4.84	7.98	7.43	12.64
Gigaspora rosea | CU131_1018C	Gigaspora	Diversisporales	3	100.0	100.0	100.0	100.0	100.0	100.0	5.86	8.65	16.23	20.65	0.84	1.27	16.96	19.19	3.82	5.73	5.89	8.84	5.85	7.96	20.83	29.67
Gigaspora rosea | CU131_1018E	Gigaspora	Diversisporales	4	100.0	100.0	100.0	100.0	100.0	100.0	0.57	0.82	10.4	15.79	2.0	2.53	10.82	13.99	0.5	0.79	1.17	1.88	4.3	6.34	6.24	10.02
Gigaspora rosea | CW0011_4010A	Gigaspora	Diversisporales	5	100.0	100.0	100.0	100.0	100.0	100.0	0.49	0.82	7.02	14.08	1.01	1.27	7.28	14.08	0.52	0.79	1.22	1.88	4.13	6.49	6.62	10.41
Gigaspora rosea | woodslee_203A	Gigaspora	Diversisporales	6	100.0	100.0	100.0	100.0	100.0	100.0	0.34	0.61	6.06	9.66	0.59	1.27	4.29	6.32	0.46	0.99	1.1	2.35	2.81	6.79	14.62	27.71
Glomus chinense | 4036_906B	Glomus	Glomerales	9	100.0	100.0	100.0	100.0	100.0	100.0	0.05	0.2	20.62	48.25	0.56	2.52	6.08	13.1	0.13	0.59	0.31	1.38	1.01	1.91	1.97	3.72
Glomus chinense | 4411_1096D	Glomus	Glomerales	6	100.0	100.0	100.0	100.0	100.0	100.0	0.72	1.83	22.42	52.99	0.21	0.62	2.64	5.45	0.83	1.77	1.17	2.31	1.53	2.59	2.29	4.02
Glomus chinense | 4419_1047A	Glomus	Glomerales	13	100.0	100.0	100.0	100.0	100.0	100.0	0.08	0.27	20.36	62.66	0.87	1.89	3.5	8.42	0.03	0.2	0.0	0.0	0.66	1.5	1.46	3.41
Glomus chinense | 4650_4654_2007C	Glomus	Glomerales	7	100.0	100.0	100.0	100.0	100.0	100.0	0.04	0.07	12.69	33.16	0.54	1.89	3.29	8.42	0.0	0.0	0.0	0.0	0.71	1.36	1.62	3.1
Glomus macrocarpum | W6285_2347C	Glomus	Glomerales	7	100.0	100.0	100.0	100.0	100.0	100.0	0.12	0.27	4.34	6.67	0.0	0.0	5.59	9.82	0.19	0.39	0.44	0.93	0.74	1.23	1.24	2.17
Glomus rugosae | 2101_IVT46	Glomus	Glomerales	16	100.0	100.0	100.0	100.0	100.0	100.0	0.13	0.34	22.04	58.47	0.91	3.15	7.61	14.04	0.33	0.99	0.77	2.33	1.36	3.0	2.4	4.96
Glomus rugosae | 4384_IVT98	Glomus	Glomerales	9	100.0	100.0	100.0	100.0	100.0	100.0	0.14	0.34	1.51	4.35	0.73	1.89	2.05	4.06	0.27	0.79	0.64	1.86	0.75	1.36	1.54	3.1
Glomus rugosae | 4415_1174B	Glomus	Glomerales	4	100.0	100.0	100.0	100.0	100.0	100.0	0.05	0.07	0.0	0.0	0.0	0.0	0.68	1.02	0.13	0.2	0.31	0.46	0.55	0.82	1.24	1.86
Glomus rugosae | 4417_1160C	Glomus	Glomerales	9	100.0	100.0	100.0	100.0	100.0	100.0	0.15	0.34	0.48	2.15	0.42	1.89	1.9	6.08	0.39	0.79	0.93	1.86	0.45	0.96	0.95	1.86
Glomus rugosae | 4420_683B	Glomus	Glomerales	12	100.0	100.0	100.0	100.0	100.0	100.0	0.08	0.27	12.84	26.26	1.41	3.8	5.98	12.24	0.22	0.79	0.51	1.86	1.25	2.59	2.08	4.65
Glomus rugosae | 4431_805C	Glomus	Glomerales	16	100.0	100.0	100.0	100.0	100.0	100.0	0.16	0.41	7.32	23.0	1.17	2.52	4.03	8.12	0.31	0.79	0.72	1.86	0.95	2.04	1.89	4.01
Glomus rugosae | 4487_957C	Glomus	Glomerales	1	100.0	100.0	100.0	100.0	100.0	100.0																
Glomus rugosae | 5096_2452A	Glomus	Glomerales	4	100.0	100.0	100.0	100.0	100.0	100.0	0.07	0.14	0.0	0.0	0.0	0.0	0.0	0.0	0.0	0.0	0.0	0.0	0.39	0.55	0.72	0.93
Glomus rugosae | 5103_2445A	Glomus	Glomerales	4	100.0	100.0	100.0	100.0	100.0	100.0	0.07	0.14	0.0	0.0	0.0	0.0	0.0	0.0	0.0	0.0	0.0	0.0	0.45	0.68	0.88	1.24
Glomus sp. | 4406	Glomus	Glomerales	1	100.0	100.0	100.0	100.0	100.0	100.0																
Glomus sp. | 5089_2351A	Glomus	Glomerales	2	100.0	100.0	100.0	100.0	100.0	100.0																
Glomus tetrastratosum | 4433_785B	Glomus	Glomerales	4	100.0	100.0	100.0	100.0	100.0	100.0	0.2	0.34	24.37	48.74	0.95	1.9	3.39	6.79	0.39	0.59	0.93	1.39	0.91	1.5	0.67	1.23
Glomus tetrastratosum | 5094_2349C	Glomus	Glomerales	7	100.0	100.0	100.0	100.0	100.0	100.0	0.18	0.34	16.53	49.58	0.54	1.9	3.76	9.4	0.46	0.79	1.08	1.86	0.68	1.77	0.86	1.85
Glomus tetrastratosum | 5105_2444A	Glomus	Glomerales	6	100.0	100.0	100.0	100.0	100.0	100.0	0.29	0.75	3.28	7.69	0.21	0.63	2.21	4.22	0.53	1.18	1.08	2.32	0.53	1.09	1.09	2.15
Glomus tetrastratosum | CW0020_4019A	Glomus	Glomerales	3	100.0	100.0	100.0	100.0	100.0	100.0	0.0	0.0	1.95	2.93	0.0	0.0	0.88	1.06	0.0	0.0	0.0	0.0	0.55	0.68	1.03	1.23
Glomus tetrastratosum | SASK26_2406A	Glomus	Glomerales	1	100.0	100.0	100.0	100.0	100.0	100.0																
Microdominikia litorea | 3647_963E	Microdominikia	Glomerales	7	100.0	100.0	100.0	100.0	100.0	100.0	0.45	0.95	4.63	9.52	0.3	0.63	1.68	4.96	0.85	1.97	1.99	4.65	1.62	3.41	3.54	7.34
Microdominikia litorea | 5274	Microdominikia	Glomerales	5	100.0	100.0	100.0	100.0	100.0	100.0	0.8	1.5	34.55	78.96	1.65	2.53	7.93	14.52	1.54	2.77	2.7	4.19	2.39	3.54	3.85	6.12
Oehlia diaphana | 4835_562B	Oehlia	Glomerales	7	100.0	100.0	100.0	100.0	100.0	100.0	0.39	0.82	5.11	9.39	0.57	1.98	6.58	11.4	0.43	1.19	1.01	2.78	0.96	1.63	1.62	3.04
Oehlia diaphana | JS1_IVT19A	Oehlia	Glomerales	6	100.0	100.0	100.0	100.0	100.0	100.0	0.26	0.54	4.48	8.49	0.7	1.32	6.72	10.44	0.2	0.4	0.46	0.93	0.74	1.09	1.18	1.83
Oehlia diaphana | WV579_765A	Oehlia	Glomerales	7	100.0	100.0	100.0	100.0	100.0	100.0	0.19	0.41	3.78	7.55	0.82	1.98	6.0	12.63	0.06	0.2	0.0	0.0	1.05	1.5	2.17	3.34
Oehlia diaphana | WV579_765B	Oehlia	Glomerales	9	100.0	100.0	100.0	100.0	100.0	100.0	0.29	0.68	3.5	5.66	1.03	1.98	6.92	14.47	0.22	0.59	0.51	1.39	0.83	1.9	1.39	3.34
Paraglomus brasilianum | 5274_2288B	Paraglomus	Paraglomerales	1	100.0	100.0	0.0	100.0	100.0	100.0																
Paraglomus brasilianum | BR105_2435A	Paraglomus	Paraglomerales	5	100.0	100.0	0.0	100.0	100.0	100.0	0.45	0.75	20.42	32.07	0.0	0.0	18.67	29.14			1.38	2.3	7.14	11.97	20.91	34.64
Paraglomus brasilianum | W260_5_933C	Paraglomus	Paraglomerales	3	100.0	100.0	0.0	100.0	100.0	100.0	0.05	0.07	0.0	0.0	0.0	0.0	0.6	0.9			0.0	0.0	0.39	0.44	0.5	0.6
Paraglomus brasilianum | W960_3_902A	Paraglomus	Paraglomerales	1	100.0	100.0	0.0	100.0	100.0	100.0																
Paraglomus brasilianum | W960_3_902C	Paraglomus	Paraglomerales	1	100.0	100.0	0.0	100.0	100.0	100.0																
Paraglomus laccatum | CW0010_4009B	Paraglomus	Paraglomerales	5	100.0	100.0	0.0	100.0	100.0	100.0	0.07	0.14	2.14	4.94	0.0	0.0	0.66	1.25			0.0	0.0	0.25	0.44	0.14	0.36
Paraglomus sp. | 4423_1159D	Paraglomus	Paraglomerales	9	100.0	100.0	0.0	100.0	100.0	100.0	0.03	0.07	1.66	3.62	0.0	0.0	5.71	10.09			0.0	0.0	0.07	0.29	0.07	0.3
Paraglomus sp. | 5088_2360A	Paraglomus	Paraglomerales	3	100.0	100.0	0.0	100.0	100.0	100.0	0.05	0.07	1.81	2.71	0.0	0.0	6.73	10.09			0.0	0.0	0.2	0.29	0.2	0.3
Rhizophagus intraradices | FL208_553A	Rhizophagus	Glomerales	4	100.0	100.0	100.0	100.0	100.0	100.0	0.21	0.34	8.45	14.42	3.24	6.47	15.0	26.17	0.3	0.59	0.69	1.39	3.74	6.93	4.25	7.59
Rhizophagus intraradices | KS906_IVT156	Rhizophagus	Glomerales	4	100.0	100.0	100.0	100.0	100.0	100.0	0.1	0.2	6.73	13.46	3.24	6.47	14.84	26.17	0.2	0.39	0.46	0.93	3.6	6.93	3.94	7.59
Rhizophagus intraradices | KS906_IVT22A	Rhizophagus	Glomerales	1	100.0	100.0	100.0	100.0	100.0	100.0																
Rhizophagus intraradices | UT126A	Rhizophagus	Glomerales	8	100.0	100.0	100.0	100.0	100.0	100.0	0.28	0.68	9.09	14.49	4.36	9.68	17.94	32.49	0.42	0.98	0.99	2.31	5.05	11.94	6.93	18.46
Rhizophagus irregularis | 4292_708C	Rhizophagus	Glomerales	5	100.0	100.0	100.0	100.0	100.0	100.0	0.05	0.14	9.53	20.75	4.56	7.82	9.96	16.55	0.0	0.0	0.0	0.0	4.17	7.17	5.25	9.35
Rhizophagus irregularis | 4341_IVT72A	Rhizophagus	Glomerales	4	100.0	100.0	100.0	100.0	100.0	100.0	0.03	0.07	2.33	4.65	3.57	7.14	8.75	16.43	0.0	0.0	0.0	0.0	4.17	7.17	5.78	9.35
Rhizophagus irregularis | 4348_IVT77A	Rhizophagus	Glomerales	4	100.0	100.0	100.0	100.0	100.0	100.0	0.03	0.07	2.33	4.65	3.57	7.14	8.75	16.43	0.0	0.0	0.0	0.0	4.17	7.17	5.78	9.35
Rhizophagus irregularis | 4375_IVT88A	Rhizophagus	Glomerales	6	100.0	100.0	100.0	100.0	100.0	100.0	0.04	0.07	2.53	4.67	3.09	6.49	8.3	16.43	0.0	0.0	0.0	0.0	3.44	7.17	4.04	9.35
Rhizophagus irregularis | 4569_1185B	Rhizophagus	Glomerales	2	100.0	100.0	100.0	100.0	100.0	100.0																
Rhizophagus irregularis | 4674_1184D	Rhizophagus	Glomerales	5	100.0	100.0	100.0	100.0	100.0	100.0	0.05	0.14	2.98	5.58	2.72	6.49	7.45	16.43	0.0	0.0	0.0	0.0	3.72	6.9	4.37	8.75
Rhizophagus irregularis | CC4_4A_IVT7A	Rhizophagus	Glomerales	4	100.0	100.0	100.0	100.0	100.0	100.0	0.07	0.14	4.21	5.58	3.56	6.49	11.24	17.03	0.1	0.2	0.23	0.46	4.06	6.78	5.73	9.67
Rhizophagus irregularis | DAOMC 197198	Rhizophagus	Glomerales	18	100.0	100.0	100.0	100.0	100.0	100.0	0.05	0.2	1.96	5.58	1.41	6.49	4.14	16.43	0.02	0.2	0.0	0.0	2.38	6.9	2.77	8.75
Rhizophagus irregularis | GC-2_IVT11	Rhizophagus	Glomerales	10	100.0	100.0	100.0	100.0	100.0	100.0	0.02	0.07	2.47	5.58	2.88	7.14	8.48	16.43	0.0	0.0	0.0	0.0	3.61	7.17	4.39	9.35
Rhizophagus irregularis | SD1_IVT29A	Rhizophagus	Glomerales	4	100.0	100.0	100.0	100.0	100.0	100.0	0.07	0.14	5.67	10.05	2.91	5.83	5.67	11.03	0.0	0.0	0.0	0.0	0.68	1.36	0.76	1.51
Rhizophagus irregularis | T3_IVT34A	Rhizophagus	Glomerales	4	100.0	100.0	100.0	100.0	100.0	100.0	0.03	0.07	2.98	4.69	4.3	7.14	11.59	17.45	0.1	0.2	0.23	0.46	4.62	7.04	6.03	9.65
Rhizophagus prolifer | SD5_IVT32	Rhizophagus	Glomerales	10	100.0	100.0	100.0	100.0	100.0	100.0	0.16	0.41	4.26	11.87	4.44	7.12	19.64	33.17	0.21	0.59	0.49	1.39	5.56	9.1	5.92	9.08
Rhizophagus silesianus | 3628_206A	Rhizophagus	Glomerales	3	100.0	100.0	100.0	100.0	100.0	100.0	0.09	0.14	4.89	7.34	5.16	7.74	12.53	18.8	0.13	0.2	0.31	0.46	3.71	5.56	3.44	5.15
Rhizophagus silesianus | ECU32_IVT8A	Rhizophagus	Glomerales	7	100.0	100.0	100.0	100.0	100.0	100.0	0.13	0.27	4.27	8.41	3.74	7.74	9.28	15.98	0.28	0.59	0.66	1.39	2.82	5.84	2.83	5.77
Rhizophagus sp. (in: glomeromycetes) | 1399_IVT43A	Rhizophagus	Glomerales	3	100.0	100.0	100.0	100.0	100.0	100.0	0.0	0.0	6.93	10.39	0.42	0.64	4.96	7.44	0.0	0.0	0.0	0.0	0.36	0.41	0.8	0.9
Rhizophagus sp. (in: glomeromycetes) | 212607_IVT70A	Rhizophagus	Glomerales	7	100.0	100.0	100.0	100.0	100.0	100.0	0.43	1.49	9.56	18.92	2.15	7.12	8.92	22.17	0.62	2.17	1.46	5.09	3.02	9.62	4.08	12.37
Sclerocystis sinuosa | MT106_2767A	Sclerocystis	Glomerales	18	100.0	100.0	100.0	100.0	100.0	100.0	0.06	0.2	0.97	2.78	0.0	0.0	1.54	3.45	0.0	0.0	0.0	0.0	0.45	0.94	0.87	1.8
Septoglomus sp. | 4404_2057A	Septoglomus	Glomerales	3	100.0	100.0	100.0	100.0	100.0	100.0	0.36	0.54	11.32	16.98	3.8	5.7	11.52	17.27	0.66	0.99	0.93	1.4	2.33	3.5	4.62	6.93
Septoglomus sp. | 5070_5024A	Septoglomus	Glomerales	3	100.0	100.0	100.0	100.0	100.0	100.0	0.54	0.81	12.19	15.45	3.36	5.02	6.14	9.21	0.92	1.38	2.15	3.23	1.7	2.28	1.41	1.81
Septoglomus sp. | Blasz_17_2277A	Septoglomus	Glomerales	6	100.0	100.0	100.0	100.0	100.0	100.0	0.17	0.34	4.47	13.4	1.9	5.7	4.1	12.29	0.42	0.79	0.5	0.93	0.84	1.75	0.5	1.5
Septoglomus sp. | C4	Septoglomus	Glomerales	8	100.0	100.0	100.0	100.0	100.0	100.0	0.34	0.95	9.34	20.51	1.68	3.81	8.4	13.39	0.58	1.57	1.35	3.69	1.64	2.95	1.03	1.81
Septoglomus sp. | FS_9_2328B	Septoglomus	Glomerales	5	100.0	100.0	100.0	100.0	100.0	100.0	0.27	0.48	11.98	21.15	3.04	5.06	5.72	9.42	0.51	0.99	0.37	0.93	2.13	3.5	4.63	7.82
Septoglomus sp. | SO43BL	Septoglomus	Glomerales	6	100.0	100.0	100.0	100.0	100.0	100.0	0.11	0.34	5.7	14.22	1.9	5.7	4.52	13.05	0.26	0.79	0.31	0.93	0.62	1.75	0.58	1.5
Septoglomus turnauae | Blasz_12_2272D	Septoglomus	Glomerales	5	100.0	100.0	100.0	100.0	100.0	100.0	0.16	0.41	3.56	7.51	1.77	4.42	6.55	15.08	0.32	0.79	0.19	0.47	1.28	2.56	1.86	4.2
Septoglomus viscosum | CW0002_4001A	Septoglomus	Glomerales	3	100.0	100.0	100.0	100.0	100.0	100.0	0.45	0.61	0.0	0.0	0.0	0.0	0.0	0.0	1.31	1.77	2.77	3.7	0.0	0.0	0.0	0.0
Septoglomus viscosum | CW0026_Att1910-1	Septoglomus	Glomerales	12	100.0	100.0	100.0	100.0	100.0	100.0	0.69	1.49	4.33	8.16	1.94	5.75	5.5	10.22	1.57	3.74	3.07	7.41	1.33	2.42	2.32	4.23
Septoglomus viscosum | CW0029_4028A	Septoglomus	Glomerales	2	100.0	100.0	100.0	100.0	100.0	100.0																
Septoglomus viscosum | MD215_360A	Septoglomus	Glomerales	3	100.0	100.0	100.0	100.0	100.0	100.0	0.23	0.34	3.91	5.86	0.0	0.0	0.0	0.0	0.66	0.98	1.54	2.31	0.27	0.4	0.6	0.91
Septoglomus viscosum | W375_18_642E	Septoglomus	Glomerales	4	100.0	100.0	100.0	100.0	100.0	100.0	2.21	4.07	7.73	11.62	5.03	9.65	6.78	11.5	2.53	4.53	3.63	6.48	2.11	2.96	3.06	3.91
[Rhizoglomus] vesiculiferum | 212939_IVT38A	Rhizoglomus	Glomerales	7	100.0	100.0	100.0	100.0	100.0	100.0	0.28	0.54	11.87	24.41	2.51	7.14	6.82	18.49	0.0	0.0	0.0	0.0	3.89	8.67	5.65	10.88
[Rhizoglomus] vesiculiferum | 3029_660C	Rhizoglomus	Glomerales	1	100.0	100.0	100.0	100.0	100.0	100.0																
[Rhizoglomus] vesiculiferum | 3628_IVT65A	Rhizoglomus	Glomerales	7	100.0	100.0	100.0	100.0	100.0	100.0	0.34	0.95	11.15	25.35	2.38	7.79	7.45	18.84	0.6	1.38	1.41	3.24	2.92	8.28	3.41	10.62
[Rhizoglomus] vesiculiferum | 4086_IVT68A	Rhizoglomus	Glomerales	3	100.0	100.0	100.0	100.0	100.0	100.0	0.14	0.2	11.08	14.22	4.75	7.12	11.96	16.75	0.26	0.39	0.62	0.93	4.07	6.11	6.66	9.98
[Rhizoglomus] vesiculiferum | 4369_IVT81A	Rhizoglomus	Glomerales	2	100.0	100.0	100.0	100.0	100.0	100.0																
[Rhizoglomus] vesiculiferum | 4374_IVT87A	Rhizoglomus	Glomerales	3	100.0	100.0	100.0	100.0	100.0	100.0	0.18	0.27	7.55	11.32	1.28	1.92	5.33	8.0	0.52	0.79	1.23	1.85	2.9	4.21	2.02	2.73
[Rhizoglomus] vesiculiferum | 4375_IVT88A	Rhizoglomus	Glomerales	4	100.0	100.0	100.0	100.0	100.0	100.0	0.05	0.07	2.94	4.67	3.67	6.49	10.41	16.43	0.0	0.0	0.0	0.0	4.15	7.17	5.58	9.35
[Rhizoglomus] vesiculiferum | 5074_2353A	Rhizoglomus	Glomerales	6	100.0	100.0	100.0	100.0	100.0	100.0	0.47	1.15	13.8	19.14	4.54	7.14	13.26	19.18	0.52	1.57	1.23	3.7	5.09	8.54	7.21	11.21
[Rhizoglomus] vesiculiferum | Gwalkeri_IVT132A	Rhizoglomus	Glomerales	8	100.0	100.0	100.0	100.0	100.0	100.0	0.47	1.29	8.85	15.89	3.91	7.79	11.51	21.03	0.63	1.77	1.37	3.7	4.6	7.45	6.21	12.1
