organism	named	order	cultures	copies	VT_units	VT_cultures	LSU_units	LSU_cultures
Acaulospora morrowiae	True	Diversisporales	2	10	1	VTX00028 (2)	1	Acaulospora papillosa (2)
Ambispora callosa	True	Archaeosporales	3	20	1	VTX00242 (3)	1	Ambispora leptoticha (3)
Ambispora leptoticha	True	Archaeosporales	2	10	1	VTX00242 (2)	1	Ambispora leptoticha (2)
Cetraspora gilmorei	True	Diversisporales	9	60	1	VTX00041 (9)	1	Cetraspora gilmorei (9)
Dentiscutata heterogama	True	Diversisporales	2	6	1	VTX00255 (2)	1	Dentiscutata Fuscutata aurea (2)
Diversispora aestuarii	True	Diversisporales	2	20	1	VTX00306 (2)	1	Diversispora varaderana (2)
Diversispora arenaria	True	Diversisporales	1	4	1	VTX00054 (1)	1	Diversispora arenaria (1)
Diversispora celata	True	Diversisporales	2	10	1	VTX00060 (2)	1	Diversispora celata (2)
Diversispora eburnea	True	Diversisporales	2	15	1	VTX00060 (2)	1	Diversispora eburnea (2)
Diversispora epigaea	True	Diversisporales	2	13	1	VTX00061 (2)	1	Diversispora epigaea (2)
Diversispora jakucsiae	True	Diversisporales	1	4	1	VTX00054 (1)	1	Diversispora jakucsiae (1)
Diversispora spurca	True	Diversisporales	3	18	1	VTX00263 (3)	0	(none) (3)
Diversispora varaderana	True	Diversisporales	7	31	1	VTX00306 (7)	2	Diversispora varaderana (6), Diversispora bareai (1)
Dominikia bonfanteae	True	Glomerales	2	6	1	VTX00143 (2)	1	Dominikia bonfanteae (2)
Dominikia duoreactiva	True	Glomerales	2	9	1	VTX00153 (2)	1	Dominikia duoreactiva (2)
Funneliformis caledonium	True	Glomerales	2	9	1	VTX00065 (2)	2	Funneliformis fragilistratum (1), Funneliformis caledonium (1)
Funneliformis coronatus	True	Glomerales	4	24	1	VTX00265 (4)	1	Funneliformis coronatus (4)
Funneliformis geosporum	True	Glomerales	2	8	1	VTX00065 (2)	1	Funneliformis geosporum (2)
Funneliformis mosseae	True	Glomerales	13	130	1	VTX00067 (13)	1	Funneliformis coronatus (12), (none) (1)
Gigaspora rosea	True	Diversisporales	9	54	1	VTX00039 (9)	2	Gigaspora rosea (5), Gigaspora albida (4)
Glomus chinense	True	Glomerales	4	35	1	VTX00199 (4)	1	Glomus chinense (4)
Glomus macrocarpum	True	Glomerales	1	7	1	VTX00199 (1)	1	Glomus macrocarpum (1)
Glomus rugosae	True	Glomerales	9	75	1	VTX00199 (9)	1	Glomus rugosae (9)
Glomus sp.	False	Glomerales	2	3	1	VTX00219 (2)	0	(none) (2)
Glomus tetrastratosum	True	Glomerales	5	21	1	VTX00199 (5)	1	Glomus tetrastratosum (5)
Microdominikia litorea	True	Glomerales	2	12	2	VTX00222 (1), VTX00125 (1)	1	Microdominikia litorea (2)
Oehlia diaphana	True	Glomerales	4	29	1	VTX00309 (4)	1	Oehlia diaphana (4)
Paraglomus brasilianum	True	Paraglomerales	5	8	1	VTX00239 (5)	1	Paraglomus brasilianum (5)
Paraglomus laccatum	True	Paraglomerales	1	5	1	VTX00281 (1)	1	Paraglomus laccatum (1)
Paraglomus sp.	False	Paraglomerales	3	15	2	VTX00239 (2), VTX00281 (1)	1	(none) (2), Paraglomus laccatum (1)
Rhizophagus intraradices	True	Glomerales	4	17	1	VTX00100 (4)	1	Rhizophagus intraradices (4)
Rhizophagus irregularis	True	Glomerales	11	70	2	VTX00114 (9), VTX00113 (2)	1	Rhizophagus irregularis (11)
Rhizophagus prolifer	True	Glomerales	1	10	1	VTX00099 (1)	1	Rhizophagus proliferus (1)
Rhizophagus silesianus	True	Glomerales	2	10	1	VTX00105 (2)	1	Rhizophagus silesianus (2)
Rhizophagus sp. (in: glomeromycetes)	False	Glomerales	2	10	1	VTX00248 (2)	1	Rhizophagus fasciculatus (2)
Sclerocystis sinuosa	True	Glomerales	1	18	1	VTX00069 (1)	1	Sclerocystis sinuosa (1)
Septoglomus sp.	False	Glomerales	6	31	2	VTX00064 (4), VTX00063 (2)	4	Septoglomus africanum (2), Septoglomus Viscospora peruviscosa (2), Septoglomus altomontanum (1), Septoglomus nigrum (1)
Septoglomus turnauae	True	Glomerales	1	5	1	VTX00064 (1)	1	Septoglomus turnauae (1)
Septoglomus viscosum	True	Glomerales	5	24	1	VTX00063 (5)	1	Septoglomus Viscospora viscosa (4), (none) (1)
[Rhizoglomus] vesiculiferum	True	Glomerales	8	37	2	VTX00113 (6), VTX00115 (2)	1	Rhizophagus vesiculiferus (7), (none) (1)
