delta	cultures_tested	consistent	consistent_share	copies_with_set	single_unit_share	mean_set_size	unit_groups	groups_with_several_species	species_resolved	named_species
0.0	107	106	0.9907	596	0.995	1.005	57	1	32	37
0.1	107	106	0.9907	596	0.9765	1.029	57	1	32	37
0.2	107	106	0.9907	596	0.9748	1.03	57	1	32	37
0.3	107	106	0.9907	596	0.948	1.082	57	1	32	37
0.4	107	106	0.9907	596	0.9362	1.094	57	1	32	37
0.5	107	106	0.9907	596	0.8859	1.161	56	1	32	37
0.6	107	106	0.9907	596	0.8792	1.173	56	1	32	37
0.7	107	106	0.9907	596	0.8523	1.225	56	1	32	37
0.8	107	106	0.9907	596	0.8372	1.252	56	1	32	37
0.9	107	106	0.9907	596	0.7785	1.331	56	1	32	37
1.0	107	106	0.9907	596	0.7685	1.352	56	1	32	37
1.1	107	106	0.9907	596	0.7366	1.433	56	1	32	37
1.2	107	106	0.9907	596	0.7232	1.45	56	1	32	37
1.3	107	106	0.9907	596	0.6493	1.604	56	1	32	37
1.4	107	106	0.9907	596	0.6225	1.649	56	1	32	37
1.5	107	106	0.9907	596	0.6023	1.782	55	1	32	37
1.6	107	106	0.9907	596	0.6023	1.782	55	1	32	37
1.7	107	106	0.9907	596	0.6023	1.782	55	1	32	37
1.8	107	106	0.9907	596	0.6023	1.782	55	1	32	37
1.9	107	106	0.9907	596	0.6023	1.782	55	1	32	37
2.0	107	106	0.9907	596	0.6023	1.782	55	1	32	37
2.1	107	106	0.9907	596	0.6023	1.782	55	1	32	37
2.2	107	106	0.9907	596	0.6023	1.782	55	1	32	37
2.3	107	106	0.9907	596	0.6023	1.782	55	1	32	37
2.4	107	106	0.9907	596	0.6023	1.782	55	1	32	37
2.5	107	106	0.9907	596	0.6023	1.782	55	1	32	37
2.6	107	106	0.9907	596	0.6023	1.782	55	1	32	37
2.7	107	106	0.9907	596	0.6023	1.782	55	1	32	37
2.8	107	106	0.9907	596	0.6023	1.782	55	1	32	37
2.9	107	106	0.9907	596	0.6023	1.782	55	1	32	37
3.0	107	106	0.9907	596	0.6023	1.782	55	1	32	37
