culture	organism	named	main_with_set	culture_set	consistent	copy_sets
Acaulospora morrowiae | BF_TM_1197A	Acaulospora morrowiae	True	4	SH1189689.10FU+SH1373895.10FU	True	SH1189689.10FU+SH1373895.10FU:4
Acaulospora morrowiae | CR315B_2019A	Acaulospora morrowiae	True	1	SH1189682.10FU		SH1189682.10FU:1
Ambispora callosa | JA116_2012B	Ambispora callosa	True	7	SH1196066.10FU+SH1196070.10FU+SH1196075.10FU+SH1196083.10FU+SH1196096.10FU+SH1196100.10FU+SH1196113.10FU+SH1196117.10FU	True	SH1196066.10FU+SH1196070.10FU+SH1196075.10FU+SH1196083.10FU+SH1196096.10FU+SH1196100.10FU+SH1196113.10FU+SH1196117.10FU:7
Ambispora callosa | MAFF520057_2499A	Ambispora callosa	True	4	SH1196066.10FU+SH1196070.10FU+SH1196075.10FU+SH1196083.10FU+SH1196096.10FU+SH1196100.10FU+SH1196113.10FU+SH1196117.10FU	True	SH1196066.10FU+SH1196070.10FU+SH1196075.10FU+SH1196083.10FU+SH1196096.10FU+SH1196100.10FU+SH1196113.10FU+SH1196117.10FU:4
Ambispora callosa | MAFF520084_2504A	Ambispora callosa	True	9	SH1196066.10FU+SH1196070.10FU+SH1196075.10FU+SH1196083.10FU+SH1196096.10FU+SH1196100.10FU+SH1196113.10FU+SH1196117.10FU	True	SH1196066.10FU+SH1196070.10FU+SH1196075.10FU+SH1196083.10FU+SH1196096.10FU+SH1196100.10FU+SH1196113.10FU+SH1196117.10FU:9
Ambispora leptoticha | MAFF520090_2501A	Ambispora leptoticha	True	1	SH1196065.10FU		SH1196065.10FU:1
Ambispora leptoticha | ON205A	Ambispora leptoticha	True	0			
Cetraspora gilmorei | 4385	Cetraspora gilmorei	True	5	SH1273382.10FU+SH1273387.10FU+SH1273430.10FU	True	SH1273382.10FU+SH1273387.10FU+SH1273430.10FU:5
Cetraspora gilmorei | 4397_453A	Cetraspora gilmorei	True	2	SH1273382.10FU+SH1273387.10FU+SH1273430.10FU	True	SH1273382.10FU+SH1273387.10FU+SH1273430.10FU:2
Cetraspora gilmorei | 4398_831C	Cetraspora gilmorei	True	5	SH1273382.10FU+SH1273387.10FU+SH1273430.10FU	True	SH1273382.10FU+SH1273387.10FU+SH1273430.10FU:5
Cetraspora gilmorei | 4414_1105C	Cetraspora gilmorei	True	6	SH1273382.10FU+SH1273387.10FU+SH1273430.10FU	True	SH1273382.10FU+SH1273387.10FU+SH1273430.10FU:6
Cetraspora gilmorei | 4419_860D	Cetraspora gilmorei	True	6	SH1273382.10FU+SH1273387.10FU+SH1273430.10FU	True	SH1273382.10FU+SH1273387.10FU+SH1273430.10FU:6
Cetraspora gilmorei | 4430_2047A	Cetraspora gilmorei	True	3	SH1273382.10FU+SH1273387.10FU+SH1273430.10FU	True	SH1273382.10FU+SH1273387.10FU+SH1273430.10FU:3
Cetraspora gilmorei | 4436_787A	Cetraspora gilmorei	True	4	SH1273382.10FU+SH1273387.10FU+SH1273430.10FU	True	SH1273382.10FU+SH1273387.10FU+SH1273430.10FU:4
Cetraspora gilmorei | CW0008_2669B	Cetraspora gilmorei	True	10	SH1273382.10FU+SH1273387.10FU+SH1273430.10FU	True	SH1273382.10FU+SH1273387.10FU+SH1273430.10FU:10
Cetraspora gilmorei | CW0008_4007A	Cetraspora gilmorei	True	4	SH1273382.10FU+SH1273387.10FU+SH1273430.10FU	True	SH1273382.10FU+SH1273387.10FU+SH1273430.10FU:4
Dentiscutata heterogama | BEG_35_2003A	Dentiscutata heterogama	True	3	SH1076673.10FU+SH1076740.10FU+SH1076749.10FU+SH1076790.10FU+SH1076811.10FU	True	SH1076673.10FU+SH1076740.10FU+SH1076749.10FU+SH1076790.10FU+SH1076811.10FU:3
Dentiscutata heterogama | CL157_2013B	Dentiscutata heterogama	True	3	SH1076673.10FU+SH1076740.10FU+SH1076749.10FU+SH1076790.10FU+SH1076811.10FU	True	SH1076673.10FU+SH1076740.10FU+SH1076749.10FU+SH1076790.10FU+SH1076811.10FU:3
Diversispora aestuarii | 4403_745C	Diversispora aestuarii	True	0			
Diversispora aestuarii | 4485_952D	Diversispora aestuarii	True	7	SH1203712.10FU	True	SH1203712.10FU:7
Diversispora arenaria | Blasz_14_2274A	Diversispora arenaria	True	3	SH1203594.10FU+SH1203608.10FU+SH1203714.10FU	True	SH1203594.10FU+SH1203608.10FU+SH1203714.10FU:3
Diversispora celata | 4381_68A	Diversispora celata	True	2	SH1203522.10FU	True	SH1203522.10FU:2
Diversispora celata | SC2	Diversispora celata	True	0			
Diversispora eburnea | AZ414A_356A	Diversispora eburnea	True	10	SH1203477.10FU+SH1203532.10FU+SH1203593.10FU+SH1203696.10FU+SH1203705.10FU	True	SH1203477.10FU+SH1203532.10FU+SH1203593.10FU+SH1203696.10FU+SH1203705.10FU:10
Diversispora eburnea | FS_12_2334B	Diversispora eburnea	True	2	SH1203477.10FU+SH1203532.10FU+SH1203593.10FU+SH1203696.10FU+SH1203705.10FU	True	SH1203477.10FU+SH1203532.10FU+SH1203593.10FU+SH1203696.10FU+SH1203705.10FU:2
Diversispora epigaea | BEG47_1140C	Diversispora epigaea	True	5	SH1203556.10FU+SH1203632.10FU+SH1203662.10FU+SH1203671.10FU+SH1203673.10FU+SH1203728.10FU+SH1203750.10FU	True	SH1203556.10FU+SH1203632.10FU+SH1203662.10FU+SH1203671.10FU+SH1203673.10FU+SH1203728.10FU+SH1203750.10FU:5
Diversispora epigaea | FS16_2427A	Diversispora epigaea	True	7	SH1203556.10FU+SH1203632.10FU+SH1203662.10FU+SH1203671.10FU+SH1203673.10FU+SH1203728.10FU+SH1203750.10FU	True	SH1203556.10FU+SH1203632.10FU+SH1203662.10FU+SH1203671.10FU+SH1203673.10FU+SH1203728.10FU+SH1203750.10FU:7
Diversispora jakucsiae | Blasz_11_2271A	Diversispora jakucsiae	True	4	SH1203546.10FU+SH1203620.10FU	True	SH1203546.10FU+SH1203620.10FU:4
Diversispora spurca | Algerie_2_1072C	Diversispora spurca	True	0			
Diversispora spurca | CW0006_4005B	Diversispora spurca	True	10	SH1203583.10FU+SH1203684.10FU	True	SH1203583.10FU+SH1203684.10FU:10
Diversispora spurca | W246_28_9A	Diversispora spurca	True	3	SH1203583.10FU+SH1203684.10FU	True	SH1203583.10FU+SH1203684.10FU:3
Diversispora varaderana | 3086_1170D	Diversispora varaderana	True	7	SH1203475.10FU+SH1203506.10FU+SH1203550.10FU+SH1203557.10FU+SH1203558.10FU+SH1203568.10FU+SH1203618.10FU+SH1203670.10FU+SH1203731.10FU	True	SH1203475.10FU+SH1203506.10FU+SH1203550.10FU+SH1203557.10FU+SH1203558.10FU+SH1203568.10FU+SH1203618.10FU+SH1203670.10FU+SH1203731.10FU:7
Diversispora varaderana | 4393_830B	Diversispora varaderana	True	3	SH1203475.10FU+SH1203506.10FU+SH1203550.10FU+SH1203557.10FU+SH1203558.10FU+SH1203568.10FU+SH1203618.10FU+SH1203670.10FU+SH1203731.10FU	True	SH1203475.10FU+SH1203506.10FU+SH1203550.10FU+SH1203557.10FU+SH1203558.10FU+SH1203568.10FU+SH1203618.10FU+SH1203670.10FU+SH1203731.10FU:3
Diversispora varaderana | 4394_1010A	Diversispora varaderana	True	4	SH1203475.10FU+SH1203506.10FU+SH1203550.10FU+SH1203557.10FU+SH1203558.10FU+SH1203568.10FU+SH1203618.10FU+SH1203670.10FU+SH1203731.10FU	True	SH1203475.10FU+SH1203506.10FU+SH1203550.10FU+SH1203557.10FU+SH1203558.10FU+SH1203568.10FU+SH1203618.10FU+SH1203670.10FU+SH1203731.10FU:4
Diversispora varaderana | 4450_536A	Diversispora varaderana	True	5	SH1203475.10FU+SH1203506.10FU+SH1203550.10FU+SH1203557.10FU+SH1203558.10FU+SH1203568.10FU+SH1203618.10FU+SH1203670.10FU+SH1203731.10FU	True	SH1203475.10FU+SH1203506.10FU+SH1203550.10FU+SH1203557.10FU+SH1203558.10FU+SH1203568.10FU+SH1203618.10FU+SH1203670.10FU+SH1203731.10FU:5
Diversispora varaderana | 4510_972A	Diversispora varaderana	True	1	SH1203475.10FU+SH1203506.10FU+SH1203550.10FU+SH1203557.10FU+SH1203558.10FU+SH1203568.10FU+SH1203618.10FU+SH1203670.10FU+SH1203731.10FU		SH1203475.10FU+SH1203506.10FU+SH1203550.10FU+SH1203557.10FU+SH1203558.10FU+SH1203568.10FU+SH1203618.10FU+SH1203670.10FU+SH1203731.10FU:1
Diversispora varaderana | CW0016_4015A	Diversispora varaderana	True	4	SH1203475.10FU+SH1203506.10FU+SH1203550.10FU+SH1203557.10FU+SH1203558.10FU+SH1203568.10FU+SH1203618.10FU+SH1203670.10FU+SH1203731.10FU	True	SH1203475.10FU+SH1203506.10FU+SH1203550.10FU+SH1203557.10FU+SH1203558.10FU+SH1203568.10FU+SH1203618.10FU+SH1203670.10FU+SH1203731.10FU:4
Diversispora varaderana | SASK_50	Diversispora varaderana	True	4	SH1203475.10FU+SH1203506.10FU+SH1203550.10FU+SH1203557.10FU+SH1203558.10FU+SH1203568.10FU+SH1203618.10FU+SH1203670.10FU+SH1203731.10FU	True	SH1203475.10FU+SH1203506.10FU+SH1203550.10FU+SH1203557.10FU+SH1203558.10FU+SH1203568.10FU+SH1203618.10FU+SH1203670.10FU+SH1203731.10FU:4
Dominikia bonfanteae | 4351_1077A	Dominikia bonfanteae	True	3	SH1398916.10FU+SH1399296.10FU	True	SH1398916.10FU+SH1399296.10FU:3
Dominikia bonfanteae | C10660_2264B	Dominikia bonfanteae	True	3	SH1399727.10FU+SH1399966.10FU	True	SH1399727.10FU+SH1399966.10FU:3
Dominikia duoreactiva | 4392_1156C	Dominikia duoreactiva	True	0			
Dominikia duoreactiva | 4412	Dominikia duoreactiva	True	0			
Funneliformis caledonium | CW0030_822A	Funneliformis caledonium	True	4	SH1077132.10FU+SH1077163.10FU+SH1077204.10FU+SH1077235.10FU	True	SH1077132.10FU+SH1077163.10FU+SH1077204.10FU+SH1077235.10FU:4
Funneliformis caledonium | VDHK150A_21A	Funneliformis caledonium	True	5	SH1077132.10FU+SH1077163.10FU+SH1077204.10FU+SH1077235.10FU	True	SH1077132.10FU+SH1077163.10FU+SH1077204.10FU+SH1077235.10FU:5
Funneliformis coronatus | Algerie_2_1072A	Funneliformis coronatus	True	4	SH1076991.10FU+SH1077211.10FU	True	SH1076991.10FU+SH1077211.10FU:4
Funneliformis coronatus | W111_12_886A	Funneliformis coronatus	True	8	SH1077025.10FU	True	SH1077025.10FU:8
Funneliformis coronatus | W143_5_12A	Funneliformis coronatus	True	7	SH1076991.10FU+SH1077211.10FU	True	SH1076991.10FU+SH1077211.10FU:7
Funneliformis coronatus | W699_21_3A	Funneliformis coronatus	True	0			
Funneliformis geosporum | ALBG_A3	Funneliformis geosporum	True	0			
Funneliformis geosporum | W681_7_10A	Funneliformis geosporum	True	3	SH1077059.10FU+SH1077190.10FU	True	SH1077059.10FU+SH1077190.10FU:3
Funneliformis mosseae | 198394_123A	Funneliformis mosseae	True	7	SH1076987.10FU+SH1077032.10FU+SH1077055.10FU+SH1077074.10FU+SH1077077.10FU+SH1077091.10FU+SH1077101.10FU+SH1077156.10FU+SH1077168.10FU+SH1077209.10FU+SH1077215.10FU+SH1077231.10FU+SH1077256.10FU+SH1077261.10FU+SH1077279.10FU+SH1077285.10FU	True	SH1076987.10FU+SH1077032.10FU+SH1077055.10FU+SH1077074.10FU+SH1077077.10FU+SH1077091.10FU+SH1077101.10FU+SH1077156.10FU+SH1077168.10FU+SH1077209.10FU+SH1077215.10FU+SH1077231.10FU+SH1077256.10FU+SH1077261.10FU+SH1077279.10FU+SH1077285.10FU:7
Funneliformis mosseae | 2101_50A	Funneliformis mosseae	True	8	SH1076987.10FU+SH1077032.10FU+SH1077055.10FU+SH1077074.10FU+SH1077077.10FU+SH1077091.10FU+SH1077101.10FU+SH1077156.10FU+SH1077168.10FU+SH1077209.10FU+SH1077215.10FU+SH1077231.10FU+SH1077256.10FU+SH1077261.10FU+SH1077279.10FU+SH1077285.10FU	True	SH1076987.10FU+SH1077032.10FU+SH1077055.10FU+SH1077074.10FU+SH1077077.10FU+SH1077091.10FU+SH1077101.10FU+SH1077156.10FU+SH1077168.10FU+SH1077209.10FU+SH1077215.10FU+SH1077231.10FU+SH1077256.10FU+SH1077261.10FU+SH1077279.10FU+SH1077285.10FU:6;SH1076987.10FU+SH1077032.10FU+SH1077055.10FU+SH1077074.10FU+SH1077077.10FU+SH1077091.10FU+SH1077101.10FU+SH1077156.10FU+SH1077168.10FU+SH1077209.10FU+SH1077215.10FU+SH1077231.10FU+SH1077256.10FU+SH1077261.10FU+SH1077279.10FU+SH1077285.10FU/SH1077144.10FU:2
Funneliformis mosseae | 2231_1079F	Funneliformis mosseae	True	16	SH1076987.10FU+SH1077032.10FU+SH1077055.10FU+SH1077074.10FU+SH1077077.10FU+SH1077091.10FU+SH1077101.10FU+SH1077156.10FU+SH1077168.10FU+SH1077209.10FU+SH1077215.10FU+SH1077231.10FU+SH1077256.10FU+SH1077261.10FU+SH1077279.10FU+SH1077285.10FU	True	SH1076987.10FU+SH1077032.10FU+SH1077055.10FU+SH1077074.10FU+SH1077077.10FU+SH1077091.10FU+SH1077101.10FU+SH1077156.10FU+SH1077168.10FU+SH1077209.10FU+SH1077215.10FU+SH1077231.10FU+SH1077256.10FU+SH1077261.10FU+SH1077279.10FU+SH1077285.10FU:16
Funneliformis mosseae | 2252_723A	Funneliformis mosseae	True	9	SH1076987.10FU+SH1077032.10FU+SH1077055.10FU+SH1077074.10FU+SH1077077.10FU+SH1077091.10FU+SH1077101.10FU+SH1077156.10FU+SH1077168.10FU+SH1077209.10FU+SH1077215.10FU+SH1077231.10FU+SH1077256.10FU+SH1077261.10FU+SH1077279.10FU+SH1077285.10FU	True	SH1076987.10FU+SH1077032.10FU+SH1077055.10FU+SH1077074.10FU+SH1077077.10FU+SH1077091.10FU+SH1077101.10FU+SH1077156.10FU+SH1077168.10FU+SH1077209.10FU+SH1077215.10FU+SH1077231.10FU+SH1077256.10FU+SH1077261.10FU+SH1077279.10FU+SH1077285.10FU:9
Funneliformis mosseae | 3502	Funneliformis mosseae	True	5	SH1076987.10FU+SH1077032.10FU+SH1077055.10FU+SH1077074.10FU+SH1077077.10FU+SH1077091.10FU+SH1077101.10FU+SH1077156.10FU+SH1077168.10FU+SH1077209.10FU+SH1077215.10FU+SH1077231.10FU+SH1077256.10FU+SH1077261.10FU+SH1077279.10FU+SH1077285.10FU	True	SH1076987.10FU+SH1077032.10FU+SH1077055.10FU+SH1077074.10FU+SH1077077.10FU+SH1077091.10FU+SH1077101.10FU+SH1077156.10FU+SH1077168.10FU+SH1077209.10FU+SH1077215.10FU+SH1077231.10FU+SH1077256.10FU+SH1077261.10FU+SH1077279.10FU+SH1077285.10FU:5
Funneliformis mosseae | 4344_272A	Funneliformis mosseae	True	10	SH1076987.10FU+SH1077032.10FU+SH1077055.10FU+SH1077074.10FU+SH1077077.10FU+SH1077091.10FU+SH1077101.10FU+SH1077156.10FU+SH1077168.10FU+SH1077209.10FU+SH1077215.10FU+SH1077231.10FU+SH1077256.10FU+SH1077261.10FU+SH1077279.10FU+SH1077285.10FU	True	SH1076987.10FU+SH1077032.10FU+SH1077055.10FU+SH1077074.10FU+SH1077077.10FU+SH1077091.10FU+SH1077101.10FU+SH1077156.10FU+SH1077168.10FU+SH1077209.10FU+SH1077215.10FU+SH1077231.10FU+SH1077256.10FU+SH1077261.10FU+SH1077279.10FU+SH1077285.10FU:10
Funneliformis mosseae | C2	Funneliformis mosseae	True	5	SH1076987.10FU+SH1077032.10FU+SH1077055.10FU+SH1077074.10FU+SH1077077.10FU+SH1077091.10FU+SH1077101.10FU+SH1077156.10FU+SH1077168.10FU+SH1077209.10FU+SH1077215.10FU+SH1077231.10FU+SH1077256.10FU+SH1077261.10FU+SH1077279.10FU+SH1077285.10FU	True	SH1076987.10FU+SH1077032.10FU+SH1077055.10FU+SH1077074.10FU+SH1077077.10FU+SH1077091.10FU+SH1077101.10FU+SH1077156.10FU+SH1077168.10FU+SH1077209.10FU+SH1077215.10FU+SH1077231.10FU+SH1077256.10FU+SH1077261.10FU+SH1077279.10FU+SH1077285.10FU:5
Funneliformis mosseae | CHB1_Fmos	Funneliformis mosseae	True	7	SH1076987.10FU+SH1077032.10FU+SH1077055.10FU+SH1077074.10FU+SH1077077.10FU+SH1077091.10FU+SH1077101.10FU+SH1077156.10FU+SH1077168.10FU+SH1077209.10FU+SH1077215.10FU+SH1077231.10FU+SH1077256.10FU+SH1077261.10FU+SH1077279.10FU+SH1077285.10FU	True	SH1076987.10FU+SH1077032.10FU+SH1077055.10FU+SH1077074.10FU+SH1077077.10FU+SH1077091.10FU+SH1077101.10FU+SH1077156.10FU+SH1077168.10FU+SH1077209.10FU+SH1077215.10FU+SH1077231.10FU+SH1077256.10FU+SH1077261.10FU+SH1077279.10FU+SH1077285.10FU:7
Funneliformis mosseae | CHB3_Fmos	Funneliformis mosseae	True	3	SH1077006.10FU+SH1077152.10FU	True	SH1077006.10FU+SH1077152.10FU:3
Funneliformis mosseae | CHB4_Fmos	Funneliformis mosseae	True	11	SH1076987.10FU+SH1077032.10FU+SH1077055.10FU+SH1077074.10FU+SH1077077.10FU+SH1077091.10FU+SH1077101.10FU+SH1077156.10FU+SH1077168.10FU+SH1077209.10FU+SH1077215.10FU+SH1077231.10FU+SH1077256.10FU+SH1077261.10FU+SH1077279.10FU+SH1077285.10FU	True	SH1076987.10FU+SH1077032.10FU+SH1077055.10FU+SH1077074.10FU+SH1077077.10FU+SH1077091.10FU+SH1077101.10FU+SH1077156.10FU+SH1077168.10FU+SH1077209.10FU+SH1077215.10FU+SH1077231.10FU+SH1077256.10FU+SH1077261.10FU+SH1077279.10FU+SH1077285.10FU:11
Funneliformis mosseae | FEC30_219A	Funneliformis mosseae	True	6	SH1076987.10FU+SH1077032.10FU+SH1077055.10FU+SH1077074.10FU+SH1077077.10FU+SH1077091.10FU+SH1077101.10FU+SH1077156.10FU+SH1077168.10FU+SH1077209.10FU+SH1077215.10FU+SH1077231.10FU+SH1077256.10FU+SH1077261.10FU+SH1077279.10FU+SH1077285.10FU	True	SH1076987.10FU+SH1077032.10FU+SH1077055.10FU+SH1077074.10FU+SH1077077.10FU+SH1077091.10FU+SH1077101.10FU+SH1077156.10FU+SH1077168.10FU+SH1077209.10FU+SH1077215.10FU+SH1077231.10FU+SH1077256.10FU+SH1077261.10FU+SH1077279.10FU+SH1077285.10FU:6
Funneliformis mosseae | FS-29_2726A	Funneliformis mosseae	True	20	SH1076987.10FU+SH1077032.10FU+SH1077055.10FU+SH1077074.10FU+SH1077077.10FU+SH1077091.10FU+SH1077101.10FU+SH1077156.10FU+SH1077168.10FU+SH1077209.10FU+SH1077215.10FU+SH1077231.10FU+SH1077256.10FU+SH1077261.10FU+SH1077279.10FU+SH1077285.10FU	True	SH1076987.10FU+SH1077032.10FU+SH1077055.10FU+SH1077074.10FU+SH1077077.10FU+SH1077091.10FU+SH1077101.10FU+SH1077156.10FU+SH1077168.10FU+SH1077209.10FU+SH1077215.10FU+SH1077231.10FU+SH1077256.10FU+SH1077261.10FU+SH1077279.10FU+SH1077285.10FU:20
Funneliformis mosseae | W32_9_13A	Funneliformis mosseae	True	9	SH1076987.10FU+SH1077032.10FU+SH1077055.10FU+SH1077074.10FU+SH1077077.10FU+SH1077091.10FU+SH1077101.10FU+SH1077156.10FU+SH1077168.10FU+SH1077209.10FU+SH1077215.10FU+SH1077231.10FU+SH1077256.10FU+SH1077261.10FU+SH1077279.10FU+SH1077285.10FU	True	SH1076987.10FU+SH1077032.10FU+SH1077055.10FU+SH1077074.10FU+SH1077077.10FU+SH1077091.10FU+SH1077101.10FU+SH1077156.10FU+SH1077168.10FU+SH1077209.10FU+SH1077215.10FU+SH1077231.10FU+SH1077256.10FU+SH1077261.10FU+SH1077279.10FU+SH1077285.10FU:9
Gigaspora rosea | 194757_703A	Gigaspora rosea	True	9	SH1076683.10FU+SH1076860.10FU+SH1076862.10FU+SH1076883.10FU	True	SH1076683.10FU+SH1076860.10FU+SH1076862.10FU+SH1076883.10FU:9
Gigaspora rosea | 4292_708F	Gigaspora rosea	True	7	SH1076709.10FU	True	SH1076709.10FU:7
Gigaspora rosea | 4511_973A	Gigaspora rosea	True	5	SH1076683.10FU+SH1076860.10FU+SH1076862.10FU+SH1076883.10FU	True	SH1076683.10FU+SH1076860.10FU+SH1076862.10FU+SH1076883.10FU:5
Gigaspora rosea | 4752_496A	Gigaspora rosea	True	4	SH1076709.10FU,SH1076712.10FU,SH1076762.10FU	False	SH1076709.10FU:2;SH1076762.10FU:1;SH1076712.10FU:1
Gigaspora rosea | BEG9_770A	Gigaspora rosea	True	5	SH1076683.10FU+SH1076860.10FU+SH1076862.10FU+SH1076883.10FU	True	SH1076683.10FU+SH1076860.10FU+SH1076862.10FU+SH1076883.10FU:5
Gigaspora rosea | CU131_1018C	Gigaspora rosea	True	2	SH1076674.10FU+SH1076770.10FU+SH1076806.10FU+SH1076835.10FU	True	SH1076674.10FU+SH1076770.10FU+SH1076806.10FU+SH1076835.10FU:2
Gigaspora rosea | CU131_1018E	Gigaspora rosea	True	4	SH1076674.10FU+SH1076770.10FU+SH1076806.10FU+SH1076835.10FU	True	SH1076674.10FU+SH1076770.10FU+SH1076806.10FU+SH1076835.10FU:4
Gigaspora rosea | CW0011_4010A	Gigaspora rosea	True	5	SH1076683.10FU+SH1076860.10FU+SH1076862.10FU+SH1076883.10FU	True	SH1076683.10FU+SH1076860.10FU+SH1076862.10FU+SH1076883.10FU:5
Gigaspora rosea | woodslee_203A	Gigaspora rosea	True	6	SH1076665.10FU+SH1076778.10FU+SH1076834.10FU+SH1076850.10FU	True	SH1076665.10FU+SH1076778.10FU+SH1076834.10FU+SH1076850.10FU:6
Glomus chinense | 4036_906B	Glomus chinense	True	0			
Glomus chinense | 4411_1096D	Glomus chinense	True	0			
Glomus chinense | 4419_1047A	Glomus chinense	True	0			
Glomus chinense | 4650_4654_2007C	Glomus chinense	True	0			
Glomus macrocarpum | W6285_2347C	Glomus macrocarpum	True	6	SH1051242.10FU+SH1051262.10FU+SH1051271.10FU+SH1051334.10FU+SH1051349.10FU	True	SH1051242.10FU+SH1051262.10FU+SH1051271.10FU+SH1051334.10FU+SH1051349.10FU:6
Glomus rugosae | 2101_IVT46	Glomus rugosae	True	3	SH1051242.10FU+SH1051262.10FU+SH1051271.10FU+SH1051334.10FU+SH1051349.10FU	True	SH1051242.10FU+SH1051262.10FU+SH1051271.10FU+SH1051334.10FU+SH1051349.10FU:3
Glomus rugosae | 4384_IVT98	Glomus rugosae	True	0			
Glomus rugosae | 4415_1174B	Glomus rugosae	True	0			
Glomus rugosae | 4417_1160C	Glomus rugosae	True	0			
Glomus rugosae | 4420_683B	Glomus rugosae	True	1	SH1051242.10FU+SH1051262.10FU+SH1051271.10FU+SH1051334.10FU+SH1051349.10FU		SH1051242.10FU+SH1051262.10FU+SH1051271.10FU+SH1051334.10FU+SH1051349.10FU:1
Glomus rugosae | 4431_805C	Glomus rugosae	True	1	SH1051242.10FU+SH1051262.10FU+SH1051271.10FU+SH1051334.10FU+SH1051349.10FU		SH1051242.10FU+SH1051262.10FU+SH1051271.10FU+SH1051334.10FU+SH1051349.10FU:1
Glomus rugosae | 4487_957C	Glomus rugosae	True	0			
Glomus rugosae | 5096_2452A	Glomus rugosae	True	0			
Glomus rugosae | 5103_2445A	Glomus rugosae	True	0			
Glomus sp. | 4406	Glomus sp.	False	1	SH1057951.10FU+SH1248047.10FU		SH1057951.10FU+SH1248047.10FU:1
Glomus sp. | 5089_2351A	Glomus sp.	False	2	SH1057951.10FU+SH1248047.10FU	True	SH1057951.10FU+SH1248047.10FU:2
Glomus tetrastratosum | 4433_785B	Glomus tetrastratosum	True	3	SH1051255.10FU+SH1051269.10FU+SH1051280.10FU+SH1051311.10FU	True	SH1051255.10FU+SH1051269.10FU+SH1051280.10FU+SH1051311.10FU:3
Glomus tetrastratosum | 5094_2349C	Glomus tetrastratosum	True	6	SH1051255.10FU+SH1051269.10FU+SH1051280.10FU+SH1051311.10FU	True	SH1051255.10FU+SH1051269.10FU+SH1051280.10FU+SH1051311.10FU:6
Glomus tetrastratosum | 5105_2444A	Glomus tetrastratosum	True	6	SH1051255.10FU+SH1051269.10FU+SH1051280.10FU+SH1051311.10FU	True	SH1051255.10FU+SH1051269.10FU+SH1051280.10FU+SH1051311.10FU:6
Glomus tetrastratosum | CW0020_4019A	Glomus tetrastratosum	True	3	SH1051255.10FU+SH1051269.10FU+SH1051280.10FU+SH1051311.10FU	True	SH1051255.10FU+SH1051269.10FU+SH1051280.10FU+SH1051311.10FU:3
Glomus tetrastratosum | SASK26_2406A	Glomus tetrastratosum	True	0			
Microdominikia litorea | 3647_963E	Microdominikia litorea	True	3	SH1399939.10FU	True	SH1399939.10FU:3
Microdominikia litorea | 5274	Microdominikia litorea	True	4	SH1399075.10FU+SH1399150.10FU+SH1399450.10FU+SH1399813.10FU	True	SH1399075.10FU+SH1399150.10FU+SH1399450.10FU+SH1399813.10FU:4
Oehlia diaphana | 4835_562B	Oehlia diaphana	True	2	SH1339655.10FU+SH1339656.10FU+SH1339659.10FU+SH1339663.10FU+SH1339666.10FU+SH1339677.10FU+SH1339679.10FU	True	SH1339655.10FU+SH1339656.10FU+SH1339659.10FU+SH1339663.10FU+SH1339666.10FU+SH1339677.10FU+SH1339679.10FU:2
Oehlia diaphana | JS1_IVT19A	Oehlia diaphana	True	4	SH1339655.10FU+SH1339656.10FU+SH1339659.10FU+SH1339663.10FU+SH1339666.10FU+SH1339677.10FU+SH1339679.10FU	True	SH1339655.10FU+SH1339656.10FU+SH1339659.10FU+SH1339663.10FU+SH1339666.10FU+SH1339677.10FU+SH1339679.10FU:4
Oehlia diaphana | WV579_765A	Oehlia diaphana	True	5	SH1339655.10FU+SH1339656.10FU+SH1339659.10FU+SH1339663.10FU+SH1339666.10FU+SH1339677.10FU+SH1339679.10FU	True	SH1339655.10FU+SH1339656.10FU+SH1339659.10FU+SH1339663.10FU+SH1339666.10FU+SH1339677.10FU+SH1339679.10FU:5
Oehlia diaphana | WV579_765B	Oehlia diaphana	True	4	SH1339658.10FU+SH1339681.10FU+SH1339682.10FU	True	SH1339658.10FU+SH1339681.10FU+SH1339682.10FU:4
Paraglomus brasilianum | 5274_2288B	Paraglomus brasilianum	True	1	SH1358122.10FU		SH1358122.10FU:1
Paraglomus brasilianum | BR105_2435A	Paraglomus brasilianum	True	2	SH1358107.10FU	True	SH1358107.10FU:2
Paraglomus brasilianum | W260_5_933C	Paraglomus brasilianum	True	3	SH1358107.10FU	True	SH1358107.10FU:3
Paraglomus brasilianum | W960_3_902A	Paraglomus brasilianum	True	1	SH1358107.10FU		SH1358107.10FU:1
Paraglomus brasilianum | W960_3_902C	Paraglomus brasilianum	True	1	SH1358107.10FU		SH1358107.10FU:1
Paraglomus laccatum | CW0010_4009B	Paraglomus laccatum	True	5	SH1245756.10FU	True	SH1245756.10FU:5
Paraglomus sp. | 4423_1159D	Paraglomus sp.	False	0			
Paraglomus sp. | 5088_2360A	Paraglomus sp.	False	0			
Paraglomus sp. | BR105_2435A	Paraglomus sp.	False	1	SH1245831.10FU		SH1245831.10FU:1
Rhizophagus intraradices | FL208_553A	Rhizophagus intraradices	True	3	SH1196875.10FU+SH1196879.10FU+SH1196881.10FU+SH1196883.10FU	True	SH1196875.10FU+SH1196879.10FU+SH1196881.10FU+SH1196883.10FU:3
Rhizophagus intraradices | KS906_IVT156	Rhizophagus intraradices	True	3	SH1196875.10FU+SH1196879.10FU+SH1196881.10FU+SH1196883.10FU	True	SH1196875.10FU+SH1196879.10FU+SH1196881.10FU+SH1196883.10FU:3
Rhizophagus intraradices | KS906_IVT22A	Rhizophagus intraradices	True	1	SH1196875.10FU+SH1196879.10FU+SH1196881.10FU+SH1196883.10FU		SH1196875.10FU+SH1196879.10FU+SH1196881.10FU+SH1196883.10FU:1
Rhizophagus intraradices | UT126A	Rhizophagus intraradices	True	5	SH1196875.10FU+SH1196879.10FU+SH1196881.10FU+SH1196883.10FU	True	SH1196875.10FU+SH1196879.10FU+SH1196881.10FU+SH1196883.10FU:5
Rhizophagus irregularis | 4292_708C	Rhizophagus irregularis	True	3	SH1337152.10FU+SH1337164.10FU+SH1337270.10FU+SH1337279.10FU+SH1337353.10FU+SH1337363.10FU+SH1337439.10FU+SH1337593.10FU	True	SH1337152.10FU+SH1337164.10FU+SH1337270.10FU+SH1337279.10FU+SH1337353.10FU+SH1337363.10FU+SH1337439.10FU+SH1337593.10FU:3
Rhizophagus irregularis | 4341_IVT72A	Rhizophagus irregularis	True	3	SH1337152.10FU+SH1337164.10FU+SH1337270.10FU+SH1337279.10FU+SH1337353.10FU+SH1337363.10FU+SH1337439.10FU+SH1337593.10FU	True	SH1337152.10FU+SH1337164.10FU+SH1337270.10FU+SH1337279.10FU+SH1337353.10FU+SH1337363.10FU+SH1337439.10FU+SH1337593.10FU:3
Rhizophagus irregularis | 4348_IVT77A	Rhizophagus irregularis	True	3	SH1337152.10FU+SH1337164.10FU+SH1337270.10FU+SH1337279.10FU+SH1337353.10FU+SH1337363.10FU+SH1337439.10FU+SH1337593.10FU	True	SH1337152.10FU+SH1337164.10FU+SH1337270.10FU+SH1337279.10FU+SH1337353.10FU+SH1337363.10FU+SH1337439.10FU+SH1337593.10FU:3
Rhizophagus irregularis | 4375_IVT88A	Rhizophagus irregularis	True	8	SH1337152.10FU+SH1337164.10FU+SH1337270.10FU+SH1337279.10FU+SH1337353.10FU+SH1337363.10FU+SH1337439.10FU+SH1337593.10FU	True	SH1337152.10FU+SH1337164.10FU+SH1337270.10FU+SH1337279.10FU+SH1337353.10FU+SH1337363.10FU+SH1337439.10FU+SH1337593.10FU:8
Rhizophagus irregularis | 4569_1185B	Rhizophagus irregularis	True	2	SH1337152.10FU+SH1337164.10FU+SH1337270.10FU+SH1337279.10FU+SH1337353.10FU+SH1337363.10FU+SH1337439.10FU+SH1337593.10FU	True	SH1337152.10FU+SH1337164.10FU+SH1337270.10FU+SH1337279.10FU+SH1337353.10FU+SH1337363.10FU+SH1337439.10FU+SH1337593.10FU:2
Rhizophagus irregularis | 4674_1184D	Rhizophagus irregularis	True	4	SH1337152.10FU+SH1337164.10FU+SH1337270.10FU+SH1337279.10FU+SH1337353.10FU+SH1337363.10FU+SH1337439.10FU+SH1337593.10FU	True	SH1337152.10FU+SH1337164.10FU+SH1337270.10FU+SH1337279.10FU+SH1337353.10FU+SH1337363.10FU+SH1337439.10FU+SH1337593.10FU:4
Rhizophagus irregularis | CC4_4A_IVT7A	Rhizophagus irregularis	True	3	SH1337152.10FU+SH1337164.10FU+SH1337270.10FU+SH1337279.10FU+SH1337353.10FU+SH1337363.10FU+SH1337439.10FU+SH1337593.10FU	True	SH1337152.10FU+SH1337164.10FU+SH1337270.10FU+SH1337279.10FU+SH1337353.10FU+SH1337363.10FU+SH1337439.10FU+SH1337593.10FU:3
Rhizophagus irregularis | DAOMC 197198	Rhizophagus irregularis	True	16	SH1337152.10FU+SH1337164.10FU+SH1337270.10FU+SH1337279.10FU+SH1337353.10FU+SH1337363.10FU+SH1337439.10FU+SH1337593.10FU	True	SH1337152.10FU+SH1337164.10FU+SH1337270.10FU+SH1337279.10FU+SH1337353.10FU+SH1337363.10FU+SH1337439.10FU+SH1337593.10FU:16
Rhizophagus irregularis | GC-2_IVT11	Rhizophagus irregularis	True	8	SH1337152.10FU+SH1337164.10FU+SH1337270.10FU+SH1337279.10FU+SH1337353.10FU+SH1337363.10FU+SH1337439.10FU+SH1337593.10FU	True	SH1337152.10FU+SH1337164.10FU+SH1337270.10FU+SH1337279.10FU+SH1337353.10FU+SH1337363.10FU+SH1337439.10FU+SH1337593.10FU:8
Rhizophagus irregularis | SD1_IVT29A	Rhizophagus irregularis	True	3	SH1337640.10FU	True	SH1337640.10FU:2;SH1337640.10FU/SH1364138.10FU:1
Rhizophagus irregularis | T3_IVT34A	Rhizophagus irregularis	True	3	SH1337152.10FU+SH1337164.10FU+SH1337270.10FU+SH1337279.10FU+SH1337353.10FU+SH1337363.10FU+SH1337439.10FU+SH1337593.10FU	True	SH1337152.10FU+SH1337164.10FU+SH1337270.10FU+SH1337279.10FU+SH1337353.10FU+SH1337363.10FU+SH1337439.10FU+SH1337593.10FU:3
Rhizophagus prolifer | SD5_IVT32	Rhizophagus prolifer	True	4	SH1196889.10FU+SH1196915.10FU	True	SH1196889.10FU+SH1196915.10FU:4
Rhizophagus silesianus | 3628_206A	Rhizophagus silesianus	True	2	SH1337277.10FU	True	SH1337277.10FU:2
Rhizophagus silesianus | ECU32_IVT8A	Rhizophagus silesianus	True	4	SH1337262.10FU+SH1337561.10FU	True	SH1337262.10FU+SH1337561.10FU:4
Rhizophagus sp. (in: glomeromycetes) | 1399_IVT43A	Rhizophagus sp. (in: glomeromycetes)	False	2	SH1390445.10FU+SH1390458.10FU	True	SH1390445.10FU+SH1390458.10FU:2
Rhizophagus sp. (in: glomeromycetes) | 212607_IVT70A	Rhizophagus sp. (in: glomeromycetes)	False	4	SH1390445.10FU+SH1390458.10FU	True	SH1390445.10FU+SH1390458.10FU:4
Sclerocystis sinuosa | MT106_2767A	Sclerocystis sinuosa	True	0			
Septoglomus africanum | Blasz_17_2277A	Septoglomus africanum	True	1	SH1222951.10FU		SH1222951.10FU:1
Septoglomus africanum | SO43BL	Septoglomus africanum	True	5	SH1222889.10FU	True	SH1222889.10FU:5
Septoglomus sp. | 4404_2057A	Septoglomus sp.	False	0			
Septoglomus sp. | 5070_5024A	Septoglomus sp.	False	3	SH1297156.10FU+SH1297158.10FU+SH1297159.10FU	True	SH1297156.10FU+SH1297158.10FU+SH1297159.10FU:3
Septoglomus sp. | Blasz_17_2277A	Septoglomus sp.	False	5	SH1222928.10FU	True	SH1222928.10FU:5
Septoglomus sp. | C4	Septoglomus sp.	False	8	SH1297156.10FU+SH1297158.10FU+SH1297159.10FU	True	SH1297156.10FU+SH1297158.10FU+SH1297159.10FU:8
Septoglomus sp. | FS_9_2328B	Septoglomus sp.	False	0			
Septoglomus sp. | SO43BL	Septoglomus sp.	False	1	SH1222952.10FU		SH1222952.10FU:1
Septoglomus turnauae | Blasz_12_2272D	Septoglomus turnauae	True	3	SH1222853.10FU	True	SH1222853.10FU:3
Septoglomus viscosum | CW0002_4001A	Septoglomus viscosum	True	3	SH1389246.10FU	True	SH1389246.10FU:3
Septoglomus viscosum | CW0026_Att1910-1	Septoglomus viscosum	True	0			
Septoglomus viscosum | CW0029_4028A	Septoglomus viscosum	True	0			
Septoglomus viscosum | MD215_360A	Septoglomus viscosum	True	0			
Septoglomus viscosum | W375_18_642E	Septoglomus viscosum	True	3	SH1389205.10FU+SH1389220.10FU+SH1389229.10FU	True	SH1389205.10FU+SH1389220.10FU+SH1389229.10FU:3
[Rhizoglomus] vesiculiferum | 212939_IVT38A	[Rhizoglomus] vesiculiferum	True	0			
[Rhizoglomus] vesiculiferum | 3029_660C	[Rhizoglomus] vesiculiferum	True	0			
[Rhizoglomus] vesiculiferum | 3628_IVT65A	[Rhizoglomus] vesiculiferum	True	5	SH1337319.10FU+SH1337520.10FU	True	SH1337319.10FU+SH1337520.10FU:5
[Rhizoglomus] vesiculiferum | 4086_IVT68A	[Rhizoglomus] vesiculiferum	True	1	SH1337319.10FU+SH1337520.10FU		SH1337319.10FU+SH1337520.10FU:1
[Rhizoglomus] vesiculiferum | 4369_IVT81A	[Rhizoglomus] vesiculiferum	True	2	SH1337446.10FU	True	SH1337446.10FU:2
[Rhizoglomus] vesiculiferum | 4374_IVT87A	[Rhizoglomus] vesiculiferum	True	2	SH1337596.10FU	True	SH1337596.10FU:2
[Rhizoglomus] vesiculiferum | 5074_2353A	[Rhizoglomus] vesiculiferum	True	1	SH1337368.10FU		SH1337368.10FU:1
[Rhizoglomus] vesiculiferum | Gwalkeri_IVT132A	[Rhizoglomus] vesiculiferum	True	4	SH1337148.10FU+SH1337213.10FU+SH1337343.10FU	True	SH1337148.10FU+SH1337213.10FU+SH1337343.10FU:4
