accession	culture	organism	copy_class	div_kind	s58_len	type	LSU_best_label	LSU_best_pident
PX207128.1	Gigaspora rosea | 4292_708F	Gigaspora rosea	main		158	T2	Gigaspora rosea	96.02
PX207129.1	Gigaspora rosea | 4292_708F	Gigaspora rosea	main		158	T2	Gigaspora rosea	96.02
PX207130.1	Gigaspora rosea | 4292_708F	Gigaspora rosea	main		158	T2	Gigaspora rosea	96.02
PX207131.1	Gigaspora rosea | 4292_708F	Gigaspora rosea	main		158	T2	Gigaspora rosea	96.02
PX207132.1	Gigaspora rosea | 4292_708F	Gigaspora rosea	main		158	T2	Gigaspora rosea	96.02
PX207133.1	Gigaspora rosea | 4292_708F	Gigaspora rosea	main		158	T2	Gigaspora rosea	96.02
PX207134.1	Gigaspora rosea | 4292_708F	Gigaspora rosea	main		158	T2	Gigaspora rosea	96.02
PX207135.1	Gigaspora rosea | CU131_1018E	Gigaspora rosea	main		158	T7	Gigaspora albida	99.2
PX207136.1	Gigaspora rosea | 4292_708F	Gigaspora rosea	main		158	T3	Gigaspora albida	98.09
PX207137.1	Gigaspora rosea | 4292_708F	Gigaspora rosea	main		158	T3	Gigaspora albida	98.09
PX207138.1	Gigaspora rosea | 4292_708F	Gigaspora rosea	divergent	same_length	158	T8	Gigaspora rosea	96.87
PX207139.1	Gigaspora rosea | 4292_708F	Gigaspora rosea	divergent	same_length	158	T3	Gigaspora rosea	97.03
PX207140.1	Gigaspora rosea | 4292_708F	Gigaspora rosea	divergent	same_length	158	T3	Gigaspora rosea	97.03
PX207141.1	Gigaspora rosea | CU131_1018E	Gigaspora rosea	main		158	T12	Gigaspora gigantea	97.61
PX207142.1	Gigaspora rosea | CU131_1018E	Gigaspora rosea	main		158	T9	Gigaspora decipiens	94.78
PX207143.1	Gigaspora rosea | CU131_1018E	Gigaspora rosea	main		158	T13	Gigaspora rosea	96.71
PX215079.1	Gigaspora rosea | BEG9_770A	Gigaspora rosea	main		158	T1	Gigaspora rosea	96.81
PX215080.1	Gigaspora rosea | 194757_703A	Gigaspora rosea	main		158	T1	Gigaspora rosea	96.81
PX215081.1	Gigaspora rosea | 4511_973A	Gigaspora rosea	main		158	T1	Gigaspora rosea	96.81
PX215082.1	Gigaspora rosea | CW0011_4010A	Gigaspora rosea	main		158	T1	Gigaspora rosea	96.66
PX215083.1	Gigaspora rosea | 194757_703A	Gigaspora rosea	main		158	T1	Gigaspora rosea	96.81
PX215084.1	Gigaspora rosea | BEG9_770A	Gigaspora rosea	main		158	T1	Gigaspora rosea	96.66
PX215085.1	Gigaspora rosea | 194757_703A	Gigaspora rosea	main		158	T1	Gigaspora rosea	96.66
PX215086.1	Gigaspora rosea | CW0011_4010A	Gigaspora rosea	main		158	T1	Gigaspora rosea	96.34
PX215087.1	Gigaspora rosea | 194757_703A	Gigaspora rosea	main		158	T1	Gigaspora rosea	96.66
PX215088.1	Gigaspora rosea | 194757_703A	Gigaspora rosea	main		158	T1	Gigaspora rosea	96.66
PX215089.1	Gigaspora rosea | CU131_1018C	Gigaspora rosea	main		158	T9	Gigaspora decipiens	94.78
PX215090.1	Gigaspora rosea | BEG9_770A	Gigaspora rosea	main		158	T4	Gigaspora rosea	97.65
PX215091.1	Gigaspora rosea | 194757_703A	Gigaspora rosea	main		158	T4	Gigaspora rosea	97.65
PX215092.1	Gigaspora rosea | 4511_973A	Gigaspora rosea	main		158	T4	Gigaspora rosea	97.65
PX215093.1	Gigaspora rosea | 194757_703A	Gigaspora rosea	main		158	T4	Gigaspora rosea	97.65
PX215094.1	Gigaspora rosea | 4511_973A	Gigaspora rosea	main		158	T4	Gigaspora rosea	97.65
PX215095.1	Gigaspora rosea | CW0011_4010A	Gigaspora rosea	main		158	T4	Gigaspora rosea	97.65
PX215096.1	Gigaspora rosea | woodslee_203A	Gigaspora rosea	main		158	T6	Gigaspora rosea	97.18
PX215097.1	Gigaspora rosea | woodslee_203A	Gigaspora rosea	main		158	T6	Gigaspora rosea	97.18
PX215098.1	Gigaspora rosea | woodslee_203A	Gigaspora rosea	main		158	T10	Gigaspora rosea	96.56
PX215099.1	Gigaspora rosea | woodslee_203A	Gigaspora rosea	main		158	T10	Gigaspora rosea	96.56
PX215100.1	Gigaspora rosea | woodslee_203A	Gigaspora rosea	main		158	T6	Gigaspora rosea	97.18
PX215101.1	Gigaspora rosea | 4752_496A	Gigaspora rosea	main		158	T3	Gigaspora rosea	97.18
PX215102.1	Gigaspora rosea | 4752_496A	Gigaspora rosea	main		158	T8	Gigaspora rosea	96.71
PX215103.1	Gigaspora rosea | CU131_1018C	Gigaspora rosea	main		158	T7	Gigaspora albida	99.2
PX215104.1	Gigaspora rosea | 4752_496A	Gigaspora rosea	main		158	T3	Gigaspora albida	98.09
PX215105.1	Gigaspora rosea | 4752_496A	Gigaspora rosea	main		158	T3	Gigaspora albida	97.77
PX215106.1	Gigaspora rosea | BEG9_770A	Gigaspora rosea	main		158	T11	Gigaspora rosea	95.31
PX215107.1	Gigaspora rosea | 4511_973A	Gigaspora rosea	main		158	T11	Gigaspora rosea	95.31
PX215108.1	Gigaspora rosea | woodslee_203A	Gigaspora rosea	main		158	T14	Gigaspora gigantea	95.69
PX215109.1	Gigaspora rosea | BEG9_770A	Gigaspora rosea	main		158	T5	Gigaspora rosea	97.34
PX215110.1	Gigaspora rosea | 194757_703A	Gigaspora rosea	main		158	T5	Gigaspora rosea	97.34
PX215111.1	Gigaspora rosea | 194757_703A	Gigaspora rosea	main		158	T5	Gigaspora rosea	97.34
PX215112.1	Gigaspora rosea | 4511_973A	Gigaspora rosea	main		158	T5	Gigaspora rosea	97.34
PX215113.1	Gigaspora rosea | CW0011_4010A	Gigaspora rosea	main		158	T5	Gigaspora rosea	97.34
PX215114.1	Gigaspora rosea | CW0011_4010A	Gigaspora rosea	main		158	T5	Gigaspora rosea	97.34
PX215115.1	Gigaspora rosea | 4752_496A	Gigaspora rosea	main		158	T2	Gigaspora rosea	96.02
PX215116.1	Gigaspora rosea | 4752_496A	Gigaspora rosea	main		158	T2	Gigaspora rosea	95.7
