a	b	culture_a	culture_b	type_a	type_b	same_culture	ssu_flank	its1	s58	its2	LSU_LROR-FLR2
PX207258.1	PX207259.1	Septoglomus turnauae | Blasz_12_2272D	Septoglomus turnauae | Blasz_12_2272D	T6	T3	True	0.41	7.69	4.43	15.25	2.56
PX207258.1	PX207260.1	Septoglomus turnauae | Blasz_12_2272D	Septoglomus turnauae | Blasz_12_2272D	T6	T3	True	0.27	7.69	4.43	14.8	2.56
PX207258.1	PX207261.1	Septoglomus turnauae | Blasz_12_2272D	Septoglomus turnauae | Blasz_12_2272D	T6	T3	True	0.27	7.69	4.43	14.8	2.56
PX207258.1	PX207262.1	Septoglomus turnauae | Blasz_12_2272D	Septoglomus turnauae | Blasz_12_2272D	T6	T3	True	0.27	7.69	4.43	14.35	2.56
PX207258.1	PX214595.1	Septoglomus turnauae | Blasz_12_2272D	Septoglomus sp. | 4404_2057A	T6	T7	False	0.95	10.0	3.8	17.31	3.77
PX207258.1	PX214596.1	Septoglomus turnauae | Blasz_12_2272D	Septoglomus sp. | FS_9_2328B	T6	T5	False	1.02	14.58	3.16	13.43	4.31
PX207258.1	PX214597.1	Septoglomus turnauae | Blasz_12_2272D	Septoglomus sp. | FS_9_2328B	T6	T5	False	0.88	14.58	3.16	13.43	4.31
PX207258.1	PX214598.1	Septoglomus turnauae | Blasz_12_2272D	Septoglomus sp. | FS_9_2328B	T6	T5	False	1.02	14.58	3.16	13.43	4.31
PX207258.1	PX214599.1	Septoglomus turnauae | Blasz_12_2272D	Septoglomus sp. | 4404_2057A	T6	T4	False	0.82	17.31	4.43	19.73	6.19
PX207258.1	PX214600.1	Septoglomus turnauae | Blasz_12_2272D	Septoglomus sp. | 4404_2057A	T6	T4	False	0.82	17.31	4.43	19.73	5.92
PX207258.1	PX214601.1	Septoglomus turnauae | Blasz_12_2272D	Septoglomus sp. | FS_9_2328B	T6	T4	False	1.09	13.46	4.43	18.83	6.06
PX207258.1	PX214602.1	Septoglomus turnauae | Blasz_12_2272D	Septoglomus sp. | FS_9_2328B	T6	T4	False	0.88	17.31	4.43	19.73	5.79
PX207258.1	PX214603.1	Septoglomus turnauae | Blasz_12_2272D	Septoglomus sp. | Blasz_17_2277A	T6	T1	False	0.68	5.05	2.53	17.49	6.06
PX207258.1	PX214604.1	Septoglomus turnauae | Blasz_12_2272D	Septoglomus sp. | Blasz_17_2277A	T6	T1	False	0.68	5.05	2.53	17.49	6.06
PX207258.1	PX214605.1	Septoglomus turnauae | Blasz_12_2272D	Septoglomus sp. | Blasz_17_2277A	T6	T1	False	0.82	5.05	2.53	17.49	6.06
PX207258.1	PX214606.1	Septoglomus turnauae | Blasz_12_2272D	Septoglomus sp. | Blasz_17_2277A	T6	T1	False	0.68	5.05	2.53	17.49	6.19
PX207258.1	PX214607.1	Septoglomus turnauae | Blasz_12_2272D	Septoglomus sp. | Blasz_17_2277A	T6	T1	False	0.68	5.05	2.53	17.49	6.33
PX207258.1	PX214608.1	Septoglomus turnauae | Blasz_12_2272D	Septoglomus sp. | SO43BL	T6	T1	False	0.68	5.05	2.53	17.94	6.06
PX207258.1	PX214609.1	Septoglomus turnauae | Blasz_12_2272D	Septoglomus sp. | Blasz_17_2277A	T6	T2	False	0.75	14.42	4.43	20.63	6.06
PX207258.1	PX214610.1	Septoglomus turnauae | Blasz_12_2272D	Septoglomus sp. | SO43BL	T6	T2	False	0.75	15.38	4.43	21.52	5.79
PX207258.1	PX214611.1	Septoglomus turnauae | Blasz_12_2272D	Septoglomus sp. | SO43BL	T6	T2	False	0.75	13.46	4.43	20.63	5.79
PX207258.1	PX214612.1	Septoglomus turnauae | Blasz_12_2272D	Septoglomus sp. | SO43BL	T6	T2	False	0.75	13.46	4.43	21.08	5.65
PX207258.1	PX214613.1	Septoglomus turnauae | Blasz_12_2272D	Septoglomus sp. | SO43BL	T6	T2	False	0.75	15.38	4.43	21.08	5.65
PX207258.1	PX214614.1	Septoglomus turnauae | Blasz_12_2272D	Septoglomus sp. | SO43BL	T6	T2	False	0.75	15.38	4.43	20.63	5.79
PX207259.1	PX207260.1	Septoglomus turnauae | Blasz_12_2272D	Septoglomus turnauae | Blasz_12_2272D	T3	T3	True	0.14	1.83	0.0	2.19	0.67
PX207259.1	PX207261.1	Septoglomus turnauae | Blasz_12_2272D	Septoglomus turnauae | Blasz_12_2272D	T3	T3	True	0.14	0.0	0.0	1.32	0.54
PX207259.1	PX207262.1	Septoglomus turnauae | Blasz_12_2272D	Septoglomus turnauae | Blasz_12_2272D	T3	T3	True	0.14	0.0	0.0	1.32	0.54
PX207259.1	PX214595.1	Septoglomus turnauae | Blasz_12_2272D	Septoglomus sp. | 4404_2057A	T3	T7	False	1.22	14.0	5.7	15.87	4.99
PX207259.1	PX214596.1	Septoglomus turnauae | Blasz_12_2272D	Septoglomus sp. | FS_9_2328B	T3	T5	False	1.29	17.71	5.06	12.04	5.53
PX207259.1	PX214597.1	Septoglomus turnauae | Blasz_12_2272D	Septoglomus sp. | FS_9_2328B	T3	T5	False	1.15	17.71	5.06	12.04	5.53
PX207259.1	PX214598.1	Septoglomus turnauae | Blasz_12_2272D	Septoglomus sp. | FS_9_2328B	T3	T5	False	1.02	17.71	5.06	12.04	5.53
PX207259.1	PX214599.1	Septoglomus turnauae | Blasz_12_2272D	Septoglomus sp. | 4404_2057A	T3	T4	False	0.82	11.01	1.27	17.11	7.28
PX207259.1	PX214600.1	Septoglomus turnauae | Blasz_12_2272D	Septoglomus sp. | 4404_2057A	T3	T4	False	0.82	11.01	1.27	16.67	7.28
PX207259.1	PX214601.1	Septoglomus turnauae | Blasz_12_2272D	Septoglomus sp. | FS_9_2328B	T3	T4	False	0.95	10.09	1.27	15.35	7.14
PX207259.1	PX214602.1	Septoglomus turnauae | Blasz_12_2272D	Septoglomus sp. | FS_9_2328B	T3	T4	False	0.88	11.93	1.27	16.67	6.87
PX207259.1	PX214603.1	Septoglomus turnauae | Blasz_12_2272D	Septoglomus sp. | Blasz_17_2277A	T3	T1	False	1.09	9.09	5.7	12.72	7.01
PX207259.1	PX214604.1	Septoglomus turnauae | Blasz_12_2272D	Septoglomus sp. | Blasz_17_2277A	T3	T1	False	1.09	9.09	5.7	12.72	7.01
PX207259.1	PX214605.1	Septoglomus turnauae | Blasz_12_2272D	Septoglomus sp. | Blasz_17_2277A	T3	T1	False	0.95	9.09	5.7	12.72	7.01
PX207259.1	PX214606.1	Septoglomus turnauae | Blasz_12_2272D	Septoglomus sp. | Blasz_17_2277A	T3	T1	False	1.09	9.09	5.7	12.72	7.14
PX207259.1	PX214607.1	Septoglomus turnauae | Blasz_12_2272D	Septoglomus sp. | Blasz_17_2277A	T3	T1	False	1.09	9.09	5.7	12.72	7.28
PX207259.1	PX214608.1	Septoglomus turnauae | Blasz_12_2272D	Septoglomus sp. | SO43BL	T3	T1	False	1.09	9.09	5.7	12.72	7.01
PX207259.1	PX214609.1	Septoglomus turnauae | Blasz_12_2272D	Septoglomus sp. | Blasz_17_2277A	T3	T2	False	0.88	11.01	1.27	11.84	6.87
PX207259.1	PX214610.1	Septoglomus turnauae | Blasz_12_2272D	Septoglomus sp. | SO43BL	T3	T2	False	0.88	11.93	1.27	12.72	6.6
PX207259.1	PX214611.1	Septoglomus turnauae | Blasz_12_2272D	Septoglomus sp. | SO43BL	T3	T2	False	0.88	9.17	1.27	12.72	6.6
PX207259.1	PX214612.1	Septoglomus turnauae | Blasz_12_2272D	Septoglomus sp. | SO43BL	T3	T2	False	0.88	9.17	1.27	12.28	6.47
PX207259.1	PX214613.1	Septoglomus turnauae | Blasz_12_2272D	Septoglomus sp. | SO43BL	T3	T2	False	0.88	11.01	1.27	12.28	6.47
PX207259.1	PX214614.1	Septoglomus turnauae | Blasz_12_2272D	Septoglomus sp. | SO43BL	T3	T2	False	0.88	11.01	1.27	12.72	6.6
PX207260.1	PX207261.1	Septoglomus turnauae | Blasz_12_2272D	Septoglomus turnauae | Blasz_12_2272D	T3	T3	True	0.0	1.83	0.0	0.87	0.27
PX207260.1	PX207262.1	Septoglomus turnauae | Blasz_12_2272D	Septoglomus turnauae | Blasz_12_2272D	T3	T3	True	0.0	1.83	0.0	0.88	0.27
PX207260.1	PX214595.1	Septoglomus turnauae | Blasz_12_2272D	Septoglomus sp. | 4404_2057A	T3	T7	False	1.09	14.0	5.7	14.9	4.57
PX207260.1	PX214596.1	Septoglomus turnauae | Blasz_12_2272D	Septoglomus sp. | FS_9_2328B	T3	T5	False	1.15	17.71	5.06	11.57	5.11
PX207260.1	PX214597.1	Septoglomus turnauae | Blasz_12_2272D	Septoglomus sp. | FS_9_2328B	T3	T5	False	1.02	17.71	5.06	11.57	5.11
PX207260.1	PX214598.1	Septoglomus turnauae | Blasz_12_2272D	Septoglomus sp. | FS_9_2328B	T3	T5	False	0.88	17.71	5.06	11.57	5.11
PX207260.1	PX214599.1	Septoglomus turnauae | Blasz_12_2272D	Septoglomus sp. | 4404_2057A	T3	T4	False	0.68	12.84	1.27	15.28	6.86
PX207260.1	PX214600.1	Septoglomus turnauae | Blasz_12_2272D	Septoglomus sp. | 4404_2057A	T3	T4	False	0.68	12.84	1.27	14.85	6.86
PX207260.1	PX214601.1	Septoglomus turnauae | Blasz_12_2272D	Septoglomus sp. | FS_9_2328B	T3	T4	False	0.82	10.09	1.27	13.97	6.73
PX207260.1	PX214602.1	Septoglomus turnauae | Blasz_12_2272D	Septoglomus sp. | FS_9_2328B	T3	T4	False	0.75	13.76	1.27	15.28	6.46
PX207260.1	PX214603.1	Septoglomus turnauae | Blasz_12_2272D	Septoglomus sp. | Blasz_17_2277A	T3	T1	False	0.95	9.09	5.7	10.92	6.59
PX207260.1	PX214604.1	Septoglomus turnauae | Blasz_12_2272D	Septoglomus sp. | Blasz_17_2277A	T3	T1	False	0.95	9.09	5.7	10.92	6.59
PX207260.1	PX214605.1	Septoglomus turnauae | Blasz_12_2272D	Septoglomus sp. | Blasz_17_2277A	T3	T1	False	0.82	9.09	5.7	10.92	6.59
PX207260.1	PX214606.1	Septoglomus turnauae | Blasz_12_2272D	Septoglomus sp. | Blasz_17_2277A	T3	T1	False	0.95	9.09	5.7	10.92	6.72
PX207260.1	PX214607.1	Septoglomus turnauae | Blasz_12_2272D	Septoglomus sp. | Blasz_17_2277A	T3	T1	False	0.95	9.09	5.7	10.92	6.85
PX207260.1	PX214608.1	Septoglomus turnauae | Blasz_12_2272D	Septoglomus sp. | SO43BL	T3	T1	False	0.95	9.09	5.7	11.35	6.59
PX207260.1	PX214609.1	Septoglomus turnauae | Blasz_12_2272D	Septoglomus sp. | Blasz_17_2277A	T3	T2	False	0.75	11.01	1.27	11.35	6.45
PX207260.1	PX214610.1	Septoglomus turnauae | Blasz_12_2272D	Septoglomus sp. | SO43BL	T3	T2	False	0.75	10.09	1.27	11.79	6.18
PX207260.1	PX214611.1	Septoglomus turnauae | Blasz_12_2272D	Septoglomus sp. | SO43BL	T3	T2	False	0.75	11.01	1.27	11.79	6.18
PX207260.1	PX214612.1	Septoglomus turnauae | Blasz_12_2272D	Septoglomus sp. | SO43BL	T3	T2	False	0.75	11.01	1.27	11.35	6.05
PX207260.1	PX214613.1	Septoglomus turnauae | Blasz_12_2272D	Septoglomus sp. | SO43BL	T3	T2	False	0.75	11.01	1.27	11.35	6.05
PX207260.1	PX214614.1	Septoglomus turnauae | Blasz_12_2272D	Septoglomus sp. | SO43BL	T3	T2	False	0.75	11.01	1.27	11.79	6.18
PX207261.1	PX207262.1	Septoglomus turnauae | Blasz_12_2272D	Septoglomus turnauae | Blasz_12_2272D	T3	T3	True	0.0	0.0	0.0	0.44	0.27
PX207261.1	PX214595.1	Septoglomus turnauae | Blasz_12_2272D	Septoglomus sp. | 4404_2057A	T3	T7	False	1.09	14.0	5.7	14.9	4.84
PX207261.1	PX214596.1	Septoglomus turnauae | Blasz_12_2272D	Septoglomus sp. | FS_9_2328B	T3	T5	False	1.15	17.71	5.06	11.57	5.38
PX207261.1	PX214597.1	Septoglomus turnauae | Blasz_12_2272D	Septoglomus sp. | FS_9_2328B	T3	T5	False	1.02	17.71	5.06	11.57	5.38
PX207261.1	PX214598.1	Septoglomus turnauae | Blasz_12_2272D	Septoglomus sp. | FS_9_2328B	T3	T5	False	0.88	17.71	5.06	11.57	5.38
PX207261.1	PX214599.1	Septoglomus turnauae | Blasz_12_2272D	Septoglomus sp. | 4404_2057A	T3	T4	False	0.68	11.01	1.27	16.16	7.13
PX207261.1	PX214600.1	Septoglomus turnauae | Blasz_12_2272D	Septoglomus sp. | 4404_2057A	T3	T4	False	0.68	11.01	1.27	15.72	7.13
PX207261.1	PX214601.1	Septoglomus turnauae | Blasz_12_2272D	Septoglomus sp. | FS_9_2328B	T3	T4	False	0.82	10.09	1.27	14.85	7.0
PX207261.1	PX214602.1	Septoglomus turnauae | Blasz_12_2272D	Septoglomus sp. | FS_9_2328B	T3	T4	False	0.75	11.93	1.27	16.16	6.73
PX207261.1	PX214603.1	Septoglomus turnauae | Blasz_12_2272D	Septoglomus sp. | Blasz_17_2277A	T3	T1	False	0.95	9.09	5.7	11.35	6.85
PX207261.1	PX214604.1	Septoglomus turnauae | Blasz_12_2272D	Septoglomus sp. | Blasz_17_2277A	T3	T1	False	0.95	9.09	5.7	11.35	6.85
PX207261.1	PX214605.1	Septoglomus turnauae | Blasz_12_2272D	Septoglomus sp. | Blasz_17_2277A	T3	T1	False	0.82	9.09	5.7	11.35	6.85
PX207261.1	PX214606.1	Septoglomus turnauae | Blasz_12_2272D	Septoglomus sp. | Blasz_17_2277A	T3	T1	False	0.95	9.09	5.7	11.35	6.98
PX207261.1	PX214607.1	Septoglomus turnauae | Blasz_12_2272D	Septoglomus sp. | Blasz_17_2277A	T3	T1	False	0.95	9.09	5.7	11.35	7.11
PX207261.1	PX214608.1	Septoglomus turnauae | Blasz_12_2272D	Septoglomus sp. | SO43BL	T3	T1	False	0.95	9.09	5.7	11.79	6.85
PX207261.1	PX214609.1	Septoglomus turnauae | Blasz_12_2272D	Septoglomus sp. | Blasz_17_2277A	T3	T2	False	0.75	11.01	1.27	11.35	6.72
PX207261.1	PX214610.1	Septoglomus turnauae | Blasz_12_2272D	Septoglomus sp. | SO43BL	T3	T2	False	0.75	11.93	1.27	11.79	6.45
PX207261.1	PX214611.1	Septoglomus turnauae | Blasz_12_2272D	Septoglomus sp. | SO43BL	T3	T2	False	0.75	9.17	1.27	11.79	6.44
PX207261.1	PX214612.1	Septoglomus turnauae | Blasz_12_2272D	Septoglomus sp. | SO43BL	T3	T2	False	0.75	9.17	1.27	11.35	6.31
PX207261.1	PX214613.1	Septoglomus turnauae | Blasz_12_2272D	Septoglomus sp. | SO43BL	T3	T2	False	0.75	11.01	1.27	11.35	6.31
PX207261.1	PX214614.1	Septoglomus turnauae | Blasz_12_2272D	Septoglomus sp. | SO43BL	T3	T2	False	0.75	11.01	1.27	11.79	6.44
PX207262.1	PX214595.1	Septoglomus turnauae | Blasz_12_2272D	Septoglomus sp. | 4404_2057A	T3	T7	False	1.09	14.0	5.7	14.9	4.84
PX207262.1	PX214596.1	Septoglomus turnauae | Blasz_12_2272D	Septoglomus sp. | FS_9_2328B	T3	T5	False	1.15	17.71	5.06	11.11	5.38
PX207262.1	PX214597.1	Septoglomus turnauae | Blasz_12_2272D	Septoglomus sp. | FS_9_2328B	T3	T5	False	1.02	17.71	5.06	11.11	5.38
PX207262.1	PX214598.1	Septoglomus turnauae | Blasz_12_2272D	Septoglomus sp. | FS_9_2328B	T3	T5	False	0.88	17.71	5.06	11.11	5.38
PX207262.1	PX214599.1	Septoglomus turnauae | Blasz_12_2272D	Septoglomus sp. | 4404_2057A	T3	T4	False	0.68	11.01	1.27	15.79	7.13
PX207262.1	PX214600.1	Septoglomus turnauae | Blasz_12_2272D	Septoglomus sp. | 4404_2057A	T3	T4	False	0.68	11.01	1.27	15.35	7.13
PX207262.1	PX214601.1	Septoglomus turnauae | Blasz_12_2272D	Septoglomus sp. | FS_9_2328B	T3	T4	False	0.82	10.09	1.27	14.47	7.0
PX207262.1	PX214602.1	Septoglomus turnauae | Blasz_12_2272D	Septoglomus sp. | FS_9_2328B	T3	T4	False	0.75	11.93	1.27	15.79	6.73
PX207262.1	PX214603.1	Septoglomus turnauae | Blasz_12_2272D	Septoglomus sp. | Blasz_17_2277A	T3	T1	False	0.95	9.09	5.7	11.84	6.85
PX207262.1	PX214604.1	Septoglomus turnauae | Blasz_12_2272D	Septoglomus sp. | Blasz_17_2277A	T3	T1	False	0.95	9.09	5.7	11.84	6.85
PX207262.1	PX214605.1	Septoglomus turnauae | Blasz_12_2272D	Septoglomus sp. | Blasz_17_2277A	T3	T1	False	0.82	9.09	5.7	11.84	6.85
PX207262.1	PX214606.1	Septoglomus turnauae | Blasz_12_2272D	Septoglomus sp. | Blasz_17_2277A	T3	T1	False	0.95	9.09	5.7	11.84	6.98
PX207262.1	PX214607.1	Septoglomus turnauae | Blasz_12_2272D	Septoglomus sp. | Blasz_17_2277A	T3	T1	False	0.95	9.09	5.7	11.84	7.11
PX207262.1	PX214608.1	Septoglomus turnauae | Blasz_12_2272D	Septoglomus sp. | SO43BL	T3	T1	False	0.95	9.09	5.7	11.84	6.85
PX207262.1	PX214609.1	Septoglomus turnauae | Blasz_12_2272D	Septoglomus sp. | Blasz_17_2277A	T3	T2	False	0.75	11.01	1.27	11.4	6.72
PX207262.1	PX214610.1	Septoglomus turnauae | Blasz_12_2272D	Septoglomus sp. | SO43BL	T3	T2	False	0.75	11.93	1.27	12.28	6.45
PX207262.1	PX214611.1	Septoglomus turnauae | Blasz_12_2272D	Septoglomus sp. | SO43BL	T3	T2	False	0.75	9.17	1.27	12.28	6.44
PX207262.1	PX214612.1	Septoglomus turnauae | Blasz_12_2272D	Septoglomus sp. | SO43BL	T3	T2	False	0.75	9.17	1.27	11.84	6.31
PX207262.1	PX214613.1	Septoglomus turnauae | Blasz_12_2272D	Septoglomus sp. | SO43BL	T3	T2	False	0.75	11.01	1.27	11.84	6.31
PX207262.1	PX214614.1	Septoglomus turnauae | Blasz_12_2272D	Septoglomus sp. | SO43BL	T3	T2	False	0.75	11.01	1.27	12.28	6.44
PX214595.1	PX214596.1	Septoglomus sp. | 4404_2057A	Septoglomus sp. | FS_9_2328B	T7	T5	False	0.07	8.33	0.63	7.69	1.08
PX214595.1	PX214597.1	Septoglomus sp. | 4404_2057A	Septoglomus sp. | FS_9_2328B	T7	T5	False	0.2	8.33	0.63	7.69	1.08
PX214595.1	PX214598.1	Septoglomus sp. | 4404_2057A	Septoglomus sp. | FS_9_2328B	T7	T5	False	0.34	8.33	0.63	7.69	1.08
PX214595.1	PX214599.1	Septoglomus sp. | 4404_2057A	Septoglomus sp. | 4404_2057A	T7	T4	True	0.54	18.0	5.7	16.83	3.5
PX214595.1	PX214600.1	Septoglomus sp. | 4404_2057A	Septoglomus sp. | 4404_2057A	T7	T4	True	0.54	18.0	5.7	17.31	3.23
PX214595.1	PX214601.1	Septoglomus sp. | 4404_2057A	Septoglomus sp. | FS_9_2328B	T7	T4	False	0.54	16.0	5.7	16.35	3.5
PX214595.1	PX214602.1	Septoglomus sp. | 4404_2057A	Septoglomus sp. | FS_9_2328B	T7	T4	False	0.48	20.0	5.7	15.87	3.5
PX214595.1	PX214603.1	Septoglomus sp. | 4404_2057A	Septoglomus sp. | Blasz_17_2277A	T7	T1	False	0.95	8.08	2.53	13.94	4.44
PX214595.1	PX214604.1	Septoglomus sp. | 4404_2057A	Septoglomus sp. | Blasz_17_2277A	T7	T1	False	0.95	8.08	2.53	13.94	4.7
PX214595.1	PX214605.1	Septoglomus sp. | 4404_2057A	Septoglomus sp. | Blasz_17_2277A	T7	T1	False	1.22	8.08	2.53	13.94	4.44
PX214595.1	PX214606.1	Septoglomus sp. | 4404_2057A	Septoglomus sp. | Blasz_17_2277A	T7	T1	False	0.95	8.08	2.53	13.94	4.44
PX214595.1	PX214607.1	Septoglomus sp. | 4404_2057A	Septoglomus sp. | Blasz_17_2277A	T7	T1	False	0.95	8.08	2.53	13.94	4.7
PX214595.1	PX214608.1	Septoglomus sp. | 4404_2057A	Septoglomus sp. | SO43BL	T7	T1	False	0.95	8.08	2.53	15.38	4.44
PX214595.1	PX214609.1	Septoglomus sp. | 4404_2057A	Septoglomus sp. | Blasz_17_2277A	T7	T2	False	1.15	15.0	5.7	20.67	4.57
PX214595.1	PX214610.1	Septoglomus sp. | 4404_2057A	Septoglomus sp. | SO43BL	T7	T2	False	1.15	16.0	5.7	20.67	4.3
PX214595.1	PX214611.1	Septoglomus sp. | 4404_2057A	Septoglomus sp. | SO43BL	T7	T2	False	1.15	15.0	5.7	20.19	4.3
PX214595.1	PX214612.1	Septoglomus sp. | 4404_2057A	Septoglomus sp. | SO43BL	T7	T2	False	1.15	15.0	5.7	20.67	4.17
PX214595.1	PX214613.1	Septoglomus sp. | 4404_2057A	Septoglomus sp. | SO43BL	T7	T2	False	1.15	17.0	5.7	20.67	4.17
PX214595.1	PX214614.1	Septoglomus sp. | 4404_2057A	Septoglomus sp. | SO43BL	T7	T2	False	1.15	17.0	5.7	20.67	4.3
PX214596.1	PX214597.1	Septoglomus sp. | FS_9_2328B	Septoglomus sp. | FS_9_2328B	T5	T5	True	0.14	0.0	0.0	0.0	0.0
PX214596.1	PX214598.1	Septoglomus sp. | FS_9_2328B	Septoglomus sp. | FS_9_2328B	T5	T5	True	0.27	0.0	0.0	0.0	0.0
PX214596.1	PX214599.1	Septoglomus sp. | FS_9_2328B	Septoglomus sp. | 4404_2057A	T5	T4	False	0.48	20.83	5.06	11.11	4.04
PX214596.1	PX214600.1	Septoglomus sp. | FS_9_2328B	Septoglomus sp. | 4404_2057A	T5	T4	False	0.48	20.83	5.06	10.65	3.77
PX214596.1	PX214601.1	Septoglomus sp. | FS_9_2328B	Septoglomus sp. | FS_9_2328B	T5	T4	True	0.48	18.75	5.06	9.72	3.5
PX214596.1	PX214602.1	Septoglomus sp. | FS_9_2328B	Septoglomus sp. | FS_9_2328B	T5	T4	True	0.41	22.92	5.06	8.33	3.5
PX214596.1	PX214603.1	Septoglomus sp. | FS_9_2328B	Septoglomus sp. | Blasz_17_2277A	T5	T1	False	0.88	12.5	1.9	10.19	5.24
PX214596.1	PX214604.1	Septoglomus sp. | FS_9_2328B	Septoglomus sp. | Blasz_17_2277A	T5	T1	False	0.88	12.5	1.9	10.19	5.38
PX214596.1	PX214605.1	Septoglomus sp. | FS_9_2328B	Septoglomus sp. | Blasz_17_2277A	T5	T1	False	1.15	12.5	1.9	10.19	5.24
PX214596.1	PX214606.1	Septoglomus sp. | FS_9_2328B	Septoglomus sp. | Blasz_17_2277A	T5	T1	False	0.88	12.5	1.9	10.19	5.24
PX214596.1	PX214607.1	Septoglomus sp. | FS_9_2328B	Septoglomus sp. | Blasz_17_2277A	T5	T1	False	0.88	12.5	1.9	10.19	5.51
PX214596.1	PX214608.1	Septoglomus sp. | FS_9_2328B	Septoglomus sp. | SO43BL	T5	T1	False	0.88	12.5	1.9	10.65	5.24
PX214596.1	PX214609.1	Septoglomus sp. | FS_9_2328B	Septoglomus sp. | Blasz_17_2277A	T5	T2	False	1.09	16.67	5.06	16.2	5.11
PX214596.1	PX214610.1	Septoglomus sp. | FS_9_2328B	Septoglomus sp. | SO43BL	T5	T2	False	1.09	18.75	5.06	17.13	4.84
PX214596.1	PX214611.1	Septoglomus sp. | FS_9_2328B	Septoglomus sp. | SO43BL	T5	T2	False	1.09	17.71	5.06	16.2	4.84
PX214596.1	PX214612.1	Septoglomus sp. | FS_9_2328B	Septoglomus sp. | SO43BL	T5	T2	False	1.09	17.71	5.06	16.67	4.7
PX214596.1	PX214613.1	Septoglomus sp. | FS_9_2328B	Septoglomus sp. | SO43BL	T5	T2	False	1.09	19.79	5.06	16.67	4.7
PX214596.1	PX214614.1	Septoglomus sp. | FS_9_2328B	Septoglomus sp. | SO43BL	T5	T2	False	1.09	19.79	5.06	16.67	4.84
PX214597.1	PX214598.1	Septoglomus sp. | FS_9_2328B	Septoglomus sp. | FS_9_2328B	T5	T5	True	0.14	0.0	0.0	0.0	0.0
PX214597.1	PX214599.1	Septoglomus sp. | FS_9_2328B	Septoglomus sp. | 4404_2057A	T5	T4	False	0.34	20.83	5.06	11.11	4.04
PX214597.1	PX214600.1	Septoglomus sp. | FS_9_2328B	Septoglomus sp. | 4404_2057A	T5	T4	False	0.34	20.83	5.06	10.65	3.77
PX214597.1	PX214601.1	Septoglomus sp. | FS_9_2328B	Septoglomus sp. | FS_9_2328B	T5	T4	True	0.34	18.75	5.06	9.72	3.5
PX214597.1	PX214602.1	Septoglomus sp. | FS_9_2328B	Septoglomus sp. | FS_9_2328B	T5	T4	True	0.27	22.92	5.06	8.33	3.5
PX214597.1	PX214603.1	Septoglomus sp. | FS_9_2328B	Septoglomus sp. | Blasz_17_2277A	T5	T1	False	0.88	12.5	1.9	10.19	5.24
PX214597.1	PX214604.1	Septoglomus sp. | FS_9_2328B	Septoglomus sp. | Blasz_17_2277A	T5	T1	False	0.88	12.5	1.9	10.19	5.38
PX214597.1	PX214605.1	Septoglomus sp. | FS_9_2328B	Septoglomus sp. | Blasz_17_2277A	T5	T1	False	1.02	12.5	1.9	10.19	5.24
PX214597.1	PX214606.1	Septoglomus sp. | FS_9_2328B	Septoglomus sp. | Blasz_17_2277A	T5	T1	False	0.88	12.5	1.9	10.19	5.24
PX214597.1	PX214607.1	Septoglomus sp. | FS_9_2328B	Septoglomus sp. | Blasz_17_2277A	T5	T1	False	0.88	12.5	1.9	10.19	5.51
PX214597.1	PX214608.1	Septoglomus sp. | FS_9_2328B	Septoglomus sp. | SO43BL	T5	T1	False	0.88	12.5	1.9	10.65	5.24
PX214597.1	PX214609.1	Septoglomus sp. | FS_9_2328B	Septoglomus sp. | Blasz_17_2277A	T5	T2	False	0.95	16.67	5.06	16.2	5.11
PX214597.1	PX214610.1	Septoglomus sp. | FS_9_2328B	Septoglomus sp. | SO43BL	T5	T2	False	0.95	18.75	5.06	17.13	4.84
PX214597.1	PX214611.1	Septoglomus sp. | FS_9_2328B	Septoglomus sp. | SO43BL	T5	T2	False	0.95	17.71	5.06	16.2	4.84
PX214597.1	PX214612.1	Septoglomus sp. | FS_9_2328B	Septoglomus sp. | SO43BL	T5	T2	False	0.95	17.71	5.06	16.67	4.7
PX214597.1	PX214613.1	Septoglomus sp. | FS_9_2328B	Septoglomus sp. | SO43BL	T5	T2	False	0.95	19.79	5.06	16.67	4.7
PX214597.1	PX214614.1	Septoglomus sp. | FS_9_2328B	Septoglomus sp. | SO43BL	T5	T2	False	0.95	19.79	5.06	16.67	4.84
PX214598.1	PX214599.1	Septoglomus sp. | FS_9_2328B	Septoglomus sp. | 4404_2057A	T5	T4	False	0.34	20.83	5.06	11.11	4.04
PX214598.1	PX214600.1	Septoglomus sp. | FS_9_2328B	Septoglomus sp. | 4404_2057A	T5	T4	False	0.34	20.83	5.06	10.65	3.77
PX214598.1	PX214601.1	Septoglomus sp. | FS_9_2328B	Septoglomus sp. | FS_9_2328B	T5	T4	True	0.2	18.75	5.06	9.72	3.5
PX214598.1	PX214602.1	Septoglomus sp. | FS_9_2328B	Septoglomus sp. | FS_9_2328B	T5	T4	True	0.27	22.92	5.06	8.33	3.5
PX214598.1	PX214603.1	Septoglomus sp. | FS_9_2328B	Septoglomus sp. | Blasz_17_2277A	T5	T1	False	1.02	12.5	1.9	10.19	5.24
PX214598.1	PX214604.1	Septoglomus sp. | FS_9_2328B	Septoglomus sp. | Blasz_17_2277A	T5	T1	False	1.02	12.5	1.9	10.19	5.38
PX214598.1	PX214605.1	Septoglomus sp. | FS_9_2328B	Septoglomus sp. | Blasz_17_2277A	T5	T1	False	1.02	12.5	1.9	10.19	5.24
PX214598.1	PX214606.1	Septoglomus sp. | FS_9_2328B	Septoglomus sp. | Blasz_17_2277A	T5	T1	False	1.02	12.5	1.9	10.19	5.24
PX214598.1	PX214607.1	Septoglomus sp. | FS_9_2328B	Septoglomus sp. | Blasz_17_2277A	T5	T1	False	1.02	12.5	1.9	10.19	5.51
PX214598.1	PX214608.1	Septoglomus sp. | FS_9_2328B	Septoglomus sp. | SO43BL	T5	T1	False	1.02	12.5	1.9	10.65	5.24
PX214598.1	PX214609.1	Septoglomus sp. | FS_9_2328B	Septoglomus sp. | Blasz_17_2277A	T5	T2	False	0.95	16.67	5.06	16.2	5.11
PX214598.1	PX214610.1	Septoglomus sp. | FS_9_2328B	Septoglomus sp. | SO43BL	T5	T2	False	0.95	18.75	5.06	17.13	4.84
PX214598.1	PX214611.1	Septoglomus sp. | FS_9_2328B	Septoglomus sp. | SO43BL	T5	T2	False	0.95	17.71	5.06	16.2	4.84
PX214598.1	PX214612.1	Septoglomus sp. | FS_9_2328B	Septoglomus sp. | SO43BL	T5	T2	False	0.95	17.71	5.06	16.67	4.7
PX214598.1	PX214613.1	Septoglomus sp. | FS_9_2328B	Septoglomus sp. | SO43BL	T5	T2	False	0.95	19.79	5.06	16.67	4.7
PX214598.1	PX214614.1	Septoglomus sp. | FS_9_2328B	Septoglomus sp. | SO43BL	T5	T2	False	0.95	19.79	5.06	16.67	4.84
PX214599.1	PX214600.1	Septoglomus sp. | 4404_2057A	Septoglomus sp. | 4404_2057A	T4	T4	True	0.0	0.0	0.0	0.43	0.27
PX214599.1	PX214601.1	Septoglomus sp. | 4404_2057A	Septoglomus sp. | FS_9_2328B	T4	T4	False	0.27	5.5	0.0	3.04	0.54
PX214599.1	PX214602.1	Septoglomus sp. | 4404_2057A	Septoglomus sp. | FS_9_2328B	T4	T4	False	0.2	6.25	0.0	4.78	0.81
PX214599.1	PX214603.1	Septoglomus sp. | 4404_2057A	Septoglomus sp. | Blasz_17_2277A	T4	T1	False	0.82	14.14	5.7	11.3	2.02
PX214599.1	PX214604.1	Septoglomus sp. | 4404_2057A	Septoglomus sp. | Blasz_17_2277A	T4	T1	False	0.82	14.14	5.7	11.3	2.29
PX214599.1	PX214605.1	Septoglomus sp. | 4404_2057A	Septoglomus sp. | Blasz_17_2277A	T4	T1	False	0.68	14.14	5.7	11.3	2.02
PX214599.1	PX214606.1	Septoglomus sp. | 4404_2057A	Septoglomus sp. | Blasz_17_2277A	T4	T1	False	0.82	14.14	5.7	11.3	2.02
PX214599.1	PX214607.1	Septoglomus sp. | 4404_2057A	Septoglomus sp. | Blasz_17_2277A	T4	T1	False	0.82	14.14	5.7	11.3	2.15
PX214599.1	PX214608.1	Septoglomus sp. | 4404_2057A	Septoglomus sp. | SO43BL	T4	T1	False	0.82	14.14	5.7	11.74	2.02
PX214599.1	PX214609.1	Septoglomus sp. | 4404_2057A	Septoglomus sp. | Blasz_17_2277A	T4	T2	False	0.61	8.18	0.0	13.04	2.02
PX214599.1	PX214610.1	Septoglomus sp. | 4404_2057A	Septoglomus sp. | SO43BL	T4	T2	False	0.61	8.04	0.0	13.91	2.02
PX214599.1	PX214611.1	Septoglomus sp. | 4404_2057A	Septoglomus sp. | SO43BL	T4	T2	False	0.61	5.45	0.0	13.04	1.75
PX214599.1	PX214612.1	Septoglomus sp. | 4404_2057A	Septoglomus sp. | SO43BL	T4	T2	False	0.61	5.45	0.0	13.48	1.88
PX214599.1	PX214613.1	Septoglomus sp. | 4404_2057A	Septoglomus sp. | SO43BL	T4	T2	False	0.61	7.14	0.0	13.48	1.88
PX214599.1	PX214614.1	Septoglomus sp. | 4404_2057A	Septoglomus sp. | SO43BL	T4	T2	False	0.61	7.14	0.0	13.48	1.75
PX214600.1	PX214601.1	Septoglomus sp. | 4404_2057A	Septoglomus sp. | FS_9_2328B	T4	T4	False	0.27	5.5	0.0	3.48	0.54
PX214600.1	PX214602.1	Septoglomus sp. | 4404_2057A	Septoglomus sp. | FS_9_2328B	T4	T4	False	0.2	6.25	0.0	5.22	0.81
PX214600.1	PX214603.1	Septoglomus sp. | 4404_2057A	Septoglomus sp. | Blasz_17_2277A	T4	T1	False	0.82	14.14	5.7	11.74	2.02
PX214600.1	PX214604.1	Septoglomus sp. | 4404_2057A	Septoglomus sp. | Blasz_17_2277A	T4	T1	False	0.82	14.14	5.7	11.74	2.29
PX214600.1	PX214605.1	Septoglomus sp. | 4404_2057A	Septoglomus sp. | Blasz_17_2277A	T4	T1	False	0.68	14.14	5.7	11.74	2.02
PX214600.1	PX214606.1	Septoglomus sp. | 4404_2057A	Septoglomus sp. | Blasz_17_2277A	T4	T1	False	0.82	14.14	5.7	11.74	2.02
PX214600.1	PX214607.1	Septoglomus sp. | 4404_2057A	Septoglomus sp. | Blasz_17_2277A	T4	T1	False	0.82	14.14	5.7	11.74	2.15
PX214600.1	PX214608.1	Septoglomus sp. | 4404_2057A	Septoglomus sp. | SO43BL	T4	T1	False	0.82	14.14	5.7	12.12	2.02
PX214600.1	PX214609.1	Septoglomus sp. | 4404_2057A	Septoglomus sp. | Blasz_17_2277A	T4	T2	False	0.61	8.18	0.0	13.36	2.02
PX214600.1	PX214610.1	Septoglomus sp. | 4404_2057A	Septoglomus sp. | SO43BL	T4	T2	False	0.61	8.04	0.0	14.22	2.02
PX214600.1	PX214611.1	Septoglomus sp. | 4404_2057A	Septoglomus sp. | SO43BL	T4	T2	False	0.61	5.45	0.0	13.36	1.75
PX214600.1	PX214612.1	Septoglomus sp. | 4404_2057A	Septoglomus sp. | SO43BL	T4	T2	False	0.61	5.45	0.0	13.79	1.88
PX214600.1	PX214613.1	Septoglomus sp. | 4404_2057A	Septoglomus sp. | SO43BL	T4	T2	False	0.61	7.14	0.0	13.79	1.88
PX214600.1	PX214614.1	Septoglomus sp. | 4404_2057A	Septoglomus sp. | SO43BL	T4	T2	False	0.61	7.14	0.0	13.79	1.75
PX214601.1	PX214602.1	Septoglomus sp. | FS_9_2328B	Septoglomus sp. | FS_9_2328B	T4	T4	True	0.2	3.67	0.0	4.78	0.27
PX214601.1	PX214603.1	Septoglomus sp. | FS_9_2328B	Septoglomus sp. | Blasz_17_2277A	T4	T1	False	1.09	10.1	5.7	10.0	2.02
PX214601.1	PX214604.1	Septoglomus sp. | FS_9_2328B	Septoglomus sp. | Blasz_17_2277A	T4	T1	False	1.09	10.1	5.7	10.0	2.15
PX214601.1	PX214605.1	Septoglomus sp. | FS_9_2328B	Septoglomus sp. | Blasz_17_2277A	T4	T1	False	0.95	10.1	5.7	10.0	2.02
PX214601.1	PX214606.1	Septoglomus sp. | FS_9_2328B	Septoglomus sp. | Blasz_17_2277A	T4	T1	False	1.09	10.1	5.7	10.0	2.02
PX214601.1	PX214607.1	Septoglomus sp. | FS_9_2328B	Septoglomus sp. | Blasz_17_2277A	T4	T1	False	1.09	10.1	5.7	10.0	2.29
PX214601.1	PX214608.1	Septoglomus sp. | FS_9_2328B	Septoglomus sp. | SO43BL	T4	T1	False	1.09	10.1	5.7	11.3	2.02
PX214601.1	PX214609.1	Septoglomus sp. | FS_9_2328B	Septoglomus sp. | Blasz_17_2277A	T4	T2	False	0.88	5.5	0.0	13.91	2.02
PX214601.1	PX214610.1	Septoglomus sp. | FS_9_2328B	Septoglomus sp. | SO43BL	T4	T2	False	0.88	6.42	0.0	14.78	2.02
PX214601.1	PX214611.1	Septoglomus sp. | FS_9_2328B	Septoglomus sp. | SO43BL	T4	T2	False	0.88	5.5	0.0	13.91	1.75
PX214601.1	PX214612.1	Septoglomus sp. | FS_9_2328B	Septoglomus sp. | SO43BL	T4	T2	False	0.88	5.5	0.0	14.35	1.88
PX214601.1	PX214613.1	Septoglomus sp. | FS_9_2328B	Septoglomus sp. | SO43BL	T4	T2	False	0.88	7.34	0.0	14.35	1.88
PX214601.1	PX214614.1	Septoglomus sp. | FS_9_2328B	Septoglomus sp. | SO43BL	T4	T2	False	0.88	7.34	0.0	14.35	1.75
PX214602.1	PX214603.1	Septoglomus sp. | FS_9_2328B	Septoglomus sp. | Blasz_17_2277A	T4	T1	False	1.02	14.14	5.7	12.61	1.75
PX214602.1	PX214604.1	Septoglomus sp. | FS_9_2328B	Septoglomus sp. | Blasz_17_2277A	T4	T1	False	1.02	14.14	5.7	12.61	1.88
PX214602.1	PX214605.1	Septoglomus sp. | FS_9_2328B	Septoglomus sp. | Blasz_17_2277A	T4	T1	False	0.88	14.14	5.7	12.61	1.75
PX214602.1	PX214606.1	Septoglomus sp. | FS_9_2328B	Septoglomus sp. | Blasz_17_2277A	T4	T1	False	1.02	14.14	5.7	12.61	1.75
PX214602.1	PX214607.1	Septoglomus sp. | FS_9_2328B	Septoglomus sp. | Blasz_17_2277A	T4	T1	False	1.02	14.14	5.7	12.61	2.02
PX214602.1	PX214608.1	Septoglomus sp. | FS_9_2328B	Septoglomus sp. | SO43BL	T4	T1	False	1.02	14.14	5.7	13.04	1.75
PX214602.1	PX214609.1	Septoglomus sp. | FS_9_2328B	Septoglomus sp. | Blasz_17_2277A	T4	T2	False	0.82	10.0	0.0	13.91	1.75
PX214602.1	PX214610.1	Septoglomus sp. | FS_9_2328B	Septoglomus sp. | SO43BL	T4	T2	False	0.82	9.82	0.0	14.78	1.75
PX214602.1	PX214611.1	Septoglomus sp. | FS_9_2328B	Septoglomus sp. | SO43BL	T4	T2	False	0.82	7.27	0.0	13.91	1.48
PX214602.1	PX214612.1	Septoglomus sp. | FS_9_2328B	Septoglomus sp. | SO43BL	T4	T2	False	0.82	7.27	0.0	14.35	1.62
PX214602.1	PX214613.1	Septoglomus sp. | FS_9_2328B	Septoglomus sp. | SO43BL	T4	T2	False	0.82	8.93	0.0	14.35	1.62
PX214602.1	PX214614.1	Septoglomus sp. | FS_9_2328B	Septoglomus sp. | SO43BL	T4	T2	False	0.82	8.93	0.0	14.35	1.48
PX214603.1	PX214604.1	Septoglomus sp. | Blasz_17_2277A	Septoglomus sp. | Blasz_17_2277A	T1	T1	True	0.0	0.0	0.0	0.0	0.27
PX214603.1	PX214605.1	Septoglomus sp. | Blasz_17_2277A	Septoglomus sp. | Blasz_17_2277A	T1	T1	True	0.27	0.0	0.0	0.0	0.0
PX214603.1	PX214606.1	Septoglomus sp. | Blasz_17_2277A	Septoglomus sp. | Blasz_17_2277A	T1	T1	True	0.0	0.0	0.0	0.0	0.4
PX214603.1	PX214607.1	Septoglomus sp. | Blasz_17_2277A	Septoglomus sp. | Blasz_17_2277A	T1	T1	True	0.0	0.0	0.0	0.0	0.81
PX214603.1	PX214608.1	Septoglomus sp. | Blasz_17_2277A	Septoglomus sp. | SO43BL	T1	T1	False	0.0	0.0	0.63	3.91	0.0
PX214603.1	PX214609.1	Septoglomus sp. | Blasz_17_2277A	Septoglomus sp. | Blasz_17_2277A	T1	T2	True	0.34	11.11	5.7	11.74	1.75
PX214603.1	PX214610.1	Septoglomus sp. | Blasz_17_2277A	Septoglomus sp. | SO43BL	T1	T2	False	0.34	12.12	5.7	11.74	1.75
PX214603.1	PX214611.1	Septoglomus sp. | Blasz_17_2277A	Septoglomus sp. | SO43BL	T1	T2	False	0.34	11.11	5.7	11.3	1.48
PX214603.1	PX214612.1	Septoglomus sp. | Blasz_17_2277A	Septoglomus sp. | SO43BL	T1	T2	False	0.34	11.11	5.7	11.74	1.61
PX214603.1	PX214613.1	Septoglomus sp. | Blasz_17_2277A	Septoglomus sp. | SO43BL	T1	T2	False	0.34	13.13	5.7	11.74	1.61
PX214603.1	PX214614.1	Septoglomus sp. | Blasz_17_2277A	Septoglomus sp. | SO43BL	T1	T2	False	0.34	13.13	5.7	11.74	1.48
PX214604.1	PX214605.1	Septoglomus sp. | Blasz_17_2277A	Septoglomus sp. | Blasz_17_2277A	T1	T1	True	0.27	0.0	0.0	0.0	0.27
PX214604.1	PX214606.1	Septoglomus sp. | Blasz_17_2277A	Septoglomus sp. | Blasz_17_2277A	T1	T1	True	0.0	0.0	0.0	0.0	0.67
PX214604.1	PX214607.1	Septoglomus sp. | Blasz_17_2277A	Septoglomus sp. | Blasz_17_2277A	T1	T1	True	0.0	0.0	0.0	0.0	0.67
PX214604.1	PX214608.1	Septoglomus sp. | Blasz_17_2277A	Septoglomus sp. | SO43BL	T1	T1	False	0.0	0.0	0.63	3.91	0.27
PX214604.1	PX214609.1	Septoglomus sp. | Blasz_17_2277A	Septoglomus sp. | Blasz_17_2277A	T1	T2	True	0.34	11.11	5.7	11.74	1.61
PX214604.1	PX214610.1	Septoglomus sp. | Blasz_17_2277A	Septoglomus sp. | SO43BL	T1	T2	False	0.34	12.12	5.7	11.74	1.61
PX214604.1	PX214611.1	Septoglomus sp. | Blasz_17_2277A	Septoglomus sp. | SO43BL	T1	T2	False	0.34	11.11	5.7	11.3	1.34
PX214604.1	PX214612.1	Septoglomus sp. | Blasz_17_2277A	Septoglomus sp. | SO43BL	T1	T2	False	0.34	11.11	5.7	11.74	1.48
PX214604.1	PX214613.1	Septoglomus sp. | Blasz_17_2277A	Septoglomus sp. | SO43BL	T1	T2	False	0.34	13.13	5.7	11.74	1.48
PX214604.1	PX214614.1	Septoglomus sp. | Blasz_17_2277A	Septoglomus sp. | SO43BL	T1	T2	False	0.34	13.13	5.7	11.74	1.34
PX214605.1	PX214606.1	Septoglomus sp. | Blasz_17_2277A	Septoglomus sp. | Blasz_17_2277A	T1	T1	True	0.27	0.0	0.0	0.0	0.4
PX214605.1	PX214607.1	Septoglomus sp. | Blasz_17_2277A	Septoglomus sp. | Blasz_17_2277A	T1	T1	True	0.27	0.0	0.0	0.0	0.81
PX214605.1	PX214608.1	Septoglomus sp. | Blasz_17_2277A	Septoglomus sp. | SO43BL	T1	T1	False	0.27	0.0	0.63	3.91	0.0
PX214605.1	PX214609.1	Septoglomus sp. | Blasz_17_2277A	Septoglomus sp. | Blasz_17_2277A	T1	T2	True	0.07	11.11	5.7	11.74	1.75
PX214605.1	PX214610.1	Septoglomus sp. | Blasz_17_2277A	Septoglomus sp. | SO43BL	T1	T2	False	0.07	12.12	5.7	11.74	1.75
PX214605.1	PX214611.1	Septoglomus sp. | Blasz_17_2277A	Septoglomus sp. | SO43BL	T1	T2	False	0.07	11.11	5.7	11.3	1.48
PX214605.1	PX214612.1	Septoglomus sp. | Blasz_17_2277A	Septoglomus sp. | SO43BL	T1	T2	False	0.07	11.11	5.7	11.74	1.61
PX214605.1	PX214613.1	Septoglomus sp. | Blasz_17_2277A	Septoglomus sp. | SO43BL	T1	T2	False	0.07	13.13	5.7	11.74	1.61
PX214605.1	PX214614.1	Septoglomus sp. | Blasz_17_2277A	Septoglomus sp. | SO43BL	T1	T2	False	0.07	13.13	5.7	11.74	1.48
PX214606.1	PX214607.1	Septoglomus sp. | Blasz_17_2277A	Septoglomus sp. | Blasz_17_2277A	T1	T1	True	0.0	0.0	0.0	0.0	0.4
PX214606.1	PX214608.1	Septoglomus sp. | Blasz_17_2277A	Septoglomus sp. | SO43BL	T1	T1	False	0.0	0.0	0.63	3.91	0.4
PX214606.1	PX214609.1	Septoglomus sp. | Blasz_17_2277A	Septoglomus sp. | Blasz_17_2277A	T1	T2	True	0.34	11.11	5.7	11.74	1.48
PX214606.1	PX214610.1	Septoglomus sp. | Blasz_17_2277A	Septoglomus sp. | SO43BL	T1	T2	False	0.34	12.12	5.7	11.74	1.48
PX214606.1	PX214611.1	Septoglomus sp. | Blasz_17_2277A	Septoglomus sp. | SO43BL	T1	T2	False	0.34	11.11	5.7	11.3	1.21
PX214606.1	PX214612.1	Septoglomus sp. | Blasz_17_2277A	Septoglomus sp. | SO43BL	T1	T2	False	0.34	11.11	5.7	11.74	1.34
PX214606.1	PX214613.1	Septoglomus sp. | Blasz_17_2277A	Septoglomus sp. | SO43BL	T1	T2	False	0.34	13.13	5.7	11.74	1.34
PX214606.1	PX214614.1	Septoglomus sp. | Blasz_17_2277A	Septoglomus sp. | SO43BL	T1	T2	False	0.34	13.13	5.7	11.74	1.21
PX214607.1	PX214608.1	Septoglomus sp. | Blasz_17_2277A	Septoglomus sp. | SO43BL	T1	T1	False	0.0	0.0	0.63	3.91	0.81
PX214607.1	PX214609.1	Septoglomus sp. | Blasz_17_2277A	Septoglomus sp. | Blasz_17_2277A	T1	T2	True	0.34	11.11	5.7	11.74	1.34
PX214607.1	PX214610.1	Septoglomus sp. | Blasz_17_2277A	Septoglomus sp. | SO43BL	T1	T2	False	0.34	12.12	5.7	11.74	1.34
PX214607.1	PX214611.1	Septoglomus sp. | Blasz_17_2277A	Septoglomus sp. | SO43BL	T1	T2	False	0.34	11.11	5.7	11.3	1.07
PX214607.1	PX214612.1	Septoglomus sp. | Blasz_17_2277A	Septoglomus sp. | SO43BL	T1	T2	False	0.34	11.11	5.7	11.74	1.21
PX214607.1	PX214613.1	Septoglomus sp. | Blasz_17_2277A	Septoglomus sp. | SO43BL	T1	T2	False	0.34	13.13	5.7	11.74	1.21
PX214607.1	PX214614.1	Septoglomus sp. | Blasz_17_2277A	Septoglomus sp. | SO43BL	T1	T2	False	0.34	13.13	5.7	11.74	1.07
PX214608.1	PX214609.1	Septoglomus sp. | SO43BL	Septoglomus sp. | Blasz_17_2277A	T1	T2	False	0.34	11.11	5.7	11.69	1.75
PX214608.1	PX214610.1	Septoglomus sp. | SO43BL	Septoglomus sp. | SO43BL	T1	T2	True	0.34	12.12	5.7	12.55	1.75
PX214608.1	PX214611.1	Septoglomus sp. | SO43BL	Septoglomus sp. | SO43BL	T1	T2	True	0.34	11.11	5.7	11.69	1.48
PX214608.1	PX214612.1	Septoglomus sp. | SO43BL	Septoglomus sp. | SO43BL	T1	T2	True	0.34	11.11	5.7	12.12	1.61
PX214608.1	PX214613.1	Septoglomus sp. | SO43BL	Septoglomus sp. | SO43BL	T1	T2	True	0.34	13.13	5.7	12.12	1.61
PX214608.1	PX214614.1	Septoglomus sp. | SO43BL	Septoglomus sp. | SO43BL	T1	T2	True	0.34	13.13	5.7	12.12	1.48
PX214609.1	PX214610.1	Septoglomus sp. | Blasz_17_2277A	Septoglomus sp. | SO43BL	T2	T2	False	0.0	1.82	0.0	0.83	0.54
PX214609.1	PX214611.1	Septoglomus sp. | Blasz_17_2277A	Septoglomus sp. | SO43BL	T2	T2	False	0.0	2.73	0.0	0.83	0.27
PX214609.1	PX214612.1	Septoglomus sp. | Blasz_17_2277A	Septoglomus sp. | SO43BL	T2	T2	False	0.0	2.73	0.0	0.41	0.4
PX214609.1	PX214613.1	Septoglomus sp. | Blasz_17_2277A	Septoglomus sp. | SO43BL	T2	T2	False	0.0	3.64	0.0	0.41	0.4
PX214609.1	PX214614.1	Septoglomus sp. | Blasz_17_2277A	Septoglomus sp. | SO43BL	T2	T2	False	0.0	3.64	0.0	0.83	0.27
PX214610.1	PX214611.1	Septoglomus sp. | SO43BL	Septoglomus sp. | SO43BL	T2	T2	True	0.0	3.64	0.0	0.82	0.27
PX214610.1	PX214612.1	Septoglomus sp. | SO43BL	Septoglomus sp. | SO43BL	T2	T2	True	0.0	3.64	0.0	0.41	0.13
PX214610.1	PX214613.1	Septoglomus sp. | SO43BL	Septoglomus sp. | SO43BL	T2	T2	True	0.0	1.79	0.0	0.41	0.13
PX214610.1	PX214614.1	Septoglomus sp. | SO43BL	Septoglomus sp. | SO43BL	T2	T2	True	0.0	1.79	0.0	0.82	0.27
PX214611.1	PX214612.1	Septoglomus sp. | SO43BL	Septoglomus sp. | SO43BL	T2	T2	True	0.0	0.0	0.0	0.41	0.13
PX214611.1	PX214613.1	Septoglomus sp. | SO43BL	Septoglomus sp. | SO43BL	T2	T2	True	0.0	1.82	0.0	0.41	0.13
PX214611.1	PX214614.1	Septoglomus sp. | SO43BL	Septoglomus sp. | SO43BL	T2	T2	True	0.0	1.82	0.0	0.41	0.0
PX214612.1	PX214613.1	Septoglomus sp. | SO43BL	Septoglomus sp. | SO43BL	T2	T2	True	0.0	1.82	0.0	0.0	0.0
PX214612.1	PX214614.1	Septoglomus sp. | SO43BL	Septoglomus sp. | SO43BL	T2	T2	True	0.0	1.82	0.0	0.41	0.13
PX214613.1	PX214614.1	Septoglomus sp. | SO43BL	Septoglomus sp. | SO43BL	T2	T2	True	0.0	0.0	0.0	0.41	0.13
