species_a	species_b	ITS_min	LSU_min	SSU_min	inseparable
Acaulospora morrowiae	Ambispora callosa	32.5	24.67	8.28	0
Acaulospora morrowiae	Ambispora leptoticha	32.57	24.67	8.14	0
Acaulospora morrowiae	Cetraspora gilmorei	28.74	19.94	6.41	0
Acaulospora morrowiae	Dentiscutata heterogama	29.88	21.15	6.54	0
Acaulospora morrowiae	Diversispora aestuarii	28.99	25.82	5.97	0
Acaulospora morrowiae	Diversispora arenaria	29.66	25.25	6.04	0
Acaulospora morrowiae	Diversispora celata	27.38	26.25	5.97	0
Acaulospora morrowiae	Diversispora eburnea	28.6	25.82	5.77	0
Acaulospora morrowiae	Diversispora epigaea	28.31	26.11	6.17	0
Acaulospora morrowiae	Diversispora jakucsiae	29.89	25.68	6.04	0
Acaulospora morrowiae	Diversispora spurca	27.87	26.39	5.9	0
Acaulospora morrowiae	Diversispora varaderana	28.38	26.11	5.97	0
Acaulospora morrowiae	Dominikia bonfanteae	31.51	26.53	8.01	0
Acaulospora morrowiae	Dominikia duoreactiva	30.59	25.53	8.16	0
Acaulospora morrowiae	Funneliformis caledonium	32.51	25.68	8.28	0
Acaulospora morrowiae	Funneliformis coronatus	33.03	25.11	8.41	0
Acaulospora morrowiae	Funneliformis geosporum	32.57	25.68	8.28	0
Acaulospora morrowiae	Funneliformis mosseae	33.49	25.39	8.21	0
Acaulospora morrowiae	Gigaspora rosea	29.5	20.8	6.26	0
Acaulospora morrowiae	Glomus chinense	31.65	26.25	8.35	0
Acaulospora morrowiae	Glomus macrocarpum	32.34	26.68	8.42	0
Acaulospora morrowiae	Glomus rugosae	32.11	26.11	8.42	0
Acaulospora morrowiae	Glomus tetrastratosum	31.05	26.96	8.22	0
Acaulospora morrowiae	Microdominikia litorea	28.96	26.53	8.7	0
Acaulospora morrowiae	Oehlia diaphana	30.0	26.11	8.77	0
Acaulospora morrowiae	Paraglomus brasilianum	36.65	26.5	10.04	0
Acaulospora morrowiae	Paraglomus laccatum	37.95	27.55	9.92	0
Acaulospora morrowiae	Rhizophagus intraradices	31.74	27.53	8.89	0
Acaulospora morrowiae	Rhizophagus irregularis	30.34	26.68	8.96	0
Acaulospora morrowiae	Rhizophagus prolifer	31.42	27.53	8.76	0
Acaulospora morrowiae	Rhizophagus silesianus	31.65	26.46	9.1	0
Acaulospora morrowiae	Sclerocystis sinuosa	32.34	26.82	8.49	0
Acaulospora morrowiae	Septoglomus africanum	30.18	26.82	8.7	0
Acaulospora morrowiae	Septoglomus turnauae	31.22	26.88	8.42	0
Acaulospora morrowiae	Septoglomus viscosum	31.1	25.82	8.83	0
Acaulospora morrowiae	[Rhizoglomus] vesiculiferum	30.96	26.68	8.76	0
Ambispora callosa	Ambispora leptoticha	9.22	1.32	0.61	0
Ambispora callosa	Cetraspora gilmorei	33.17	22.6	8.51	0
Ambispora callosa	Dentiscutata heterogama	32.03	22.93	8.99	0
Ambispora callosa	Diversispora aestuarii	33.77	29.66	8.88	0
Ambispora callosa	Diversispora arenaria	35.13	29.96	9.02	0
Ambispora callosa	Diversispora celata	32.58	29.96	9.02	0
Ambispora callosa	Diversispora eburnea	33.19	29.96	9.02	0
Ambispora callosa	Diversispora epigaea	34.0	30.25	9.22	0
Ambispora callosa	Diversispora jakucsiae	34.44	29.66	9.02	0
Ambispora callosa	Diversispora spurca	34.35	29.52	9.02	0
Ambispora callosa	Diversispora varaderana	33.77	29.66	8.89	0
Ambispora callosa	Dominikia bonfanteae	33.56	28.63	9.1	0
Ambispora callosa	Dominikia duoreactiva	33.26	29.52	9.66	0
Ambispora callosa	Funneliformis caledonium	35.43	28.63	9.7	0
Ambispora callosa	Funneliformis coronatus	34.98	28.34	9.63	0
Ambispora callosa	Funneliformis geosporum	35.57	28.93	9.7	0
Ambispora callosa	Funneliformis mosseae	34.85	28.93	9.63	0
Ambispora callosa	Gigaspora rosea	33.5	23.3	8.91	0
Ambispora callosa	Glomus chinense	32.73	29.07	9.71	0
Ambispora callosa	Glomus macrocarpum	32.44	29.22	9.64	0
Ambispora callosa	Glomus rugosae	32.89	29.07	9.58	0
Ambispora callosa	Glomus tetrastratosum	33.41	29.37	9.58	0
Ambispora callosa	Microdominikia litorea	34.02	27.31	9.99	0
Ambispora callosa	Oehlia diaphana	34.31	29.22	9.65	0
Ambispora callosa	Paraglomus brasilianum	38.43	24.08	7.39	0
Ambispora callosa	Paraglomus laccatum	37.82	24.19	7.4	0
Ambispora callosa	Rhizophagus intraradices	34.27	29.52	9.71	0
Ambispora callosa	Rhizophagus irregularis	34.61	28.93	10.05	0
Ambispora callosa	Rhizophagus prolifer	34.25	29.22	9.64	0
Ambispora callosa	Rhizophagus silesianus	35.38	28.93	10.18	0
Ambispora callosa	Sclerocystis sinuosa	33.97	28.49	9.64	0
Ambispora callosa	Septoglomus africanum	35.84	30.4	9.92	0
Ambispora callosa	Septoglomus turnauae	36.29	29.52	9.58	0
Ambispora callosa	Septoglomus viscosum	34.53	28.93	9.84	0
Ambispora callosa	[Rhizoglomus] vesiculiferum	34.2	28.63	9.98	0
Ambispora leptoticha	Cetraspora gilmorei	32.2	23.34	8.31	0
Ambispora leptoticha	Dentiscutata heterogama	32.04	23.52	8.65	0
Ambispora leptoticha	Diversispora aestuarii	33.85	29.96	8.88	0
Ambispora leptoticha	Diversispora arenaria	35.19	29.81	8.95	0
Ambispora leptoticha	Diversispora celata	32.58	30.1	9.02	0
Ambispora leptoticha	Diversispora eburnea	33.56	30.25	9.02	0
Ambispora leptoticha	Diversispora epigaea	34.22	30.25	9.08	0
Ambispora leptoticha	Diversispora jakucsiae	34.88	29.81	8.95	0
Ambispora leptoticha	Diversispora spurca	33.7	29.52	9.02	0
Ambispora leptoticha	Diversispora varaderana	34.14	29.81	8.89	0
Ambispora leptoticha	Dominikia bonfanteae	33.33	28.19	8.76	0
Ambispora leptoticha	Dominikia duoreactiva	33.18	28.78	9.3	0
Ambispora leptoticha	Funneliformis caledonium	35.28	28.63	9.42	0
Ambispora leptoticha	Funneliformis coronatus	35.39	28.34	9.29	0
Ambispora leptoticha	Funneliformis geosporum	35.28	28.78	9.36	0
Ambispora leptoticha	Funneliformis mosseae	35.67	28.78	9.29	0
Ambispora leptoticha	Gigaspora rosea	32.84	23.6	8.7	0
Ambispora leptoticha	Glomus chinense	32.73	29.22	9.57	0
Ambispora leptoticha	Glomus macrocarpum	32.64	29.22	9.57	0
Ambispora leptoticha	Glomus rugosae	32.96	29.22	9.44	0
Ambispora leptoticha	Glomus tetrastratosum	33.11	29.22	9.51	0
Ambispora leptoticha	Microdominikia litorea	33.64	27.46	9.65	0
Ambispora leptoticha	Oehlia diaphana	33.18	29.37	9.38	0
Ambispora leptoticha	Paraglomus brasilianum	39.05	23.64	7.33	0
Ambispora leptoticha	Paraglomus laccatum	37.27	23.64	7.2	0
Ambispora leptoticha	Rhizophagus intraradices	33.62	29.22	9.71	0
Ambispora leptoticha	Rhizophagus irregularis	33.84	28.49	9.98	0
Ambispora leptoticha	Rhizophagus prolifer	34.34	29.22	9.44	0
Ambispora leptoticha	Rhizophagus silesianus	35.38	28.49	9.98	0
Ambispora leptoticha	Sclerocystis sinuosa	34.83	28.19	9.37	0
Ambispora leptoticha	Septoglomus africanum	36.09	30.54	9.78	0
Ambispora leptoticha	Septoglomus turnauae	35.21	29.52	9.44	0
Ambispora leptoticha	Septoglomus viscosum	35.48	29.22	9.57	0
Ambispora leptoticha	[Rhizoglomus] vesiculiferum	33.99	27.9	9.91	0
Cetraspora gilmorei	Dentiscutata heterogama	15.37	6.36	0.89	0
Cetraspora gilmorei	Diversispora aestuarii	30.98	26.59	6.81	0
Cetraspora gilmorei	Diversispora arenaria	30.95	25.7	6.61	0
Cetraspora gilmorei	Diversispora celata	29.4	26.88	6.07	0
Cetraspora gilmorei	Diversispora eburnea	30.73	27.33	6.27	0
Cetraspora gilmorei	Diversispora epigaea	30.9	26.74	6.68	0
Cetraspora gilmorei	Diversispora jakucsiae	31.5	26.0	6.68	0
Cetraspora gilmorei	Diversispora spurca	30.92	26.29	6.48	0
Cetraspora gilmorei	Diversispora varaderana	30.98	26.44	6.75	0
Cetraspora gilmorei	Dominikia bonfanteae	31.73	27.73	7.91	0
Cetraspora gilmorei	Dominikia duoreactiva	29.76	27.43	7.7	0
Cetraspora gilmorei	Funneliformis caledonium	31.33	25.85	7.83	0
Cetraspora gilmorei	Funneliformis coronatus	30.98	25.26	8.04	0
Cetraspora gilmorei	Funneliformis geosporum	30.79	26.0	7.97	0
Cetraspora gilmorei	Funneliformis mosseae	30.51	25.48	8.04	0
Cetraspora gilmorei	Gigaspora rosea	13.9	6.65	1.43	0
Cetraspora gilmorei	Glomus chinense	31.5	25.33	7.84	0
Cetraspora gilmorei	Glomus macrocarpum	31.4	25.77	7.83	0
Cetraspora gilmorei	Glomus rugosae	31.71	25.48	7.7	0
Cetraspora gilmorei	Glomus tetrastratosum	30.77	25.04	7.77	0
Cetraspora gilmorei	Microdominikia litorea	28.78	25.18	8.32	0
Cetraspora gilmorei	Oehlia diaphana	29.27	26.36	8.45	0
Cetraspora gilmorei	Paraglomus brasilianum	35.85	24.48	9.41	0
Cetraspora gilmorei	Paraglomus laccatum	35.08	25.85	9.13	0
Cetraspora gilmorei	Rhizophagus intraradices	30.49	27.25	8.59	0
Cetraspora gilmorei	Rhizophagus irregularis	30.77	27.1	8.72	0
Cetraspora gilmorei	Rhizophagus prolifer	30.6	27.39	8.58	0
Cetraspora gilmorei	Rhizophagus silesianus	31.71	27.1	9.0	0
Cetraspora gilmorei	Sclerocystis sinuosa	31.95	28.61	8.65	0
Cetraspora gilmorei	Septoglomus africanum	31.22	26.95	8.45	0
Cetraspora gilmorei	Septoglomus turnauae	32.53	26.88	8.45	0
Cetraspora gilmorei	Septoglomus viscosum	30.43	26.51	8.65	0
Cetraspora gilmorei	[Rhizoglomus] vesiculiferum	30.77	27.58	8.66	0
Dentiscutata heterogama	Diversispora aestuarii	30.62	26.63	6.34	0
Dentiscutata heterogama	Diversispora arenaria	29.83	25.15	6.27	0
Dentiscutata heterogama	Diversispora celata	29.83	26.33	5.86	0
Dentiscutata heterogama	Diversispora eburnea	30.32	26.33	5.99	0
Dentiscutata heterogama	Diversispora epigaea	29.58	26.78	6.27	0
Dentiscutata heterogama	Diversispora jakucsiae	29.58	25.3	6.34	0
Dentiscutata heterogama	Diversispora spurca	29.83	26.04	6.06	0
Dentiscutata heterogama	Diversispora varaderana	30.32	26.63	6.27	0
Dentiscutata heterogama	Dominikia bonfanteae	30.47	26.63	8.11	0
Dentiscutata heterogama	Dominikia duoreactiva	29.37	27.22	7.77	0
Dentiscutata heterogama	Funneliformis caledonium	31.8	25.74	7.97	0
Dentiscutata heterogama	Funneliformis coronatus	30.58	24.7	8.31	0
Dentiscutata heterogama	Funneliformis geosporum	31.2	26.04	8.04	0
Dentiscutata heterogama	Funneliformis mosseae	31.31	25.15	8.17	0
Dentiscutata heterogama	Gigaspora rosea	8.91	4.88	1.43	0
Dentiscutata heterogama	Glomus chinense	31.46	25.0	7.9	0
Dentiscutata heterogama	Glomus macrocarpum	32.04	25.44	7.97	0
Dentiscutata heterogama	Glomus rugosae	31.31	24.56	7.9	0
Dentiscutata heterogama	Glomus tetrastratosum	30.58	25.0	8.04	0
Dentiscutata heterogama	Microdominikia litorea	28.88	24.11	8.24	0
Dentiscutata heterogama	Oehlia diaphana	29.24	26.33	8.24	0
Dentiscutata heterogama	Paraglomus brasilianum	36.34	25.15	9.47	0
Dentiscutata heterogama	Paraglomus laccatum	36.34	25.44	9.26	0
Dentiscutata heterogama	Rhizophagus intraradices	29.85	26.48	8.31	0
Dentiscutata heterogama	Rhizophagus irregularis	29.85	26.63	8.65	0
Dentiscutata heterogama	Rhizophagus prolifer	29.85	27.07	8.38	0
Dentiscutata heterogama	Rhizophagus silesianus	31.07	26.78	8.99	0
Dentiscutata heterogama	Sclerocystis sinuosa	30.47	28.25	8.58	0
Dentiscutata heterogama	Septoglomus africanum	33.01	26.18	8.99	0
Dentiscutata heterogama	Septoglomus turnauae	33.25	26.48	8.79	0
Dentiscutata heterogama	Septoglomus viscosum	32.19	25.3	8.79	0
Dentiscutata heterogama	[Rhizoglomus] vesiculiferum	30.58	26.48	8.58	0
Diversispora aestuarii	Diversispora arenaria	5.05	6.47	0.68	0
Diversispora aestuarii	Diversispora celata	7.1	6.69	1.15	0
Diversispora aestuarii	Diversispora eburnea	7.98	5.74	0.95	0
Diversispora aestuarii	Diversispora epigaea	5.05	5.87	1.02	0
Diversispora aestuarii	Diversispora jakucsiae	5.74	6.72	0.61	0
Diversispora aestuarii	Diversispora spurca	7.71	6.56	0.95	0
Diversispora aestuarii	Diversispora varaderana	1.1	1.09	0.0	1
Diversispora aestuarii	Dominikia bonfanteae	30.53	26.23	8.01	0
Diversispora aestuarii	Dominikia duoreactiva	31.03	27.01	7.95	0
Diversispora aestuarii	Funneliformis caledonium	34.66	26.29	7.87	0
Diversispora aestuarii	Funneliformis coronatus	33.11	25.89	8.01	0
Diversispora aestuarii	Funneliformis geosporum	33.26	25.92	7.8	0
Diversispora aestuarii	Funneliformis mosseae	34.22	25.92	7.94	0
Diversispora aestuarii	Gigaspora rosea	30.37	26.14	6.05	0
Diversispora aestuarii	Glomus chinense	32.82	25.65	7.88	0
Diversispora aestuarii	Glomus macrocarpum	31.42	25.78	7.88	0
Diversispora aestuarii	Glomus rugosae	31.61	25.38	7.74	0
Diversispora aestuarii	Glomus tetrastratosum	31.13	26.06	7.88	0
Diversispora aestuarii	Microdominikia litorea	30.32	25.34	8.08	0
Diversispora aestuarii	Oehlia diaphana	30.87	24.28	7.61	0
Diversispora aestuarii	Paraglomus brasilianum	36.78	28.55	9.77	0
Diversispora aestuarii	Paraglomus laccatum	38.19	30.66	9.65	0
Diversispora aestuarii	Rhizophagus intraradices	31.87	26.6	7.88	0
Diversispora aestuarii	Rhizophagus irregularis	31.94	26.06	7.94	0
Diversispora aestuarii	Rhizophagus prolifer	32.16	26.47	7.88	0
Diversispora aestuarii	Rhizophagus silesianus	31.5	26.88	8.21	0
Diversispora aestuarii	Sclerocystis sinuosa	32.97	27.15	7.6	0
Diversispora aestuarii	Septoglomus africanum	32.38	25.65	8.02	0
Diversispora aestuarii	Septoglomus turnauae	33.26	25.1	7.95	0
Diversispora aestuarii	Septoglomus viscosum	31.43	26.06	7.54	0
Diversispora aestuarii	[Rhizoglomus] vesiculiferum	31.06	26.19	7.88	0
Diversispora arenaria	Diversispora celata	7.54	5.51	1.02	0
Diversispora arenaria	Diversispora eburnea	7.78	4.82	0.88	0
Diversispora arenaria	Diversispora epigaea	6.81	6.2	1.08	0
Diversispora arenaria	Diversispora jakucsiae	3.48	0.83	0.07	1
Diversispora arenaria	Diversispora spurca	8.13	6.34	0.75	0
Diversispora arenaria	Diversispora varaderana	5.46	6.34	0.75	0
Diversispora arenaria	Dominikia bonfanteae	30.86	26.03	8.01	0
Diversispora arenaria	Dominikia duoreactiva	31.03	26.58	7.81	0
Diversispora arenaria	Funneliformis caledonium	33.84	26.58	7.94	0
Diversispora arenaria	Funneliformis coronatus	33.62	26.45	8.01	0
Diversispora arenaria	Funneliformis geosporum	34.27	26.45	7.94	0
Diversispora arenaria	Funneliformis mosseae	34.48	26.31	7.94	0
Diversispora arenaria	Gigaspora rosea	30.02	25.11	5.99	0
Diversispora arenaria	Glomus chinense	31.83	25.76	7.67	0
Diversispora arenaria	Glomus macrocarpum	30.96	25.76	7.74	0
Diversispora arenaria	Glomus rugosae	31.56	25.48	7.68	0
Diversispora arenaria	Glomus tetrastratosum	31.13	26.72	7.68	0
Diversispora arenaria	Microdominikia litorea	30.94	24.93	8.08	0
Diversispora arenaria	Oehlia diaphana	31.54	24.93	7.68	0
Diversispora arenaria	Paraglomus brasilianum	38.15	29.28	9.84	0
Diversispora arenaria	Paraglomus laccatum	38.79	30.07	9.78	0
Diversispora arenaria	Rhizophagus intraradices	31.47	26.31	7.67	0
Diversispora arenaria	Rhizophagus irregularis	30.59	26.03	7.81	0
Diversispora arenaria	Rhizophagus prolifer	32.61	27.0	7.67	0
Diversispora arenaria	Rhizophagus silesianus	32.76	27.27	8.15	0
Diversispora arenaria	Sclerocystis sinuosa	33.41	27.0	7.6	0
Diversispora arenaria	Septoglomus africanum	32.11	25.9	8.15	0
Diversispora arenaria	Septoglomus turnauae	33.41	25.34	8.08	0
Diversispora arenaria	Septoglomus viscosum	31.9	25.79	7.74	0
Diversispora arenaria	[Rhizoglomus] vesiculiferum	30.07	26.45	7.61	0
Diversispora celata	Diversispora eburnea	4.21	3.42	0.14	0
Diversispora celata	Diversispora epigaea	7.98	6.0	1.36	0
Diversispora celata	Diversispora jakucsiae	7.76	6.04	0.95	0
Diversispora celata	Diversispora spurca	8.09	6.68	0.75	0
Diversispora celata	Diversispora varaderana	5.99	7.09	1.15	0
Diversispora celata	Dominikia bonfanteae	30.09	26.68	8.28	0
Diversispora celata	Dominikia duoreactiva	30.13	26.7	7.88	0
Diversispora celata	Funneliformis caledonium	32.43	26.64	8.01	0
Diversispora celata	Funneliformis coronatus	31.98	26.16	8.07	0
Diversispora celata	Funneliformis geosporum	32.58	26.7	8.07	0
Diversispora celata	Funneliformis mosseae	32.88	26.64	8.01	0
Diversispora celata	Gigaspora rosea	29.63	26.14	5.92	0
Diversispora celata	Glomus chinense	31.26	26.09	7.88	0
Diversispora celata	Glomus macrocarpum	30.5	25.96	7.81	0
Diversispora celata	Glomus rugosae	31.03	25.82	7.74	0
Diversispora celata	Glomus tetrastratosum	30.02	26.91	7.74	0
Diversispora celata	Microdominikia litorea	28.41	25.21	8.15	0
Diversispora celata	Oehlia diaphana	30.24	25.41	7.82	0
Diversispora celata	Paraglomus brasilianum	37.53	28.84	9.77	0
Diversispora celata	Paraglomus laccatum	37.56	30.22	9.71	0
Diversispora celata	Rhizophagus intraradices	31.13	26.5	7.74	0
Diversispora celata	Rhizophagus irregularis	30.63	25.96	7.94	0
Diversispora celata	Rhizophagus prolifer	32.13	26.91	7.88	0
Diversispora celata	Rhizophagus silesianus	31.18	27.19	8.15	0
Diversispora celata	Sclerocystis sinuosa	32.23	27.42	7.81	0
Diversispora celata	Septoglomus africanum	31.24	25.96	8.22	0
Diversispora celata	Septoglomus turnauae	31.35	25.41	8.08	0
Diversispora celata	Septoglomus viscosum	30.46	26.09	7.74	0
Diversispora celata	[Rhizoglomus] vesiculiferum	30.56	26.5	7.81	0
Diversispora eburnea	Diversispora epigaea	7.76	5.18	1.15	0
Diversispora eburnea	Diversispora jakucsiae	7.52	5.21	0.81	0
Diversispora eburnea	Diversispora spurca	8.89	5.46	0.68	0
Diversispora eburnea	Diversispora varaderana	7.1	5.73	0.95	0
Diversispora eburnea	Dominikia bonfanteae	30.63	26.7	8.15	0
Diversispora eburnea	Dominikia duoreactiva	30.58	27.66	7.81	0
Diversispora eburnea	Funneliformis caledonium	33.63	26.57	8.01	0
Diversispora eburnea	Funneliformis coronatus	32.29	26.16	8.07	0
Diversispora eburnea	Funneliformis geosporum	33.33	26.7	8.07	0
Diversispora eburnea	Funneliformis mosseae	32.96	26.84	8.01	0
Diversispora eburnea	Gigaspora rosea	30.25	26.25	6.05	0
Diversispora eburnea	Glomus chinense	31.15	26.19	7.88	0
Diversispora eburnea	Glomus macrocarpum	30.96	26.33	7.88	0
Diversispora eburnea	Glomus rugosae	30.94	26.09	7.74	0
Diversispora eburnea	Glomus tetrastratosum	30.6	27.11	7.74	0
Diversispora eburnea	Microdominikia litorea	29.37	25.48	8.15	0
Diversispora eburnea	Oehlia diaphana	31.04	25.78	7.82	0
Diversispora eburnea	Paraglomus brasilianum	37.33	29.28	9.63	0
Diversispora eburnea	Paraglomus laccatum	38.22	30.22	9.65	0
Diversispora eburnea	Rhizophagus intraradices	31.56	26.6	7.67	0
Diversispora eburnea	Rhizophagus irregularis	31.11	26.47	7.88	0
Diversispora eburnea	Rhizophagus prolifer	32.23	27.15	7.81	0
Diversispora eburnea	Rhizophagus silesianus	31.79	27.56	8.08	0
Diversispora eburnea	Sclerocystis sinuosa	32.07	27.79	7.74	0
Diversispora eburnea	Septoglomus africanum	31.86	25.65	8.15	0
Diversispora eburnea	Septoglomus turnauae	32.96	25.38	7.95	0
Diversispora eburnea	Septoglomus viscosum	31.33	26.43	7.6	0
Diversispora eburnea	[Rhizoglomus] vesiculiferum	31.18	26.6	7.74	0
Diversispora epigaea	Diversispora jakucsiae	5.96	6.58	1.02	0
Diversispora epigaea	Diversispora spurca	7.46	7.09	1.15	0
Diversispora epigaea	Diversispora varaderana	5.05	6.0	1.02	0
Diversispora epigaea	Dominikia bonfanteae	30.63	25.92	8.15	0
Diversispora epigaea	Dominikia duoreactiva	30.65	26.47	7.74	0
Diversispora epigaea	Funneliformis caledonium	34.21	26.47	7.87	0
Diversispora epigaea	Funneliformis coronatus	32.96	25.65	8.01	0
Diversispora epigaea	Funneliformis geosporum	33.85	26.33	7.8	0
Diversispora epigaea	Funneliformis mosseae	34.73	26.06	7.94	0
Diversispora epigaea	Gigaspora rosea	29.5	26.55	6.05	0
Diversispora epigaea	Glomus chinense	32.73	25.38	7.94	0
Diversispora epigaea	Glomus macrocarpum	31.42	25.38	7.94	0
Diversispora epigaea	Glomus rugosae	31.84	25.38	7.74	0
Diversispora epigaea	Glomus tetrastratosum	31.57	25.92	7.88	0
Diversispora epigaea	Microdominikia litorea	30.68	25.48	8.08	0
Diversispora epigaea	Oehlia diaphana	30.87	24.42	7.61	0
Diversispora epigaea	Paraglomus brasilianum	36.56	29.58	9.84	0
Diversispora epigaea	Paraglomus laccatum	37.56	30.8	9.85	0
Diversispora epigaea	Rhizophagus intraradices	32.74	26.74	7.88	0
Diversispora epigaea	Rhizophagus irregularis	32.3	25.78	8.01	0
Diversispora epigaea	Rhizophagus prolifer	32.16	26.57	7.74	0
Diversispora epigaea	Rhizophagus silesianus	32.67	26.74	8.15	0
Diversispora epigaea	Sclerocystis sinuosa	32.53	26.88	7.88	0
Diversispora epigaea	Septoglomus africanum	33.11	25.38	8.02	0
Diversispora epigaea	Septoglomus turnauae	33.99	24.97	7.95	0
Diversispora epigaea	Septoglomus viscosum	32.3	25.24	7.47	0
Diversispora epigaea	[Rhizoglomus] vesiculiferum	31.19	25.78	7.88	0
Diversispora jakucsiae	Diversispora spurca	7.28	6.58	0.75	0
Diversispora jakucsiae	Diversispora varaderana	5.52	6.58	0.68	0
Diversispora jakucsiae	Dominikia bonfanteae	30.86	25.93	8.08	0
Diversispora jakucsiae	Dominikia duoreactiva	30.36	26.34	7.88	0
Diversispora jakucsiae	Funneliformis caledonium	34.66	26.34	7.87	0
Diversispora jakucsiae	Funneliformis coronatus	33.11	26.2	7.87	0
Diversispora jakucsiae	Funneliformis geosporum	34.22	26.34	7.94	0
Diversispora jakucsiae	Funneliformis mosseae	34.35	26.2	7.8	0
Diversispora jakucsiae	Gigaspora rosea	30.02	25.26	6.12	0
Diversispora jakucsiae	Glomus chinense	32.51	26.06	7.81	0
Diversispora jakucsiae	Glomus macrocarpum	30.96	26.06	7.88	0
Diversispora jakucsiae	Glomus rugosae	31.75	25.65	7.74	0
Diversispora jakucsiae	Glomus tetrastratosum	32.01	27.02	7.74	0
Diversispora jakucsiae	Microdominikia litorea	30.47	24.69	8.15	0
Diversispora jakucsiae	Oehlia diaphana	31.32	24.97	7.82	0
Diversispora jakucsiae	Paraglomus brasilianum	37.53	29.14	9.91	0
Diversispora jakucsiae	Paraglomus laccatum	38.85	29.88	9.85	0
Diversispora jakucsiae	Rhizophagus intraradices	32.89	26.2	7.74	0
Diversispora jakucsiae	Rhizophagus irregularis	31.57	26.06	7.94	0
Diversispora jakucsiae	Rhizophagus prolifer	32.39	26.89	7.74	0
Diversispora jakucsiae	Rhizophagus silesianus	32.89	27.3	8.21	0
Diversispora jakucsiae	Sclerocystis sinuosa	32.45	26.89	7.67	0
Diversispora jakucsiae	Septoglomus africanum	33.11	25.51	8.08	0
Diversispora jakucsiae	Septoglomus turnauae	34.22	24.97	8.02	0
Diversispora jakucsiae	Septoglomus viscosum	31.57	25.65	7.67	0
Diversispora jakucsiae	[Rhizoglomus] vesiculiferum	29.85	26.34	7.68	0
Diversispora spurca	Diversispora varaderana	7.05	6.55	0.95	0
Diversispora spurca	Dominikia bonfanteae	31.72	25.2	8.21	0
Diversispora spurca	Dominikia duoreactiva	31.51	25.88	7.95	0
Diversispora spurca	Funneliformis caledonium	34.57	25.88	7.94	0
Diversispora spurca	Funneliformis coronatus	33.48	25.61	8.14	0
Diversispora spurca	Funneliformis geosporum	34.14	25.75	7.87	0
Diversispora spurca	Funneliformis mosseae	33.85	26.02	7.94	0
Diversispora spurca	Gigaspora rosea	30.25	26.14	5.99	0
Diversispora spurca	Glomus chinense	31.38	26.26	8.01	0
Diversispora spurca	Glomus macrocarpum	31.42	25.78	8.01	0
Diversispora spurca	Glomus rugosae	31.84	25.82	7.88	0
Diversispora spurca	Glomus tetrastratosum	31.13	26.06	7.95	0
Diversispora spurca	Microdominikia litorea	30.49	25.34	8.15	0
Diversispora spurca	Oehlia diaphana	31.57	24.93	7.95	0
Diversispora spurca	Paraglomus brasilianum	37.42	28.55	9.7	0
Diversispora spurca	Paraglomus laccatum	37.64	30.07	9.65	0
Diversispora spurca	Rhizophagus intraradices	33.11	26.9	7.81	0
Diversispora spurca	Rhizophagus irregularis	31.3	25.88	8.01	0
Diversispora spurca	Rhizophagus prolifer	31.73	26.59	8.01	0
Diversispora spurca	Rhizophagus silesianus	32.01	26.59	8.21	0
Diversispora spurca	Sclerocystis sinuosa	32.83	27.2	7.74	0
Diversispora spurca	Septoglomus africanum	32.53	25.78	8.15	0
Diversispora spurca	Septoglomus turnauae	33.7	26.29	8.08	0
Diversispora spurca	Septoglomus viscosum	31.87	26.42	7.81	0
Diversispora spurca	[Rhizoglomus] vesiculiferum	30.94	26.15	7.88	0
Diversispora varaderana	Dominikia bonfanteae	30.97	26.19	7.94	0
Diversispora varaderana	Dominikia duoreactiva	30.8	27.15	7.88	0
Diversispora varaderana	Funneliformis caledonium	34.06	26.33	8.01	0
Diversispora varaderana	Funneliformis coronatus	32.82	25.72	8.01	0
Diversispora varaderana	Funneliformis geosporum	33.48	26.19	7.94	0
Diversispora varaderana	Funneliformis mosseae	34.14	25.78	7.94	0
Diversispora varaderana	Gigaspora rosea	30.37	26.0	5.99	0
Diversispora varaderana	Glomus chinense	32.73	25.65	7.81	0
Diversispora varaderana	Glomus macrocarpum	31.19	25.51	7.81	0
Diversispora varaderana	Glomus rugosae	31.61	25.14	7.68	0
Diversispora varaderana	Glomus tetrastratosum	31.35	26.06	7.81	0
Diversispora varaderana	Microdominikia litorea	30.32	25.21	8.02	0
Diversispora varaderana	Oehlia diaphana	30.65	24.83	7.48	0
Diversispora varaderana	Paraglomus brasilianum	37.15	28.7	9.77	0
Diversispora varaderana	Paraglomus laccatum	38.11	30.66	9.65	0
Diversispora varaderana	Rhizophagus intraradices	32.09	26.74	7.74	0
Diversispora varaderana	Rhizophagus irregularis	30.95	26.19	7.81	0
Diversispora varaderana	Rhizophagus prolifer	32.01	26.6	7.74	0
Diversispora varaderana	Rhizophagus silesianus	31.35	27.01	8.08	0
Diversispora varaderana	Sclerocystis sinuosa	33.12	27.15	7.54	0
Diversispora varaderana	Septoglomus africanum	32.68	25.51	8.15	0
Diversispora varaderana	Septoglomus turnauae	33.33	25.38	8.02	0
Diversispora varaderana	Septoglomus viscosum	31.79	26.06	7.47	0
Diversispora varaderana	[Rhizoglomus] vesiculiferum	30.5	26.33	7.81	0
Dominikia bonfanteae	Dominikia duoreactiva	8.33	5.27	1.63	0
Dominikia bonfanteae	Funneliformis caledonium	30.41	13.96	3.87	0
Dominikia bonfanteae	Funneliformis coronatus	27.48	14.0	4.07	0
Dominikia bonfanteae	Funneliformis geosporum	29.05	14.0	3.8	0
Dominikia bonfanteae	Funneliformis mosseae	28.15	14.65	4.07	0
Dominikia bonfanteae	Gigaspora rosea	30.5	27.03	7.76	0
Dominikia bonfanteae	Glomus chinense	22.44	16.05	3.67	0
Dominikia bonfanteae	Glomus macrocarpum	21.7	16.23	3.74	0
Dominikia bonfanteae	Glomus rugosae	22.42	15.96	3.74	0
Dominikia bonfanteae	Glomus tetrastratosum	22.94	15.83	4.14	0
Dominikia bonfanteae	Microdominikia litorea	13.09	9.21	2.72	0
Dominikia bonfanteae	Oehlia diaphana	22.75	12.94	3.54	0
Dominikia bonfanteae	Paraglomus brasilianum	34.96	28.55	9.71	0
Dominikia bonfanteae	Paraglomus laccatum	35.62	29.2	9.51	0
Dominikia bonfanteae	Rhizophagus intraradices	24.32	13.32	3.73	0
Dominikia bonfanteae	Rhizophagus irregularis	23.35	13.96	3.94	0
Dominikia bonfanteae	Rhizophagus prolifer	24.32	14.93	3.6	0
Dominikia bonfanteae	Rhizophagus silesianus	25.9	15.47	4.14	0
Dominikia bonfanteae	Sclerocystis sinuosa	22.3	15.25	3.67	0
Dominikia bonfanteae	Septoglomus africanum	28.38	14.09	4.62	0
Dominikia bonfanteae	Septoglomus turnauae	29.05	15.05	4.55	0
Dominikia bonfanteae	Septoglomus viscosum	28.98	15.5	4.89	0
Dominikia bonfanteae	[Rhizoglomus] vesiculiferum	23.57	14.91	3.8	0
Dominikia duoreactiva	Funneliformis caledonium	30.71	16.62	3.67	0
Dominikia duoreactiva	Funneliformis coronatus	27.46	16.73	3.81	0
Dominikia duoreactiva	Funneliformis geosporum	29.46	16.62	3.74	0
Dominikia duoreactiva	Funneliformis mosseae	28.12	17.16	3.74	0
Dominikia duoreactiva	Gigaspora rosea	28.5	27.18	7.48	0
Dominikia duoreactiva	Glomus chinense	21.68	16.87	3.19	0
Dominikia duoreactiva	Glomus macrocarpum	21.33	17.05	3.06	0
Dominikia duoreactiva	Glomus rugosae	22.37	16.92	2.99	0
Dominikia duoreactiva	Glomus tetrastratosum	22.49	17.03	3.67	0
Dominikia duoreactiva	Microdominikia litorea	14.22	11.38	2.31	0
Dominikia duoreactiva	Oehlia diaphana	20.36	14.58	3.47	0
Dominikia duoreactiva	Paraglomus brasilianum	36.64	29.43	10.18	0
Dominikia duoreactiva	Paraglomus laccatum	35.71	30.36	9.92	0
Dominikia duoreactiva	Rhizophagus intraradices	23.28	15.76	3.53	0
Dominikia duoreactiva	Rhizophagus irregularis	22.32	15.58	3.4	0
Dominikia duoreactiva	Rhizophagus prolifer	24.1	16.42	3.26	0
Dominikia duoreactiva	Rhizophagus silesianus	24.68	16.96	3.74	0
Dominikia duoreactiva	Sclerocystis sinuosa	22.77	16.35	3.6	0
Dominikia duoreactiva	Septoglomus africanum	28.12	15.41	4.15	0
Dominikia duoreactiva	Septoglomus turnauae	29.1	16.76	4.22	0
Dominikia duoreactiva	Septoglomus viscosum	27.57	16.73	4.21	0
Dominikia duoreactiva	[Rhizoglomus] vesiculiferum	22.54	16.4	2.99	0
Funneliformis caledonium	Funneliformis coronatus	11.86	3.09	0.61	0
Funneliformis caledonium	Funneliformis geosporum	7.69	2.02	0.07	0
Funneliformis caledonium	Funneliformis mosseae	10.66	2.55	0.47	0
Funneliformis caledonium	Gigaspora rosea	30.85	25.96	7.55	0
Funneliformis caledonium	Glomus chinense	29.13	13.23	3.33	0
Funneliformis caledonium	Glomus macrocarpum	30.65	14.05	3.19	0
Funneliformis caledonium	Glomus rugosae	29.13	13.64	3.19	0
Funneliformis caledonium	Glomus tetrastratosum	29.36	13.51	3.67	0
Funneliformis caledonium	Microdominikia litorea	29.66	15.18	4.08	0
Funneliformis caledonium	Oehlia diaphana	30.68	12.91	4.01	0
Funneliformis caledonium	Paraglomus brasilianum	38.48	30.45	10.31	0
Funneliformis caledonium	Paraglomus laccatum	37.7	31.53	9.92	0
Funneliformis caledonium	Rhizophagus intraradices	29.96	15.35	4.21	0
Funneliformis caledonium	Rhizophagus irregularis	29.89	15.02	4.34	0
Funneliformis caledonium	Rhizophagus prolifer	30.51	15.2	3.94	0
Funneliformis caledonium	Rhizophagus silesianus	32.26	16.01	4.55	0
Funneliformis caledonium	Sclerocystis sinuosa	30.77	18.08	4.62	0
Funneliformis caledonium	Septoglomus africanum	23.03	11.14	2.45	0
Funneliformis caledonium	Septoglomus turnauae	23.34	11.96	2.51	0
Funneliformis caledonium	Septoglomus viscosum	25.79	10.92	3.12	0
Funneliformis caledonium	[Rhizoglomus] vesiculiferum	30.44	15.9	4.34	0
Funneliformis coronatus	Funneliformis geosporum	13.7	3.63	0.68	0
Funneliformis coronatus	Funneliformis mosseae	6.71	2.69	0.34	0
Funneliformis coronatus	Gigaspora rosea	31.34	25.11	7.82	0
Funneliformis coronatus	Glomus chinense	28.6	13.78	3.46	0
Funneliformis coronatus	Glomus macrocarpum	28.21	14.19	3.19	0
Funneliformis coronatus	Glomus rugosae	27.98	13.92	3.19	0
Funneliformis coronatus	Glomus tetrastratosum	29.36	13.51	3.6	0
Funneliformis coronatus	Microdominikia litorea	28.41	15.31	4.35	0
Funneliformis coronatus	Oehlia diaphana	30.02	13.76	4.21	0
Funneliformis coronatus	Paraglomus brasilianum	38.02	30.01	10.31	0
Funneliformis coronatus	Paraglomus laccatum	37.63	30.66	9.92	0
Funneliformis coronatus	Rhizophagus intraradices	28.97	15.9	4.48	0
Funneliformis coronatus	Rhizophagus irregularis	29.24	15.16	4.41	0
Funneliformis coronatus	Rhizophagus prolifer	29.37	15.6	4.14	0
Funneliformis coronatus	Rhizophagus silesianus	31.62	15.88	4.55	0
Funneliformis coronatus	Sclerocystis sinuosa	29.21	17.95	4.75	0
Funneliformis coronatus	Septoglomus africanum	22.49	11.68	2.72	0
Funneliformis coronatus	Septoglomus turnauae	22.49	12.1	2.72	0
Funneliformis coronatus	Septoglomus viscosum	26.18	11.59	3.12	0
Funneliformis coronatus	[Rhizoglomus] vesiculiferum	29.03	15.9	4.55	0
Funneliformis geosporum	Funneliformis mosseae	13.7	3.63	0.54	0
Funneliformis geosporum	Gigaspora rosea	29.82	26.25	7.62	0
Funneliformis geosporum	Glomus chinense	29.05	13.92	3.26	0
Funneliformis geosporum	Glomus macrocarpum	29.59	14.46	3.26	0
Funneliformis geosporum	Glomus rugosae	29.45	13.8	3.26	0
Funneliformis geosporum	Glomus tetrastratosum	29.14	14.17	3.74	0
Funneliformis geosporum	Microdominikia litorea	28.19	15.31	4.08	0
Funneliformis geosporum	Oehlia diaphana	30.53	13.32	3.94	0
Funneliformis geosporum	Paraglomus brasilianum	37.24	30.31	10.18	0
Funneliformis geosporum	Paraglomus laccatum	38.58	30.95	9.78	0
Funneliformis geosporum	Rhizophagus intraradices	30.39	15.35	4.28	0
Funneliformis geosporum	Rhizophagus irregularis	29.46	15.16	4.41	0
Funneliformis geosporum	Rhizophagus prolifer	29.53	15.2	4.07	0
Funneliformis geosporum	Rhizophagus silesianus	31.41	16.15	4.55	0
Funneliformis geosporum	Sclerocystis sinuosa	30.28	18.35	4.75	0
Funneliformis geosporum	Septoglomus africanum	23.72	11.81	2.51	0
Funneliformis geosporum	Septoglomus turnauae	23.94	12.1	2.51	0
Funneliformis geosporum	Septoglomus viscosum	26.84	10.78	3.19	0
Funneliformis geosporum	[Rhizoglomus] vesiculiferum	30.11	15.72	4.48	0
Funneliformis mosseae	Gigaspora rosea	31.5	25.81	7.69	0
Funneliformis mosseae	Glomus chinense	27.77	13.78	3.26	0
Funneliformis mosseae	Glomus macrocarpum	27.56	14.19	2.99	0
Funneliformis mosseae	Glomus rugosae	27.23	14.05	2.99	0
Funneliformis mosseae	Glomus tetrastratosum	27.65	13.51	3.33	0
Funneliformis mosseae	Microdominikia litorea	27.52	15.45	4.21	0
Funneliformis mosseae	Oehlia diaphana	30.4	13.76	3.94	0
Funneliformis mosseae	Paraglomus brasilianum	37.42	29.87	10.31	0
Funneliformis mosseae	Paraglomus laccatum	36.96	31.09	9.92	0
Funneliformis mosseae	Rhizophagus intraradices	28.76	16.3	4.28	0
Funneliformis mosseae	Rhizophagus irregularis	28.99	15.7	4.07	0
Funneliformis mosseae	Rhizophagus prolifer	29.09	15.88	3.94	0
Funneliformis mosseae	Rhizophagus silesianus	30.56	16.15	4.28	0
Funneliformis mosseae	Sclerocystis sinuosa	28.78	18.62	4.41	0
Funneliformis mosseae	Septoglomus africanum	21.88	11.29	2.72	0
Funneliformis mosseae	Septoglomus turnauae	20.82	11.69	2.65	0
Funneliformis mosseae	Septoglomus viscosum	25.15	10.65	2.99	0
Funneliformis mosseae	[Rhizoglomus] vesiculiferum	29.49	16.3	4.28	0
Gigaspora rosea	Glomus chinense	31.0	24.96	7.48	0
Gigaspora rosea	Glomus macrocarpum	31.48	25.41	7.48	0
Gigaspora rosea	Glomus rugosae	31.14	25.26	7.35	0
Gigaspora rosea	Glomus tetrastratosum	30.27	24.63	7.55	0
Gigaspora rosea	Microdominikia litorea	28.88	24.04	8.1	0
Gigaspora rosea	Oehlia diaphana	28.54	26.29	8.1	0
Gigaspora rosea	Paraglomus brasilianum	34.5	24.96	9.72	0
Gigaspora rosea	Paraglomus laccatum	34.95	25.41	9.38	0
Gigaspora rosea	Rhizophagus intraradices	30.5	26.7	8.16	0
Gigaspora rosea	Rhizophagus irregularis	30.0	26.44	8.3	0
Gigaspora rosea	Rhizophagus prolifer	29.57	26.99	8.1	0
Gigaspora rosea	Rhizophagus silesianus	31.5	26.44	8.57	0
Gigaspora rosea	Sclerocystis sinuosa	30.34	27.62	8.16	0
Gigaspora rosea	Septoglomus africanum	30.83	26.29	8.37	0
Gigaspora rosea	Septoglomus turnauae	31.75	26.59	8.37	0
Gigaspora rosea	Septoglomus viscosum	31.25	26.11	8.44	0
Gigaspora rosea	[Rhizoglomus] vesiculiferum	31.0	26.29	8.44	0
Glomus chinense	Glomus macrocarpum	5.87	2.18	0.27	1
Glomus chinense	Glomus rugosae	4.95	1.36	0.2	1
Glomus chinense	Glomus tetrastratosum	14.19	5.87	1.22	0
Glomus chinense	Microdominikia litorea	23.25	13.7	3.53	0
Glomus chinense	Oehlia diaphana	24.15	12.4	3.81	0
Glomus chinense	Paraglomus brasilianum	35.89	29.87	10.45	0
Glomus chinense	Paraglomus laccatum	35.67	30.51	10.26	0
Glomus chinense	Rhizophagus intraradices	23.08	13.92	3.94	0
Glomus chinense	Rhizophagus irregularis	24.12	14.73	4.07	0
Glomus chinense	Rhizophagus prolifer	23.54	13.76	3.8	0
Glomus chinense	Rhizophagus silesianus	24.15	15.83	4.21	0
Glomus chinense	Sclerocystis sinuosa	25.28	15.28	4.82	0
Glomus chinense	Septoglomus africanum	29.91	14.73	4.01	0
Glomus chinense	Septoglomus turnauae	28.21	14.19	3.8	0
Glomus chinense	Septoglomus viscosum	27.99	13.51	4.07	0
Glomus chinense	[Rhizoglomus] vesiculiferum	23.45	14.19	3.94	0
Glomus macrocarpum	Glomus rugosae	1.38	1.36	0.07	1
Glomus macrocarpum	Glomus tetrastratosum	14.25	6.96	1.02	0
Glomus macrocarpum	Microdominikia litorea	22.48	14.38	3.4	0
Glomus macrocarpum	Oehlia diaphana	23.39	12.96	3.74	0
Glomus macrocarpum	Paraglomus brasilianum	35.4	29.87	10.6	0
Glomus macrocarpum	Paraglomus laccatum	35.4	30.66	10.39	0
Glomus macrocarpum	Rhizophagus intraradices	22.71	14.73	3.94	0
Glomus macrocarpum	Rhizophagus irregularis	23.17	15.69	3.8	0
Glomus macrocarpum	Rhizophagus prolifer	23.91	15.01	3.53	0
Glomus macrocarpum	Rhizophagus silesianus	24.83	16.92	3.94	0
Glomus macrocarpum	Sclerocystis sinuosa	25.62	16.51	4.62	0
Glomus macrocarpum	Septoglomus africanum	30.3	15.69	3.8	0
Glomus macrocarpum	Septoglomus turnauae	29.36	15.01	3.67	0
Glomus macrocarpum	Septoglomus viscosum	27.75	14.87	4.07	0
Glomus macrocarpum	[Rhizoglomus] vesiculiferum	23.62	15.42	3.67	0
Glomus rugosae	Glomus tetrastratosum	14.51	6.14	1.02	0
Glomus rugosae	Microdominikia litorea	22.9	13.56	3.4	0
Glomus rugosae	Oehlia diaphana	23.44	12.3	3.67	0
Glomus rugosae	Paraglomus brasilianum	34.92	29.43	10.53	0
Glomus rugosae	Paraglomus laccatum	35.6	30.22	10.33	0
Glomus rugosae	Rhizophagus intraradices	23.28	14.05	4.01	0
Glomus rugosae	Rhizophagus irregularis	23.99	15.28	3.8	0
Glomus rugosae	Rhizophagus prolifer	23.9	14.6	3.53	0
Glomus rugosae	Rhizophagus silesianus	24.79	16.51	4.01	0
Glomus rugosae	Sclerocystis sinuosa	25.45	15.96	4.68	0
Glomus rugosae	Septoglomus africanum	30.13	15.28	3.8	0
Glomus rugosae	Septoglomus turnauae	28.29	14.73	3.67	0
Glomus rugosae	Septoglomus viscosum	27.19	13.64	3.94	0
Glomus rugosae	[Rhizoglomus] vesiculiferum	24.03	14.87	3.67	0
Glomus tetrastratosum	Microdominikia litorea	22.83	13.97	4.21	0
Glomus tetrastratosum	Oehlia diaphana	24.6	13.23	4.21	0
Glomus tetrastratosum	Paraglomus brasilianum	36.28	30.01	10.46	0
Glomus tetrastratosum	Paraglomus laccatum	37.19	31.09	10.13	0
Glomus tetrastratosum	Rhizophagus intraradices	23.83	15.28	4.48	0
Glomus tetrastratosum	Rhizophagus irregularis	23.16	15.01	4.42	0
Glomus tetrastratosum	Rhizophagus prolifer	23.83	14.32	4.21	0
Glomus tetrastratosum	Rhizophagus silesianus	23.23	15.55	4.76	0
Glomus tetrastratosum	Sclerocystis sinuosa	27.62	17.05	4.82	0
Glomus tetrastratosum	Septoglomus africanum	29.4	13.78	4.42	0
Glomus tetrastratosum	Septoglomus turnauae	27.97	13.78	4.28	0
Glomus tetrastratosum	Septoglomus viscosum	27.75	13.23	4.62	0
Glomus tetrastratosum	[Rhizoglomus] vesiculiferum	23.95	15.01	4.35	0
Microdominikia litorea	Oehlia diaphana	22.8	13.32	3.81	0
Microdominikia litorea	Paraglomus brasilianum	35.65	29.28	10.19	0
Microdominikia litorea	Paraglomus laccatum	34.61	29.49	9.87	0
Microdominikia litorea	Rhizophagus intraradices	24.09	14.93	3.53	0
Microdominikia litorea	Rhizophagus irregularis	21.82	15.71	3.94	0
Microdominikia litorea	Rhizophagus prolifer	23.54	14.34	3.33	0
Microdominikia litorea	Rhizophagus silesianus	24.38	16.03	3.94	0
Microdominikia litorea	Sclerocystis sinuosa	24.43	15.99	4.08	0
Microdominikia litorea	Septoglomus africanum	29.15	14.88	4.76	0
Microdominikia litorea	Septoglomus turnauae	29.08	15.03	4.55	0
Microdominikia litorea	Septoglomus viscosum	30.04	14.66	4.82	0
Microdominikia litorea	[Rhizoglomus] vesiculiferum	21.59	16.16	3.53	0
Oehlia diaphana	Paraglomus brasilianum	34.67	30.45	10.27	0
Oehlia diaphana	Paraglomus laccatum	36.36	30.36	10.2	0
Oehlia diaphana	Rhizophagus intraradices	21.43	10.9	2.04	0
Oehlia diaphana	Rhizophagus irregularis	19.41	11.72	2.18	0
Oehlia diaphana	Rhizophagus prolifer	20.81	9.96	2.31	0
Oehlia diaphana	Rhizophagus silesianus	23.02	12.09	2.38	0
Oehlia diaphana	Sclerocystis sinuosa	21.22	13.45	2.18	0
Oehlia diaphana	Septoglomus africanum	29.27	14.13	4.28	0
Oehlia diaphana	Septoglomus turnauae	29.49	13.08	4.08	0
Oehlia diaphana	Septoglomus viscosum	29.48	12.26	4.35	0
Oehlia diaphana	[Rhizoglomus] vesiculiferum	20.77	11.85	2.18	0
Paraglomus brasilianum	Paraglomus laccatum	20.45	11.13	0.75	0
Paraglomus brasilianum	Rhizophagus intraradices	37.28	29.28	9.98	0
Paraglomus brasilianum	Rhizophagus irregularis	36.17	30.01	10.39	0
Paraglomus brasilianum	Rhizophagus prolifer	36.42	28.84	10.39	0
Paraglomus brasilianum	Rhizophagus silesianus	36.54	30.01	10.73	0
Paraglomus brasilianum	Sclerocystis sinuosa	36.32	30.31	10.39	0
Paraglomus brasilianum	Septoglomus africanum	38.43	31.04	10.26	0
Paraglomus brasilianum	Septoglomus turnauae	38.07	30.75	9.92	0
Paraglomus brasilianum	Septoglomus viscosum	38.07	30.45	9.91	0
Paraglomus brasilianum	[Rhizoglomus] vesiculiferum	36.38	30.01	10.59	0
Paraglomus laccatum	Rhizophagus intraradices	37.93	30.07	9.92	0
Paraglomus laccatum	Rhizophagus irregularis	35.96	30.66	10.26	0
Paraglomus laccatum	Rhizophagus prolifer	37.72	29.78	10.26	0
Paraglomus laccatum	Rhizophagus silesianus	36.75	30.51	10.53	0
Paraglomus laccatum	Sclerocystis sinuosa	36.32	31.49	10.26	0
Paraglomus laccatum	Septoglomus africanum	38.24	32.26	9.99	0
Paraglomus laccatum	Septoglomus turnauae	38.83	31.39	9.65	0
Paraglomus laccatum	Septoglomus viscosum	39.52	30.36	9.85	0
Paraglomus laccatum	[Rhizoglomus] vesiculiferum	37.04	30.66	10.39	0
Rhizophagus intraradices	Rhizophagus irregularis	12.82	5.71	1.29	0
Rhizophagus intraradices	Rhizophagus prolifer	8.42	3.67	1.09	0
Rhizophagus intraradices	Rhizophagus silesianus	15.3	6.25	1.36	0
Rhizophagus intraradices	Sclerocystis sinuosa	21.34	9.92	2.38	0
Rhizophagus intraradices	Septoglomus africanum	30.04	16.17	4.62	0
Rhizophagus intraradices	Septoglomus turnauae	30.26	15.62	4.48	0
Rhizophagus intraradices	Septoglomus viscosum	29.06	14.54	4.48	0
Rhizophagus intraradices	[Rhizoglomus] vesiculiferum	12.28	5.43	1.49	0
Rhizophagus irregularis	Rhizophagus prolifer	12.99	5.29	1.7	0
Rhizophagus irregularis	Rhizophagus silesianus	9.31	3.39	1.02	0
Rhizophagus irregularis	Sclerocystis sinuosa	20.47	9.61	2.1	0
Rhizophagus irregularis	Septoglomus africanum	30.11	15.43	4.62	0
Rhizophagus irregularis	Septoglomus turnauae	29.41	14.61	4.69	0
Rhizophagus irregularis	Septoglomus viscosum	28.84	14.61	4.48	0
Rhizophagus irregularis	[Rhizoglomus] vesiculiferum	3.25	2.44	0.34	1
Rhizophagus prolifer	Rhizophagus silesianus	15.98	5.83	1.63	0
Rhizophagus prolifer	Sclerocystis sinuosa	21.6	10.31	2.58	0
Rhizophagus prolifer	Septoglomus africanum	30.39	16.42	4.76	0
Rhizophagus prolifer	Septoglomus turnauae	30.44	15.47	4.62	0
Rhizophagus prolifer	Septoglomus viscosum	30.23	13.84	4.62	0
Rhizophagus prolifer	[Rhizoglomus] vesiculiferum	12.96	5.29	1.77	0
Rhizophagus silesianus	Sclerocystis sinuosa	21.37	10.85	2.44	0
Rhizophagus silesianus	Septoglomus africanum	30.56	17.23	4.96	0
Rhizophagus silesianus	Septoglomus turnauae	30.77	16.42	4.82	0
Rhizophagus silesianus	Septoglomus viscosum	29.91	15.33	4.62	0
Rhizophagus silesianus	[Rhizoglomus] vesiculiferum	9.64	3.66	1.22	0
Sclerocystis sinuosa	Septoglomus africanum	30.92	19.03	5.37	0
Sclerocystis sinuosa	Septoglomus turnauae	30.7	18.35	5.3	0
Sclerocystis sinuosa	Septoglomus viscosum	31.41	16.33	5.09	0
Sclerocystis sinuosa	[Rhizoglomus] vesiculiferum	20.9	10.16	2.24	0
Septoglomus africanum	Septoglomus turnauae	7.65	6.05	0.75	0
Septoglomus africanum	Septoglomus viscosum	21.22	9.16	1.9	0
Septoglomus africanum	[Rhizoglomus] vesiculiferum	30.02	16.71	4.69	0
Septoglomus turnauae	Septoglomus viscosum	18.91	9.03	1.83	0
Septoglomus turnauae	[Rhizoglomus] vesiculiferum	29.62	15.08	4.82	0
Septoglomus viscosum	[Rhizoglomus] vesiculiferum	28.3	14.81	4.55	0
